{"type": "FeatureCollection", "features": [{"type": "Feature", "geometry": {"type": "LineString", "coordinates": [[-74.46613, 40.51455], [-74.46612, 40.51458], [-74.46605, 40.51469], [-74.4658, 40.51474], [-74.4656, 40.51478], [-74.46558, 40.51478], [-74.46543, 40.51481], [-74.4652, 40.51484], [-74.46487, 40.51486], [-74.46464, 40.51488], [-74.46389, 40.51493], [-74.46334, 40.51496], [-74.46292, 40.51497], [-74.46267, 40.515], [-74.46248, 40.51502], [-74.4624, 40.51503], [-74.46237, 40.51504], [-74.46227, 40.51505], [-74.46203, 40.51509], [-74.46175, 40.51515], [-74.46157, 40.5152], [-74.46144, 40.51523], [-74.46107, 40.51532], [-74.46028, 40.51553], [-74.4602, 40.51555], [-74.46016, 40.51556], [-74.45994, 40.51562], [-74.45979, 40.51567], [-74.45969, 40.51571], [-74.45963, 40.51575], [-74.45958, 40.51579], [-74.45952, 40.51584], [-74.45946, 40.51591], [-74.45943, 40.51596], [-74.45942, 40.51599], [-74.45939, 40.51604], [-74.45938, 40.51609], [-74.45937, 40.5161], [-74.45937, 40.51611], [-74.45937, 40.51613], [-74.45936, 40.51616], [-74.45936, 40.51621], [-74.45935, 40.51626], [-74.45935, 40.51637], [-74.45936, 40.51646], [-74.45926, 40.51646], [-74.45916, 40.51647], [-74.45903, 40.51649], [-74.45897, 40.5165], [-74.45888, 40.51652], [-74.45883, 40.51653], [-74.45875, 40.51655], [-74.45862, 40.5166], [-74.45855, 40.51663], [-74.4585, 40.51666], [-74.45842, 40.5167], [-74.45838, 40.51671], [-74.45776, 40.51713], [-74.45771, 40.51717], [-74.45754, 40.51729], [-74.45745, 40.51735], [-74.45738, 40.51739], [-74.45728, 40.51744], [-74.45715, 40.51749], [-74.45703, 40.51751], [-74.45688, 40.51751], [-74.45675, 40.51753], [-74.45664, 40.51753], [-74.45657, 40.51753], [-74.45649, 40.51752], [-74.45645, 40.51751], [-74.45643, 40.51751], [-74.45633, 40.51748], [-74.45632, 40.51747], [-74.4563, 40.51747], [-74.45626, 40.51745], [-74.45623, 40.51744], [-74.45616, 40.51741], [-74.45613, 40.51739], [-74.45611, 40.51738], [-74.45607, 40.51735], [-74.45605, 40.51734], [-74.45597, 40.51727], [-74.45596, 40.51726], [-74.45595, 40.51725], [-74.45592, 40.51722], [-74.45585, 40.51714], [-74.4558, 40.51705], [-74.45579, 40.51703], [-74.45576, 40.51695], [-74.45575, 40.51689], [-74.45574, 40.51681], [-74.45574, 40.51676], [-74.45574, 40.51675], [-74.45575, 40.51671], [-74.45578, 40.5166], [-74.45581, 40.51654], [-74.45584, 40.5165], [-74.45587, 40.51646], [-74.45587, 40.51645], [-74.45597, 40.51634], [-74.4561, 40.51624], [-74.4561, 40.51623], [-74.45611, 40.51622], [-74.45617, 40.51611], [-74.45627, 40.51604], [-74.45637, 40.51598], [-74.45641, 40.51595], [-74.45657, 40.51585], [-74.45667, 40.51578], [-74.45671, 40.51575], [-74.45678, 40.51571], [-74.45689, 40.51563], [-74.45697, 40.51557], [-74.45709, 40.51547], [-74.45718, 40.5154], [-74.45726, 40.51533], [-74.45732, 40.51527], [-74.45736, 40.51524], [-74.45744, 40.51517], [-74.45755, 40.51506], [-74.45763, 40.51497], [-74.45771, 40.51489], [-74.4578, 40.5148], [-74.45787, 40.51472], [-74.45797, 40.51459], [-74.45803, 40.5145], [-74.4581, 40.51442], [-74.45816, 40.51433], [-74.4582, 40.51428], [-74.45826, 40.51419], [-74.45833, 40.51409], [-74.45839, 40.51399], [-74.45839, 40.51398], [-74.45849, 40.51379], [-74.45855, 40.51366], [-74.45861, 40.51354], [-74.45864, 40.51348], [-74.45868, 40.51338], [-74.45872, 40.51327], [-74.45876, 40.51315], [-74.45882, 40.51298], [-74.45886, 40.51284], [-74.45888, 40.51273], [-74.45891, 40.51261], [-74.45894, 40.51242], [-74.45895, 40.51238], [-74.45898, 40.51207], [-74.45898, 40.51202], [-74.45899, 40.51196], [-74.45901, 40.51176], [-74.45902, 40.51165], [-74.45906, 40.51111], [-74.45907, 40.51095], [-74.45908, 40.51089], [-74.45908, 40.51079], [-74.45909, 40.51077], [-74.4591, 40.51059], [-74.4591, 40.51056], [-74.45911, 40.51045], [-74.45911, 40.51032], [-74.45912, 40.51024], [-74.45912, 40.51006], [-74.45912, 40.51001], [-74.45912, 40.50988], [-74.45911, 40.5098], [-74.45911, 40.50973], [-74.45911, 40.5097], [-74.45909, 40.50955], [-74.45907, 40.50944], [-74.45905, 40.50935], [-74.45902, 40.50927], [-74.45897, 40.50909], [-74.4589, 40.50891], [-74.45888, 40.50887], [-74.45881, 40.50874], [-74.45878, 40.50868], [-74.45877, 40.50866], [-74.45872, 40.50858], [-74.45865, 40.50847], [-74.45857, 40.50835], [-74.45855, 40.50833], [-74.45849, 40.50826], [-74.4584, 40.50814], [-74.45832, 40.50806], [-74.45824, 40.50797], [-74.45814, 40.50789], [-74.45804, 40.50779], [-74.45798, 40.50774], [-74.45793, 40.5077], [-74.45776, 40.50757], [-74.45769, 40.50752], [-74.45754, 40.50743], [-74.45745, 40.50737], [-74.45726, 40.50727], [-74.45713, 40.50721], [-74.45708, 40.50719], [-74.457, 40.50715], [-74.45693, 40.50712], [-74.45686, 40.50709], [-74.45674, 40.50705], [-74.45671, 40.50703], [-74.45664, 40.50701], [-74.45656, 40.50698], [-74.45643, 40.50694], [-74.45629, 40.5069], [-74.45618, 40.50687], [-74.45617, 40.50687], [-74.45604, 40.50684], [-74.4559, 40.50681], [-74.45582, 40.5068], [-74.45576, 40.50679], [-74.45558, 40.50675], [-74.4555, 40.50674], [-74.45547, 40.50674], [-74.45534, 40.50672], [-74.45521, 40.5067], [-74.45512, 40.50668], [-74.45494, 40.50666], [-74.45481, 40.50664], [-74.45473, 40.50657], [-74.45472, 40.50657], [-74.45465, 40.50654], [-74.45448, 40.50649], [-74.45434, 40.50644], [-74.45405, 40.50631], [-74.45402, 40.5063], [-74.45385, 40.50623], [-74.45381, 40.50621], [-74.45376, 40.5062], [-74.4537, 40.50618], [-74.45363, 40.50616], [-74.45361, 40.50615], [-74.45359, 40.50615], [-74.45357, 40.50614], [-74.45351, 40.50613], [-74.45342, 40.50611], [-74.45334, 40.5061], [-74.45313, 40.50607], [-74.45303, 40.50605], [-74.45289, 40.50603], [-74.45285, 40.50602], [-74.45282, 40.50602]]}, "properties": {"name": "Stadium West Lot \u2192 Route 18 (Rutgers H)", "kind": "GTFS", "feed": "rutgers", "routes": ["H"], "shape_id": "056d1ee1-f01f-46d8-9996-0b27ae5eeb51", "start_vertex": 157, "end_vertex": 399, "concept": "c1", "variant": "core"}}, {"type": "Feature", "geometry": {"type": "LineString", "coordinates": [[-74.45282, 40.50602], [-74.4528, 40.50601], [-74.45279, 40.50601], [-74.45277, 40.50601], [-74.45274, 40.506], [-74.4527, 40.50598], [-74.45258, 40.50593], [-74.45253, 40.50591], [-74.45243, 40.50587], [-74.45238, 40.50585], [-74.45233, 40.50582], [-74.45227, 40.50579], [-74.45216, 40.50572], [-74.45177, 40.50547], [-74.45165, 40.5054], [-74.45163, 40.50539], [-74.45147, 40.50531], [-74.45135, 40.50523], [-74.45125, 40.50518], [-74.45124, 40.50517], [-74.45123, 40.50516], [-74.45114, 40.50511], [-74.45106, 40.50506], [-74.45104, 40.50504], [-74.45103, 40.50504], [-74.45093, 40.50498], [-74.45092, 40.50497], [-74.45083, 40.50492], [-74.45082, 40.50492], [-74.45074, 40.50487], [-74.45065, 40.50482], [-74.45055, 40.50477], [-74.45049, 40.50474], [-74.45022, 40.50459], [-74.4501, 40.50453], [-74.44995, 40.50445], [-74.44994, 40.50445], [-74.4497, 40.50433], [-74.44956, 40.50425], [-74.44948, 40.50421], [-74.44928, 40.50411], [-74.44924, 40.50408], [-74.44916, 40.50404], [-74.44904, 40.50398], [-74.44901, 40.50396], [-74.44892, 40.50392], [-74.44889, 40.50391], [-74.44887, 40.50389], [-74.44875, 40.50383], [-74.44869, 40.5038], [-74.44863, 40.50377], [-74.44856, 40.50374], [-74.44851, 40.50371], [-74.44847, 40.50369], [-74.44835, 40.50363], [-74.44832, 40.50362], [-74.44822, 40.50357], [-74.44807, 40.50349], [-74.4479, 40.5034], [-74.4478, 40.50334], [-74.44768, 40.50328], [-74.44759, 40.50322], [-74.44751, 40.50318], [-74.44749, 40.50317], [-74.4474, 40.50312], [-74.44737, 40.5031], [-74.4473, 40.50306], [-74.44728, 40.50305], [-74.44724, 40.50302], [-74.44717, 40.50299], [-74.44699, 40.5029], [-74.44695, 40.50287], [-74.44694, 40.50287], [-74.44691, 40.50285], [-74.44687, 40.50282], [-74.44684, 40.5028], [-74.4468, 40.50277], [-74.44676, 40.50274], [-74.44674, 40.50271], [-74.4467, 40.50267], [-74.44666, 40.50263], [-74.44663, 40.50259], [-74.44659, 40.50255], [-74.44653, 40.50245], [-74.44652, 40.50241], [-74.44648, 40.50234], [-74.44648, 40.50233], [-74.44643, 40.50221], [-74.44636, 40.50209], [-74.44633, 40.50203], [-74.44618, 40.50174], [-74.44615, 40.50167], [-74.44611, 40.5016], [-74.44604, 40.50146], [-74.44591, 40.50121], [-74.44563, 40.50065], [-74.44543, 40.50027], [-74.44536, 40.50014], [-74.44526, 40.49994], [-74.44524, 40.4999], [-74.44519, 40.49979], [-74.44515, 40.49971], [-74.44513, 40.49966], [-74.44512, 40.49962], [-74.44505, 40.49942], [-74.44505, 40.49941], [-74.44504, 40.49939], [-74.445, 40.49925], [-74.44495, 40.49907], [-74.44488, 40.49883], [-74.44486, 40.49876], [-74.44475, 40.49839], [-74.44474, 40.49834], [-74.44463, 40.49794], [-74.44461, 40.49786], [-74.44456, 40.49769]]}, "properties": {"name": "Route 18 \u2192 Albany @ George (Rutgers HLX segment)", "kind": "GTFS", "feed": "rutgers", "routes": ["HLX"], "shape_id": "3b1f0071-58a3-4f88-b8a1-e962adef461d", "start_vertex": 221, "end_vertex": 336, "concept": "c1", "variant": "core"}}, {"type": "Feature", "geometry": {"type": "LineString", "coordinates": [[-74.44456, 40.49769], [-74.444566, 40.497689]]}, "properties": {"name": "Short source alignment join", "kind": "Shape join", "source": "Geometry join under 35 m; operational review required", "concept": "c1", "variant": "core"}}, {"type": "Feature", "geometry": {"type": "LineString", "coordinates": [[-74.444566, 40.497689], [-74.444471, 40.497361], [-74.44435, 40.496901], [-74.444307, 40.49676], [-74.44428, 40.496659], [-74.444148, 40.496677], [-74.442598, 40.496892], [-74.442567, 40.496895], [-74.442407, 40.496908], [-74.442251, 40.496919], [-74.441767, 40.496976], [-74.441021, 40.497063], [-74.440982, 40.49708], [-74.440855, 40.497134], [-74.440799, 40.497033], [-74.440287, 40.496197], [-74.440213, 40.496079], [-74.440136, 40.495951], [-74.440063, 40.495826], [-74.439998, 40.495707], [-74.439938, 40.495596], [-74.439879, 40.49548], [-74.439816, 40.495346], [-74.439764, 40.495225], [-74.439715, 40.495095], [-74.439645, 40.4949], [-74.439584, 40.494708], [-74.439527, 40.494533], [-74.439445, 40.494296], [-74.439418, 40.494175], [-74.439396, 40.494068], [-74.439378, 40.493961], [-74.439289, 40.493305], [-74.439264, 40.493154], [-74.439249, 40.493053], [-74.439236, 40.492966], [-74.439218, 40.492859], [-74.439196, 40.492757], [-74.439167, 40.492626], [-74.439139, 40.492518], [-74.439111, 40.492423], [-74.439083, 40.492329], [-74.439023, 40.492125], [-74.438981, 40.492027], [-74.438933, 40.491925], [-74.438878, 40.491818], [-74.438825, 40.491718], [-74.438766, 40.491614], [-74.438707, 40.491512], [-74.43858, 40.491297], [-74.43805, 40.490433], [-74.437965, 40.4903], [-74.43788, 40.49017], [-74.437787, 40.490037], [-74.43758, 40.489795], [-74.437514, 40.489712], [-74.437442, 40.489624], [-74.437328, 40.489491], [-74.437241, 40.489394], [-74.43714, 40.489284], [-74.437004, 40.489121], [-74.436916, 40.489037], [-74.436825, 40.488954], [-74.436769, 40.488901], [-74.436701, 40.48884], [-74.436629, 40.488779], [-74.436545, 40.488711], [-74.436461, 40.488642], [-74.436385, 40.488582], [-74.436303, 40.488516], [-74.436222, 40.488458], [-74.436121, 40.488387], [-74.436019, 40.488315], [-74.435904, 40.488238], [-74.435794, 40.48817], [-74.435694, 40.488109], [-74.435577, 40.488043], [-74.435471, 40.487985], [-74.435334, 40.487912], [-74.435217, 40.487853], [-74.435096, 40.487794], [-74.434956, 40.487731], [-74.43482, 40.48767], [-74.434704, 40.487621], [-74.434586, 40.487571], [-74.434463, 40.487519], [-74.434325, 40.487464], [-74.434192, 40.487412], [-74.43406, 40.487361], [-74.433944, 40.487319], [-74.43351, 40.487202], [-74.433354, 40.487153], [-74.433151, 40.48709], [-74.432933, 40.487025], [-74.432719, 40.486967], [-74.432516, 40.486915], [-74.432302, 40.486864], [-74.432143, 40.486828], [-74.431977, 40.486793], [-74.431687, 40.486735], [-74.431408, 40.486684], [-74.431127, 40.486636], [-74.430839, 40.48659], [-74.430558, 40.486542]]}, "properties": {"name": "Albany / George \u2192 Burnet Street ramp \u2192 Route 18 south", "kind": "Road connector", "source": "OSM / OSRM; user-directed Burnet Street approach", "concept": "c1", "variant": "core"}}, {"type": "Feature", "geometry": {"type": "LineString", "coordinates": [[-74.430558, 40.486542], [-74.430544, 40.486478]]}, "properties": {"name": "Short source alignment join", "kind": "Shape join", "source": "Geometry join under 35 m; operational review required", "concept": "c1", "variant": "core"}}, {"type": "Feature", "geometry": {"type": "LineString", "coordinates": [[-74.430544, 40.486478], [-74.429342, 40.486336], [-74.429025, 40.486278], [-74.428683, 40.486218], [-74.428222, 40.486136], [-74.427845, 40.486067], [-74.427783, 40.486056], [-74.427683, 40.486037], [-74.426992, 40.485905], [-74.426434, 40.485807], [-74.425952, 40.485716], [-74.425293, 40.485618], [-74.424674, 40.485527], [-74.424642, 40.485527], [-74.424214, 40.485467], [-74.423674, 40.485396], [-74.422824, 40.485286], [-74.422022, 40.485146], [-74.421244, 40.485007], [-74.420705, 40.484908], [-74.420453, 40.484826], [-74.420144, 40.484686], [-74.420083, 40.484656], [-74.419983, 40.484576], [-74.419904, 40.484516], [-74.419854, 40.484486], [-74.419782, 40.484407], [-74.419693, 40.484308], [-74.419504, 40.484086], [-74.419164, 40.483757], [-74.418952, 40.483568], [-74.418745, 40.483417], [-74.418515, 40.483256], [-74.418354, 40.483138], [-74.418103, 40.483017], [-74.417805, 40.482806], [-74.417672, 40.482708], [-74.417594, 40.482606], [-74.417544, 40.482497], [-74.417523, 40.482398], [-74.417535, 40.482297], [-74.417575, 40.482217], [-74.417684, 40.482096], [-74.417793, 40.482028], [-74.417933, 40.481987], [-74.418182, 40.481976], [-74.418315, 40.482006], [-74.418455, 40.482077], [-74.418563, 40.482168], [-74.418623, 40.482258], [-74.418655, 40.482357], [-74.418632, 40.482516], [-74.418522, 40.482757], [-74.418482, 40.482856], [-74.418394, 40.483086], [-74.418354, 40.483138], [-74.418212, 40.483327], [-74.417903, 40.483678], [-74.417813, 40.483738]]}, "properties": {"name": "Route 18 south and US 1 interchange (NJT 818)", "kind": "GTFS", "feed": "njt", "routes": ["818"], "shape_id": "3434", "start_vertex": 114, "end_vertex": 172, "concept": "c1", "variant": "core"}}, {"type": "Feature", "geometry": {"type": "LineString", "coordinates": [[-74.417813, 40.483738], [-74.417797, 40.483705]]}, "properties": {"name": "Short source alignment join", "kind": "Shape join", "source": "Geometry join under 35 m; operational review required", "concept": "c1", "variant": "core"}}, {"type": "Feature", "geometry": {"type": "LineString", "coordinates": [[-74.417797, 40.483705], [-74.417741, 40.48377], [-74.416977, 40.484644], [-74.416666, 40.484986], [-74.416588, 40.485068], [-74.416453, 40.485223], [-74.41636, 40.485331], [-74.415691, 40.486107], [-74.415347, 40.486504], [-74.415097, 40.486789], [-74.414486, 40.48753], [-74.414266, 40.487815], [-74.414086, 40.488068], [-74.413922, 40.488325], [-74.413783, 40.488595], [-74.413662, 40.488878], [-74.413568, 40.48917], [-74.413496, 40.489455], [-74.413434, 40.489731], [-74.412685, 40.493361], [-74.412372, 40.494875], [-74.4123, 40.495197], [-74.41223, 40.495469], [-74.41216, 40.495707], [-74.411983, 40.496156], [-74.411795, 40.496499], [-74.411601, 40.496762], [-74.411569, 40.496805], [-74.411194, 40.49725], [-74.410931, 40.497502], [-74.410836, 40.497578], [-74.410594, 40.497772], [-74.410218, 40.498009], [-74.409904, 40.498202], [-74.40929, 40.498535], [-74.409152, 40.498613], [-74.409124, 40.498629], [-74.408215, 40.499115], [-74.407891, 40.499289], [-74.406892, 40.499824], [-74.406435, 40.500064], [-74.406031, 40.500278], [-74.40581, 40.500394], [-74.405726, 40.500438], [-74.405615, 40.500497], [-74.405245, 40.50059], [-74.405074, 40.500619], [-74.40487, 40.500634], [-74.404387, 40.500652], [-74.404284, 40.500645], [-74.403825, 40.500615], [-74.403669, 40.500605], [-74.403514, 40.500487], [-74.403466, 40.500449], [-74.403424, 40.500406], [-74.403377, 40.500338], [-74.40333, 40.500244], [-74.403297, 40.499771], [-74.403324, 40.499687], [-74.403366, 40.499629], [-74.403445, 40.499576], [-74.403507, 40.499552], [-74.403579, 40.499524], [-74.403666, 40.499497], [-74.403744, 40.499474], [-74.404076, 40.499412], [-74.404478, 40.499412], [-74.404891, 40.499429], [-74.405293, 40.499473], [-74.405653, 40.499526], [-74.406712, 40.499791], [-74.407265, 40.49993], [-74.407685, 40.500031], [-74.407938, 40.500113], [-74.408197, 40.500274], [-74.408231, 40.50031], [-74.40826, 40.50034], [-74.408287, 40.500376], [-74.408313, 40.500421], [-74.408347, 40.500494], [-74.408353, 40.500576], [-74.40834, 40.500693], [-74.408277, 40.500763], [-74.408207, 40.500808], [-74.408146, 40.500838], [-74.408121, 40.50085], [-74.407944, 40.5009], [-74.40739, 40.500865], [-74.407, 40.500836], [-74.406764, 40.500819], [-74.406628, 40.50077], [-74.406536, 40.50072], [-74.406478, 40.500655], [-74.406429, 40.500539], [-74.406429, 40.500447], [-74.406449, 40.500373], [-74.406512, 40.50029], [-74.406785, 40.500036], [-74.407546, 40.499657], [-74.409202, 40.498779], [-74.410009, 40.498359], [-74.41029, 40.498202], [-74.410573, 40.498018], [-74.41098, 40.497698], [-74.411414, 40.497298], [-74.411744, 40.496914], [-74.411795, 40.496854], [-74.412128, 40.496372], [-74.412436, 40.495783], [-74.41256, 40.495487], [-74.412658, 40.495232], [-74.412716, 40.495061], [-74.412765, 40.494932], [-74.412865, 40.494548], [-74.413097, 40.493328], [-74.413229, 40.49274], [-74.413856, 40.48973], [-74.413955, 40.48933], [-74.414031, 40.489051], [-74.414109, 40.488817], [-74.414198, 40.488568], [-74.414304, 40.488338], [-74.414432, 40.488083], [-74.414578, 40.487828], [-74.414665, 40.487677], [-74.414894, 40.487544], [-74.414988, 40.487521], [-74.415061, 40.487519], [-74.415137, 40.487525], [-74.415345, 40.48755], [-74.415542, 40.487646], [-74.415915, 40.487898], [-74.415957, 40.487927], [-74.415936, 40.487946], [-74.415924, 40.487969], [-74.415922, 40.487994], [-74.415931, 40.488018], [-74.415949, 40.488038], [-74.415975, 40.488053], [-74.415947, 40.488076], [-74.415892, 40.488121], [-74.415764, 40.488219], [-74.41566, 40.488292], [-74.415753, 40.488348], [-74.415872, 40.488421], [-74.416027, 40.488517], [-74.416203, 40.488625], [-74.416338, 40.488708], [-74.41639, 40.488739], [-74.41631, 40.488811], [-74.416174, 40.488931], [-74.416034, 40.489056]]}, "properties": {"name": "US 1 north \u2192 Woodbridge Avenue loop \u2192 US 1 south \u2192 Mary Ellis Burial Site rear lot", "kind": "Road connector", "source": "OSM / OSRM car profile; divided-highway movements and coach access require review", "concept": "c1", "variant": "core"}}, {"type": "Feature", "geometry": {"type": "LineString", "coordinates": [[-74.416034, 40.489056], [-74.415896, 40.489179], [-74.415754, 40.489306], [-74.415708, 40.489347], [-74.415622, 40.489424], [-74.41547, 40.489561], [-74.415218, 40.489784], [-74.415166, 40.48983]]}, "properties": {"name": "Ramp / site access road", "kind": "Road connector", "source": "OpenStreetMap / OSRM car-routing geometry; coach access unverified", "cache": "amc-turnpike9-osrm.json", "ref": "", "concept": "c1", "variant": "core"}}, {"type": "Feature", "geometry": {"type": "LineString", "coordinates": [[-74.415166, 40.48983], [-74.41505, 40.489752], [-74.414875, 40.489632], [-74.414695, 40.489509], [-74.414529, 40.489396], [-74.414458, 40.489348]]}, "properties": {"name": "Ramp / site access road", "kind": "Road connector", "source": "OpenStreetMap / OSRM car-routing geometry; coach access unverified", "cache": "amc-turnpike9-osrm.json", "ref": "", "concept": "c1", "variant": "core"}}, {"type": "Feature", "geometry": {"type": "LineString", "coordinates": [[-74.414458, 40.489348], [-74.414606, 40.489218], [-74.414733, 40.489107], [-74.414886, 40.48897], [-74.415016, 40.488853], [-74.415092, 40.488786], [-74.415164, 40.488725], [-74.41531, 40.488594], [-74.415443, 40.488477], [-74.415584, 40.488352], [-74.41566, 40.488292], [-74.415764, 40.488219], [-74.415892, 40.488121], [-74.415947, 40.488076], [-74.415975, 40.488053]]}, "properties": {"name": "Ramp / site access road", "kind": "Road connector", "source": "OpenStreetMap / OSRM car-routing geometry; coach access unverified", "cache": "amc-turnpike9-osrm.json", "ref": "", "concept": "c1", "variant": "core"}}, {"type": "Feature", "geometry": {"type": "LineString", "coordinates": [[-74.415975, 40.488053], [-74.416002, 40.488061], [-74.416031, 40.488062], [-74.416059, 40.488058], [-74.416084, 40.488047], [-74.416104, 40.488031]]}, "properties": {"name": "Ramp / site access road", "kind": "Road connector", "source": "OpenStreetMap / OSRM car-routing geometry; coach access unverified", "cache": "amc-turnpike9-osrm.json", "ref": "", "concept": "c1", "variant": "core"}}, {"type": "Feature", "geometry": {"type": "LineString", "coordinates": [[-74.416104, 40.488031], [-74.416118, 40.488012], [-74.416124, 40.48799], [-74.416122, 40.487968], [-74.416111, 40.487947], [-74.416093, 40.48793]]}, "properties": {"name": "Ramp / site access road", "kind": "Road connector", "source": "OpenStreetMap / OSRM car-routing geometry; coach access unverified", "cache": "amc-turnpike9-osrm.json", "ref": "", "concept": "c1", "variant": "core"}}, {"type": "Feature", "geometry": {"type": "LineString", "coordinates": [[-74.416093, 40.48793], [-74.416069, 40.487916], [-74.416041, 40.487909], [-74.416011, 40.487909], [-74.415982, 40.487915], [-74.415957, 40.487927]]}, "properties": {"name": "Ramp / site access road", "kind": "Road connector", "source": "OpenStreetMap / OSRM car-routing geometry; coach access unverified", "cache": "amc-turnpike9-osrm.json", "ref": "", "concept": "c1", "variant": "core"}}, {"type": "Feature", "geometry": {"type": "LineString", "coordinates": [[-74.415957, 40.487927], [-74.415915, 40.487898], [-74.415542, 40.487646], [-74.415345, 40.48755], [-74.415168, 40.487439], [-74.415109, 40.487386], [-74.415083, 40.487341], [-74.41506, 40.487269], [-74.415065, 40.487197], [-74.415125, 40.487015]]}, "properties": {"name": "Ramp / site access road", "kind": "Road connector", "source": "OpenStreetMap / OSRM car-routing geometry; coach access unverified", "cache": "amc-turnpike9-osrm.json", "ref": "", "concept": "c1", "variant": "core"}}, {"type": "Feature", "geometry": {"type": "LineString", "coordinates": [[-74.415125, 40.487015], [-74.415237, 40.486883], [-74.415506, 40.486572], [-74.415799, 40.486224], [-74.416209, 40.485754], [-74.416253, 40.485696], [-74.416465, 40.485457]]}, "properties": {"name": "US 1", "kind": "Road connector", "source": "OpenStreetMap / OSRM car-routing geometry; coach access unverified", "cache": "amc-turnpike9-osrm.json", "ref": "US 1", "concept": "c1", "variant": "core"}}, {"type": "Feature", "geometry": {"type": "LineString", "coordinates": [[-74.416465, 40.485457], [-74.416588, 40.485369], [-74.416677, 40.485306], [-74.416759, 40.485247], [-74.416832, 40.485199], [-74.416907, 40.485155], [-74.416991, 40.485113], [-74.417104, 40.485065], [-74.41722, 40.485022], [-74.417323, 40.48499], [-74.417414, 40.484966], [-74.417525, 40.484944], [-74.417649, 40.484922], [-74.41835, 40.484811], [-74.418477, 40.484794], [-74.418541, 40.484784]]}, "properties": {"name": "Ramp / site access road", "kind": "Road connector", "source": "OpenStreetMap / OSRM car-routing geometry; coach access unverified", "cache": "amc-turnpike9-osrm.json", "ref": "", "concept": "c1", "variant": "core"}}, {"type": "Feature", "geometry": {"type": "LineString", "coordinates": [[-74.418541, 40.484784], [-74.418739, 40.484732], [-74.418809, 40.484711], [-74.418875, 40.484688], [-74.418936, 40.484662], [-74.418993, 40.484635], [-74.419045, 40.484604], [-74.419094, 40.484567], [-74.419134, 40.484532], [-74.419167, 40.484495], [-74.419196, 40.484455], [-74.419224, 40.484414], [-74.41925, 40.484367], [-74.419269, 40.484322], [-74.419283, 40.484276], [-74.419292, 40.484231], [-74.419295, 40.484186], [-74.419295, 40.484139], [-74.419288, 40.484096], [-74.419276, 40.484052], [-74.419258, 40.484009], [-74.419236, 40.483967], [-74.419207, 40.483925], [-74.419168, 40.483879], [-74.419114, 40.483818], [-74.419062, 40.483763], [-74.418971, 40.483677], [-74.418873, 40.483598], [-74.418766, 40.483516], [-74.418525, 40.483302]]}, "properties": {"name": "Ramp / site access road", "kind": "Road connector", "source": "OpenStreetMap / OSRM car-routing geometry; coach access unverified", "cache": "amc-turnpike9-osrm.json", "ref": "", "concept": "c1", "variant": "core"}}, {"type": "Feature", "geometry": {"type": "LineString", "coordinates": [[-74.418525, 40.483302], [-74.418408, 40.483231], [-74.418291, 40.483164], [-74.41815, 40.483086], [-74.418047, 40.483033], [-74.417938, 40.482983], [-74.417812, 40.482926], [-74.417684, 40.482875], [-74.417543, 40.482823], [-74.417409, 40.482781], [-74.417282, 40.482745], [-74.417145, 40.482712], [-74.417001, 40.482682], [-74.416859, 40.482659], [-74.416713, 40.482639], [-74.416528, 40.48262], [-74.416065, 40.482572], [-74.415753, 40.482541], [-74.41503, 40.482465], [-74.414287, 40.482386], [-74.41414, 40.482369], [-74.413996, 40.482346], [-74.41384, 40.482316], [-74.413727, 40.48229], [-74.4136, 40.482257], [-74.413473, 40.482219], [-74.413351, 40.48218], [-74.413239, 40.482139], [-74.413097, 40.482082], [-74.412969, 40.482026], [-74.412868, 40.481977], [-74.412759, 40.481919], [-74.412666, 40.481868], [-74.412573, 40.481811], [-74.412467, 40.481739], [-74.412351, 40.481656], [-74.412254, 40.481581], [-74.41216, 40.481506], [-74.412074, 40.481429], [-74.412001, 40.481355], [-74.41192, 40.481271], [-74.411837, 40.481178], [-74.411764, 40.481091], [-74.411693, 40.480993], [-74.41163, 40.480898], [-74.411574, 40.480801], [-74.411522, 40.480702], [-74.411471, 40.480597], [-74.411431, 40.480497], [-74.411387, 40.480392], [-74.411263, 40.480079], [-74.411114, 40.479652], [-74.410927, 40.479113], [-74.410717, 40.47857], [-74.410673, 40.478459], [-74.410607, 40.47829], [-74.410553, 40.478151]]}, "properties": {"name": "State Route 18", "kind": "Road connector", "source": "OpenStreetMap / OSRM car-routing geometry; coach access unverified", "cache": "amc-turnpike9-osrm.json", "ref": "NJ 18; CR 527", "concept": "c1", "variant": "core"}}, {"type": "Feature", "geometry": {"type": "LineString", "coordinates": [[-74.410553, 40.478151], [-74.410534, 40.477977], [-74.410528, 40.477922], [-74.410399, 40.477578], [-74.410373, 40.47751], [-74.410355, 40.477459], [-74.410344, 40.477404], [-74.410336, 40.477348], [-74.410335, 40.477294], [-74.410338, 40.477239], [-74.410347, 40.477177], [-74.410358, 40.477123], [-74.410376, 40.477074], [-74.410405, 40.47702], [-74.410437, 40.476973], [-74.410477, 40.476926], [-74.410523, 40.476887], [-74.410575, 40.476849], [-74.410631, 40.476817], [-74.410691, 40.47679], [-74.410759, 40.476765], [-74.41082, 40.476752], [-74.410881, 40.476744], [-74.410945, 40.47674], [-74.411005, 40.47674], [-74.411071, 40.476748], [-74.41113, 40.476758], [-74.411189, 40.476776], [-74.411257, 40.476802], [-74.411317, 40.47683], [-74.411371, 40.476864], [-74.411418, 40.476905], [-74.411459, 40.476945], [-74.411491, 40.476988], [-74.411519, 40.477038], [-74.41154, 40.47709], [-74.411553, 40.477138], [-74.411559, 40.477185], [-74.411555, 40.47724], [-74.411546, 40.477285], [-74.41153, 40.477332], [-74.411511, 40.477377], [-74.411478, 40.477425], [-74.411437, 40.477472], [-74.411388, 40.477518], [-74.411335, 40.477554], [-74.411278, 40.477585], [-74.411218, 40.477612], [-74.411154, 40.477634], [-74.411069, 40.477652], [-74.410982, 40.477668], [-74.410879, 40.477684], [-74.409847, 40.477822], [-74.409761, 40.477832], [-74.409687, 40.477838], [-74.409599, 40.477844], [-74.409503, 40.47785], [-74.409406, 40.477851], [-74.409317, 40.477849], [-74.409231, 40.477846], [-74.409145, 40.477839], [-74.409059, 40.477826], [-74.40834, 40.477959], [-74.408268, 40.477972], [-74.40818, 40.477988], [-74.407833, 40.478052], [-74.407599, 40.47809]]}, "properties": {"name": "Ramp / site access road", "kind": "Road connector", "source": "OpenStreetMap / OSRM car-routing geometry; coach access unverified", "cache": "amc-turnpike9-osrm.json", "ref": "", "concept": "c1", "variant": "core"}}, {"type": "Feature", "geometry": {"type": "LineString", "coordinates": [[-74.407599, 40.47809], [-74.406511, 40.478284], [-74.406044, 40.47836], [-74.405743, 40.478405], [-74.405488, 40.478434], [-74.40522, 40.47845], [-74.404995, 40.478452], [-74.404753, 40.478438], [-74.404611, 40.478428], [-74.404494, 40.478415], [-74.404383, 40.478399], [-74.404261, 40.478376], [-74.404005, 40.478319], [-74.403783, 40.478258], [-74.403562, 40.478181], [-74.403385, 40.478105], [-74.403232, 40.478028], [-74.403113, 40.477954], [-74.402992, 40.477851], [-74.40291, 40.477755], [-74.402867, 40.47767], [-74.402836, 40.477568], [-74.402832, 40.477479]]}, "properties": {"name": "Ramp / site access road", "kind": "Road connector", "source": "OpenStreetMap / OSRM car-routing geometry; coach access unverified", "cache": "amc-turnpike9-osrm.json", "ref": "", "concept": "c1", "variant": "core"}}, {"type": "Feature", "geometry": {"type": "LineString", "coordinates": [[-74.402832, 40.477479], [-74.402888, 40.477383], [-74.402945, 40.477277], [-74.403028, 40.477179], [-74.403134, 40.477093], [-74.40328, 40.477018], [-74.403441, 40.476977], [-74.403607, 40.476961], [-74.403779, 40.476975], [-74.403951, 40.477026], [-74.404087, 40.477097], [-74.404203, 40.477187], [-74.404283, 40.477291], [-74.404337, 40.477403], [-74.404353, 40.477522], [-74.404348, 40.477646], [-74.404308, 40.477791], [-74.404228, 40.477968], [-74.404123, 40.478152], [-74.403208, 40.479714], [-74.40293, 40.480208], [-74.402828, 40.4804], [-74.402624, 40.480833]]}, "properties": {"name": "Ramp / site access road", "kind": "Road connector", "source": "OpenStreetMap / OSRM car-routing geometry; coach access unverified", "cache": "amc-turnpike9-osrm.json", "ref": "", "concept": "c1", "variant": "core"}}, {"type": "Feature", "geometry": {"type": "LineString", "coordinates": [[-74.402624, 40.480833], [-74.402248, 40.48142], [-74.401934, 40.481888], [-74.401548, 40.482406], [-74.401167, 40.482885], [-74.400778, 40.483369], [-74.400384, 40.483836], [-74.399979, 40.484299], [-74.399593, 40.484725], [-74.399169, 40.485178], [-74.398633, 40.485719], [-74.398179, 40.486163], [-74.397736, 40.486583], [-74.397355, 40.486929], [-74.396968, 40.487285], [-74.395077, 40.488979], [-74.392047, 40.491667], [-74.391673, 40.492], [-74.391532, 40.492127], [-74.382875, 40.499857], [-74.377423, 40.504724], [-74.377016, 40.505085], [-74.376562, 40.505489], [-74.371434, 40.510059], [-74.368851, 40.51236], [-74.368288, 40.512843], [-74.367687, 40.513339], [-74.367092, 40.513812], [-74.366502, 40.51426], [-74.366256, 40.514438], [-74.365826, 40.51475], [-74.365212, 40.515176], [-74.364608, 40.515582], [-74.363897, 40.516038], [-74.363232, 40.516446], [-74.362548, 40.516856], [-74.361851, 40.517247], [-74.361105, 40.517653], [-74.360359, 40.51804], [-74.35941, 40.518505], [-74.358948, 40.518721], [-74.358256, 40.519037], [-74.357529, 40.519349], [-74.356714, 40.519691], [-74.356301, 40.519851], [-74.353772, 40.520811], [-74.352948, 40.521119], [-74.351021, 40.521822], [-74.35012, 40.522146], [-74.349184, 40.522476], [-74.347751, 40.52297], [-74.344936, 40.523984], [-74.344818, 40.524031], [-74.344383, 40.524187], [-74.343744, 40.524435], [-74.343109, 40.524694], [-74.342505, 40.524955], [-74.341886, 40.525241], [-74.341234, 40.525561], [-74.340579, 40.525893], [-74.339893, 40.526268], [-74.338536, 40.527083], [-74.336875, 40.528099], [-74.336073, 40.528607], [-74.334877, 40.529396], [-74.333415, 40.530382], [-74.333008, 40.53066], [-74.33059, 40.532297], [-74.330193, 40.532566], [-74.329332, 40.533153], [-74.328755, 40.533526], [-74.328157, 40.533895], [-74.327471, 40.534313], [-74.326765, 40.534716], [-74.326086, 40.535089], [-74.325416, 40.535446], [-74.324686, 40.535817], [-74.323959, 40.536168], [-74.323222, 40.536514], [-74.322481, 40.53684], [-74.321838, 40.537112], [-74.321199, 40.537375], [-74.320569, 40.537619], [-74.319877, 40.537876], [-74.31926, 40.538094], [-74.318718, 40.53828], [-74.318169, 40.538461], [-74.317592, 40.538647], [-74.317002, 40.53883], [-74.315671, 40.539232], [-74.314427, 40.539592], [-74.313807, 40.539762], [-74.313117, 40.539944], [-74.31237, 40.540129], [-74.311713, 40.540286], [-74.310974, 40.540466], [-74.310278, 40.540598], [-74.30962, 40.540715], [-74.308965, 40.540827], [-74.307977, 40.540954], [-74.307468, 40.541015], [-74.306913, 40.541073], [-74.306211, 40.541146], [-74.305162, 40.541231], [-74.304501, 40.541292], [-74.30286, 40.541427], [-74.302122, 40.541495], [-74.301752, 40.541529], [-74.300636, 40.541639], [-74.299647, 40.541753], [-74.297469, 40.54203], [-74.297343, 40.542047], [-74.296984, 40.542103], [-74.29634, 40.542204], [-74.295945, 40.542269], [-74.295497, 40.542346], [-74.295041, 40.542432], [-74.294558, 40.542525], [-74.293955, 40.54265], [-74.293386, 40.542778], [-74.289119, 40.543803], [-74.289102, 40.543808], [-74.286812, 40.544366], [-74.28615, 40.544547], [-74.285509, 40.544753], [-74.284972, 40.544953], [-74.284393, 40.545187], [-74.28383, 40.545448], [-74.28328, 40.545721], [-74.280699, 40.547063], [-74.279927, 40.547466], [-74.278864, 40.548056], [-74.278221, 40.548412], [-74.277481, 40.548836], [-74.276676, 40.549319], [-74.274278, 40.550785], [-74.273868, 40.551035], [-74.273385, 40.551321], [-74.272811, 40.551657], [-74.270649, 40.552902], [-74.270015, 40.553286], [-74.269936, 40.553334], [-74.269382, 40.55372], [-74.26816, 40.554515], [-74.267972, 40.55464], [-74.267644, 40.554867], [-74.267518, 40.554949], [-74.267411, 40.555019], [-74.267255, 40.555124], [-74.266769, 40.555478], [-74.266241, 40.55588], [-74.265616, 40.556373], [-74.265055, 40.556834], [-74.264444, 40.557357], [-74.26387, 40.557871], [-74.263336, 40.558366], [-74.262784, 40.558894], [-74.262258, 40.559432], [-74.261668, 40.560051], [-74.260858, 40.560923], [-74.25919, 40.562779], [-74.258138, 40.563947], [-74.257586, 40.564557], [-74.257032, 40.565159], [-74.255718, 40.566561], [-74.253795, 40.568605], [-74.253499, 40.568917], [-74.252207, 40.57029], [-74.247769, 40.575009], [-74.247117, 40.575718], [-74.246454, 40.576451], [-74.245698, 40.577331], [-74.245001, 40.578177], [-74.244424, 40.578894], [-74.243896, 40.579582], [-74.243169, 40.580568], [-74.242511, 40.581495], [-74.241932, 40.582355], [-74.240032, 40.585262], [-74.237872, 40.588578], [-74.237734, 40.58879], [-74.236862, 40.590113], [-74.23572, 40.591815], [-74.235648, 40.591943], [-74.235251, 40.592574], [-74.234677, 40.593444], [-74.233778, 40.594825], [-74.233088, 40.595868], [-74.232468, 40.596811], [-74.232163, 40.597302], [-74.231893, 40.597719], [-74.23177, 40.597939], [-74.231566, 40.598296], [-74.230839, 40.599562], [-74.230272, 40.600551], [-74.230119, 40.600821], [-74.228426, 40.603666], [-74.2276, 40.605026], [-74.226166, 40.607396], [-74.225919, 40.607804], [-74.224535, 40.610094], [-74.223735, 40.611409], [-74.223627, 40.611587], [-74.223431, 40.611912], [-74.220879, 40.616139], [-74.220811, 40.616251], [-74.216967, 40.622589], [-74.215855, 40.624376], [-74.215719, 40.624626], [-74.215017, 40.625826], [-74.21381, 40.627853], [-74.213395, 40.628495], [-74.213121, 40.628922], [-74.212667, 40.629619], [-74.211726, 40.631062], [-74.211507, 40.631412], [-74.211099, 40.632035], [-74.210576, 40.632883], [-74.208862, 40.63568], [-74.20829, 40.636627], [-74.20771, 40.637703], [-74.206966, 40.639019], [-74.206467, 40.639888], [-74.205896, 40.640855], [-74.205378, 40.641701], [-74.204378, 40.643315], [-74.203355, 40.644927], [-74.202943, 40.645572], [-74.201878, 40.647243], [-74.201642, 40.647583], [-74.201401, 40.647901], [-74.201167, 40.648175], [-74.200862, 40.648499], [-74.20069, 40.648662], [-74.20054, 40.648805], [-74.200369, 40.648964], [-74.200173, 40.649135], [-74.200109, 40.64918], [-74.200012, 40.649241], [-74.199046, 40.649916], [-74.198683, 40.650133], [-74.19832, 40.650334], [-74.196865, 40.651128], [-74.196427, 40.651367], [-74.196052, 40.651571], [-74.195579, 40.651829], [-74.195231, 40.652019], [-74.194827, 40.65224], [-74.194467, 40.652436], [-74.194068, 40.652654], [-74.1937, 40.652854], [-74.193315, 40.653065], [-74.192935, 40.653272], [-74.192557, 40.653478], [-74.192165, 40.653692], [-74.191803, 40.653889], [-74.191318, 40.654154], [-74.19101, 40.654322], [-74.190565, 40.654584], [-74.190168, 40.654835], [-74.189825, 40.655076], [-74.189506, 40.655311], [-74.189162, 40.655579], [-74.188843, 40.655848], [-74.188721, 40.655958], [-74.188537, 40.656126], [-74.188218, 40.656436], [-74.187955, 40.656704], [-74.187797, 40.656878], [-74.187625, 40.657071], [-74.187464, 40.657256], [-74.187311, 40.657441], [-74.187142, 40.657657], [-74.186973, 40.657884], [-74.186614, 40.658391], [-74.185874, 40.659456], [-74.185187, 40.660428], [-74.18485, 40.660878], [-74.184674, 40.661121], [-74.184343, 40.661581], [-74.184295, 40.661652], [-74.184253, 40.661718], [-74.184195, 40.661812], [-74.184015, 40.662054], [-74.183836, 40.662292], [-74.183651, 40.662538], [-74.183483, 40.662758], [-74.183296, 40.663001], [-74.183109, 40.663238], [-74.182917, 40.663481], [-74.182728, 40.663718], [-74.182532, 40.663959], [-74.182341, 40.66419], [-74.182142, 40.664427], [-74.181945, 40.664661], [-74.181754, 40.664882], [-74.181556, 40.665112], [-74.181353, 40.665346], [-74.181148, 40.665577], [-74.180943, 40.665806], [-74.180759, 40.666008], [-74.180547, 40.66624], [-74.180334, 40.666468], [-74.180118, 40.6667], [-74.17991, 40.666924], [-74.179697, 40.667151], [-74.179484, 40.667379], [-74.179273, 40.667602], [-74.179057, 40.667831], [-74.178849, 40.668053], [-74.178801, 40.668105], [-74.178632, 40.668284], [-74.177251, 40.669753], [-74.175011, 40.67214], [-74.1748, 40.672364], [-74.174586, 40.672592], [-74.174374, 40.67282], [-74.174163, 40.67305], [-74.173956, 40.67328], [-74.173747, 40.673514], [-74.173547, 40.673743], [-74.173346, 40.673977], [-74.173148, 40.674211], [-74.172951, 40.674447], [-74.172756, 40.674682], [-74.172629, 40.674838], [-74.172563, 40.67492], [-74.172372, 40.675158], [-74.172183, 40.675399], [-74.171996, 40.675638], [-74.17181, 40.675879], [-74.171629, 40.67612], [-74.171447, 40.676365], [-74.171271, 40.676605], [-74.171099, 40.676846], [-74.170498, 40.677678], [-74.170058, 40.678301], [-74.168642, 40.680353], [-74.168016, 40.681289], [-74.16699, 40.682769], [-74.166114, 40.68391], [-74.163719, 40.687495], [-74.163575, 40.687703], [-74.162393, 40.689405], [-74.162189, 40.6897], [-74.161959, 40.69003], [-74.161793, 40.690269], [-74.161622, 40.690513], [-74.161447, 40.690759], [-74.161275, 40.690999], [-74.161102, 40.691242], [-74.160925, 40.691486], [-74.160749, 40.691726], [-74.160573, 40.691968], [-74.160397, 40.692207], [-74.160224, 40.692442], [-74.160045, 40.692687], [-74.15987, 40.692926], [-74.15969, 40.693172], [-74.159516, 40.693411], [-74.159341, 40.693653], [-74.157865, 40.695674], [-74.157441, 40.696277], [-74.156689, 40.697286], [-74.156246, 40.697887], [-74.155548, 40.698902], [-74.155329, 40.699236], [-74.155096, 40.6996], [-74.154861, 40.699981], [-74.15464, 40.700341], [-74.15442, 40.700716], [-74.154289, 40.700944], [-74.153407, 40.702584], [-74.152903, 40.703548], [-74.152651, 40.704013], [-74.152605, 40.704099], [-74.1522, 40.704811], [-74.151441, 40.706071], [-74.150778, 40.707179], [-74.150533, 40.707572], [-74.150305, 40.707911], [-74.150067, 40.708234], [-74.149819, 40.708538], [-74.149641, 40.708738], [-74.149402, 40.708989], [-74.149173, 40.709212], [-74.148956, 40.709407], [-74.148713, 40.709609], [-74.148468, 40.709803], [-74.148208, 40.709998], [-74.147941, 40.710187], [-74.147677, 40.710363], [-74.147402, 40.710537], [-74.147103, 40.710712], [-74.146821, 40.71087], [-74.14652, 40.71103], [-74.146223, 40.711179], [-74.145913, 40.711322], [-74.145593, 40.711461], [-74.145276, 40.711592], [-74.144958, 40.711715], [-74.144532, 40.711878], [-74.142791, 40.712538], [-74.141396, 40.713079], [-74.140721, 40.71335], [-74.140561, 40.713416], [-74.140407, 40.713484], [-74.140243, 40.713558], [-74.140096, 40.713627], [-74.139954, 40.713695], [-74.139805, 40.713767], [-74.139661, 40.71384], [-74.139517, 40.713914], [-74.139369, 40.71399], [-74.139219, 40.71407], [-74.139074, 40.714147], [-74.138631, 40.714397]]}, "properties": {"name": "New Jersey Turnpike", "kind": "Turnpike", "source": "OpenStreetMap / OSRM driving geometry; bus suitability not certified", "ref": "I 95; NJTP", "concept": "c1", "variant": "core"}}, {"type": "Feature", "geometry": {"type": "LineString", "coordinates": [[-74.138631, 40.714397], [-74.13821, 40.714598], [-74.138062, 40.714683], [-74.137937, 40.714757], [-74.137926, 40.714763], [-74.137792, 40.714845], [-74.137657, 40.71493], [-74.13756, 40.714993], [-74.13744, 40.71507], [-74.137295, 40.715164], [-74.137172, 40.715247], [-74.137108, 40.715291], [-74.137019, 40.715353], [-74.136899, 40.715439], [-74.136768, 40.715533], [-74.136645, 40.715623], [-74.136521, 40.715718], [-74.136397, 40.715814], [-74.136277, 40.715913], [-74.136156, 40.716016], [-74.136045, 40.716115], [-74.135931, 40.716222], [-74.13582, 40.716332], [-74.135715, 40.716441], [-74.135617, 40.716543], [-74.135517, 40.716653], [-74.13542, 40.716767], [-74.135328, 40.71688], [-74.135235, 40.716999], [-74.135148, 40.717113], [-74.135063, 40.717232], [-74.134983, 40.717354], [-74.134907, 40.717476], [-74.134835, 40.717602], [-74.134766, 40.717731], [-74.134703, 40.717856], [-74.134642, 40.717988], [-74.134583, 40.718117], [-74.134529, 40.718246], [-74.134476, 40.718381], [-74.13443, 40.718509], [-74.134387, 40.718642], [-74.134345, 40.71878], [-74.134308, 40.718914], [-74.134275, 40.719046], [-74.134244, 40.719174], [-74.134211, 40.719314], [-74.134181, 40.719449], [-74.134054, 40.719987], [-74.134023, 40.720121], [-74.13399, 40.720249], [-74.133956, 40.720383], [-74.133923, 40.720509], [-74.13387, 40.720712], [-74.133812, 40.720916], [-74.133772, 40.721049], [-74.133732, 40.721182], [-74.133691, 40.72132], [-74.133649, 40.72145], [-74.133603, 40.721584], [-74.133559, 40.721713], [-74.133513, 40.721844], [-74.133464, 40.721978], [-74.133418, 40.722105], [-74.13337, 40.722238], [-74.133324, 40.722368], [-74.133275, 40.722499], [-74.133226, 40.722631], [-74.133176, 40.722765], [-74.133126, 40.722901], [-74.133031, 40.723314], [-74.132979, 40.72344], [-74.132923, 40.72357], [-74.132865, 40.7237], [-74.132807, 40.723828], [-74.132744, 40.723957], [-74.132677, 40.72409], [-74.132614, 40.724212], [-74.132546, 40.724339], [-74.132474, 40.724464], [-74.132402, 40.724587], [-74.132325, 40.72471], [-74.132247, 40.724835], [-74.132175, 40.724946], [-74.13198, 40.725221], [-74.131841, 40.72541], [-74.131681, 40.725612], [-74.131531, 40.725795], [-74.131375, 40.725979], [-74.131166, 40.726212], [-74.131005, 40.726381], [-74.130853, 40.726532], [-74.130681, 40.7267], [-74.130514, 40.726851], [-74.130362, 40.726981], [-74.129959, 40.727307], [-74.129468, 40.727694], [-74.128875, 40.72815], [-74.128147, 40.728704], [-74.12756, 40.729149], [-74.126532, 40.729974], [-74.126344, 40.730134], [-74.126158, 40.730288], [-74.12598, 40.730448], [-74.125809, 40.730608], [-74.125652, 40.730763], [-74.125483, 40.730941], [-74.125334, 40.731106], [-74.125181, 40.731282], [-74.125045, 40.731449], [-74.124912, 40.731626], [-74.124785, 40.731804], [-74.124658, 40.731991], [-74.124587, 40.7321], [-74.124541, 40.732172], [-74.124429, 40.732364], [-74.124328, 40.732544], [-74.124225, 40.732738], [-74.12413, 40.73293], [-74.124042, 40.733127], [-74.123962, 40.733317], [-74.123885, 40.733512], [-74.123823, 40.733685], [-74.123765, 40.733864], [-74.123721, 40.734017], [-74.123679, 40.734174], [-74.123642, 40.734323], [-74.123611, 40.734465], [-74.123582, 40.734619], [-74.123553, 40.734786], [-74.123527, 40.734971], [-74.123508, 40.735158], [-74.123495, 40.735319], [-74.123483, 40.735479], [-74.123472, 40.735665], [-74.123464, 40.735815], [-74.123351, 40.738381], [-74.123341, 40.738562], [-74.123332, 40.738694], [-74.123321, 40.73884], [-74.123305, 40.739011], [-74.123282, 40.739187], [-74.123257, 40.739363], [-74.123224, 40.739538], [-74.123193, 40.739684], [-74.123158, 40.73984], [-74.123115, 40.740006], [-74.123064, 40.740183], [-74.123014, 40.740347], [-74.122957, 40.740527], [-74.122895, 40.740716], [-74.122834, 40.740893], [-74.121915, 40.743637], [-74.121859, 40.743795], [-74.121809, 40.74393], [-74.121755, 40.744068], [-74.121683, 40.744248], [-74.121606, 40.74443], [-74.121536, 40.744594], [-74.121464, 40.744748], [-74.121375, 40.74493], [-74.121294, 40.745091], [-74.121213, 40.74525], [-74.121107, 40.745445], [-74.121031, 40.745581], [-74.120958, 40.745705], [-74.120885, 40.745828], [-74.120806, 40.745959], [-74.12072, 40.746099], [-74.120634, 40.746235], [-74.120522, 40.7464], [-74.120411, 40.746563], [-74.120304, 40.746714], [-74.12018, 40.746884], [-74.120054, 40.747048], [-74.119933, 40.747206], [-74.119799, 40.747368], [-74.119666, 40.747529], [-74.119539, 40.747682], [-74.119395, 40.747844], [-74.11926, 40.747991], [-74.119121, 40.748141], [-74.11898, 40.748288], [-74.11883, 40.74844], [-74.11868, 40.748586], [-74.118526, 40.748735], [-74.118371, 40.748878], [-74.118223, 40.749014], [-74.118052, 40.749166], [-74.117894, 40.7493], [-74.117751, 40.749419], [-74.117585, 40.749553], [-74.117428, 40.749678], [-74.117255, 40.749813], [-74.1171, 40.749929], [-74.116945, 40.750043], [-74.116794, 40.750148], [-74.116629, 40.750266], [-74.116455, 40.750385], [-74.116285, 40.750497], [-74.116133, 40.750596], [-74.115963, 40.750703], [-74.115832, 40.750784], [-74.115718, 40.750852], [-74.115604, 40.75092], [-74.115449, 40.75101], [-74.115292, 40.751102], [-74.115137, 40.751189], [-74.114818, 40.751361], [-74.114494, 40.751534], [-74.114178, 40.751697], [-74.113857, 40.751864], [-74.113534, 40.75203], [-74.113211, 40.752195], [-74.112885, 40.752359], [-74.11256, 40.752519], [-74.112233, 40.752681], [-74.111921, 40.752835], [-74.11163, 40.752975], [-74.111444, 40.753066], [-74.111001, 40.753278], [-74.110683, 40.753425], [-74.110409, 40.753553], [-74.109964, 40.753756], [-74.109592, 40.753926], [-74.109521, 40.753958], [-74.109202, 40.754101], [-74.108838, 40.754263], [-74.108506, 40.754408], [-74.10814, 40.754568], [-74.1078, 40.754715], [-74.107466, 40.754857], [-74.107127, 40.754999], [-74.106953, 40.755072], [-74.10679, 40.755141], [-74.106611, 40.755215], [-74.106445, 40.755283], [-74.106272, 40.755354], [-74.106105, 40.755421], [-74.105927, 40.755492], [-74.105757, 40.755559], [-74.105664, 40.755595], [-74.105618, 40.755612], [-74.105479, 40.755663], [-74.105329, 40.755717], [-74.105155, 40.755778], [-74.104984, 40.755837], [-74.104818, 40.755892], [-74.104633, 40.755952], [-74.104465, 40.756005], [-74.104304, 40.756054], [-74.10414, 40.756102], [-74.103968, 40.756151], [-74.103793, 40.7562], [-74.10361, 40.756249], [-74.103442, 40.756292], [-74.103261, 40.756339], [-74.103086, 40.756381], [-74.10292, 40.756421], [-74.102747, 40.75646], [-74.102569, 40.756498], [-74.102402, 40.756533], [-74.102229, 40.756568], [-74.102055, 40.756602], [-74.101881, 40.756634], [-74.101698, 40.756666], [-74.101514, 40.756697], [-74.10134, 40.756725], [-74.101167, 40.756751], [-74.100985, 40.756777], [-74.100809, 40.756802], [-74.100651, 40.756822], [-74.100478, 40.756843], [-74.100291, 40.756865], [-74.100111, 40.756884], [-74.099931, 40.756902], [-74.099739, 40.756919], [-74.099559, 40.756934], [-74.099388, 40.756947], [-74.099203, 40.756959], [-74.099027, 40.75697], [-74.098842, 40.75698], [-74.098667, 40.756987], [-74.098477, 40.756994], [-74.098304, 40.756998], [-74.098118, 40.757002], [-74.097932, 40.757006], [-74.09774, 40.757008], [-74.090532, 40.757109], [-74.090336, 40.757112], [-74.090155, 40.757116], [-74.089956, 40.757123], [-74.089786, 40.757131], [-74.089595, 40.757141], [-74.089434, 40.75715], [-74.089262, 40.757163], [-74.08908, 40.757178], [-74.088906, 40.757192], [-74.088725, 40.75721], [-74.088543, 40.757231], [-74.08836, 40.757253], [-74.088183, 40.757276], [-74.088007, 40.757301], [-74.087819, 40.75733], [-74.087655, 40.757356], [-74.087485, 40.757384], [-74.087293, 40.757418], [-74.087122, 40.75745], [-74.086948, 40.757485], [-74.086771, 40.757521], [-74.0866, 40.757559], [-74.086436, 40.757596], [-74.086258, 40.757639], [-74.08609, 40.757681], [-74.08591, 40.757728], [-74.085781, 40.757764], [-74.085558, 40.757828], [-74.085393, 40.757876], [-74.085225, 40.757928], [-74.085056, 40.757982], [-74.084881, 40.758039], [-74.084718, 40.758094], [-74.084553, 40.758152], [-74.08439, 40.758212], [-74.084227, 40.758273], [-74.084066, 40.758334], [-74.083906, 40.758398], [-74.083744, 40.758464], [-74.08359, 40.758531], [-74.083436, 40.758598], [-74.083276, 40.758669], [-74.083119, 40.758742], [-74.082968, 40.758814], [-74.082512, 40.75903], [-74.08235, 40.759107], [-74.082198, 40.75918], [-74.082054, 40.759248], [-74.08189, 40.759326], [-74.081741, 40.759397], [-74.081591, 40.759471], [-74.081438, 40.759544], [-74.081288, 40.759617]]}, "properties": {"name": "New Jersey Turnpike Eastern Spur", "kind": "Turnpike", "source": "OpenStreetMap / OSRM driving geometry; bus suitability not certified", "ref": "I 95; NJTP", "concept": "c1", "variant": "core"}}, {"type": "Feature", "geometry": {"type": "LineString", "coordinates": [[-74.081288, 40.759617], [-74.080764, 40.759787], [-74.080374, 40.759975], [-74.080295, 40.760008], [-74.080222, 40.760037], [-74.080153, 40.760062], [-74.080059, 40.760095], [-74.079952, 40.760126], [-74.07985, 40.760153], [-74.079748, 40.760179], [-74.079407, 40.760266], [-74.079231, 40.760312], [-74.079047, 40.760364], [-74.078893, 40.76041], [-74.078758, 40.760454], [-74.078649, 40.760496], [-74.078531, 40.760544], [-74.078419, 40.760594], [-74.078284, 40.760662], [-74.078154, 40.760732], [-74.078028, 40.760804], [-74.077722, 40.760965], [-74.077646, 40.761001], [-74.077567, 40.761033], [-74.077487, 40.761062], [-74.077395, 40.76109], [-74.077304, 40.761113], [-74.077223, 40.761125], [-74.077143, 40.761134], [-74.077068, 40.761134], [-74.076986, 40.761131], [-74.076907, 40.761121], [-74.076833, 40.761105], [-74.076762, 40.761085], [-74.076702, 40.761061], [-74.076643, 40.761031], [-74.076587, 40.760992], [-74.076529, 40.760948], [-74.076458, 40.760895], [-74.076395, 40.760841], [-74.07634, 40.760788], [-74.076293, 40.760741], [-74.076228, 40.760671], [-74.076169, 40.760599], [-74.076096, 40.760512], [-74.075573, 40.759871], [-74.075385, 40.759655], [-74.075272, 40.75949], [-74.075097, 40.759232], [-74.074986, 40.759064], [-74.074877, 40.758881], [-74.074676, 40.758535], [-74.074479, 40.758175], [-74.074399, 40.758022], [-74.074314, 40.757851], [-74.074245, 40.757702], [-74.074183, 40.757571], [-74.074161, 40.75752], [-74.07413, 40.757458], [-74.074085, 40.757359], [-74.07405, 40.757284], [-74.074032, 40.757249], [-74.074011, 40.757209], [-74.073991, 40.75717], [-74.07397, 40.757133], [-74.073846, 40.756916], [-74.073818, 40.756867], [-74.073789, 40.756817], [-74.073641, 40.756558], [-74.073521, 40.756351], [-74.073442, 40.756225], [-74.073332, 40.756055], [-74.073238, 40.755909], [-74.073156, 40.755774], [-74.073076, 40.755638], [-74.072984, 40.755469], [-74.072322, 40.754272], [-74.070859, 40.751632], [-74.070793, 40.751514], [-74.070757, 40.751451], [-74.070718, 40.751386], [-74.070677, 40.751323], [-74.070634, 40.751263], [-74.070589, 40.751203], [-74.070543, 40.751145], [-74.070496, 40.751089], [-74.070449, 40.751033], [-74.070395, 40.750975], [-74.070342, 40.750919], [-74.070288, 40.750866], [-74.070229, 40.750812], [-74.070166, 40.750756], [-74.070098, 40.750699], [-74.070047, 40.750659], [-74.069991, 40.750617], [-74.069924, 40.750568], [-74.069854, 40.75052], [-74.069785, 40.750474], [-74.069716, 40.750432], [-74.069645, 40.750392], [-74.069573, 40.750354], [-74.069496, 40.750319], [-74.069413, 40.750284], [-74.069331, 40.750253], [-74.069251, 40.750228], [-74.069166, 40.750205], [-74.069079, 40.750188], [-74.068987, 40.750175], [-74.068895, 40.750168], [-74.068807, 40.750169], [-74.068719, 40.750176], [-74.068633, 40.750189], [-74.068552, 40.750207], [-74.068472, 40.75023], [-74.068396, 40.750257], [-74.068312, 40.750296], [-74.068235, 40.750341], [-74.068168, 40.750387], [-74.068108, 40.750438], [-74.068054, 40.750493], [-74.068004, 40.750559], [-74.067966, 40.750618], [-74.067936, 40.750681], [-74.067913, 40.750743], [-74.067896, 40.750809], [-74.067888, 40.750878], [-74.06789, 40.750948], [-74.0679, 40.75102], [-74.067921, 40.751095], [-74.067944, 40.751154], [-74.067974, 40.751215], [-74.068009, 40.751276], [-74.068051, 40.751337], [-74.068094, 40.751395], [-74.068143, 40.751454], [-74.068193, 40.751506], [-74.068251, 40.751563], [-74.068303, 40.75161], [-74.0692, 40.752383], [-74.069257, 40.752434], [-74.069312, 40.752485], [-74.069368, 40.752541], [-74.069421, 40.752597], [-74.069471, 40.752651], [-74.069518, 40.752707], [-74.069569, 40.752769], [-74.069614, 40.752828], [-74.069657, 40.752889], [-74.069697, 40.752946], [-74.069766, 40.753055], [-74.069777, 40.753074], [-74.069812, 40.753138], [-74.069848, 40.753206], [-74.069878, 40.753267], [-74.069905, 40.753328], [-74.06993, 40.753395], [-74.069953, 40.753458], [-74.069975, 40.753525], [-74.069996, 40.753591], [-74.070039, 40.753727], [-74.071877, 40.759739], [-74.072072, 40.760416], [-74.072148, 40.76069], [-74.072379, 40.761525], [-74.072434, 40.761716], [-74.07262, 40.762344]]}, "properties": {"name": "Ramp / connecting roadway", "kind": "Road connector", "source": "OpenStreetMap / OSRM driving geometry; bus suitability not certified", "ref": "", "concept": "c1", "variant": "core"}}, {"type": "Feature", "geometry": {"type": "LineString", "coordinates": [[-74.07262, 40.762344], [-74.072602, 40.762336]]}, "properties": {"name": "GTFS shape join (under 35 m)", "kind": "Shape join", "source": "Short geometry alignment join; operational review required", "concept": "c1", "variant": "core"}}, {"type": "Feature", "geometry": {"type": "LineString", "coordinates": [[-74.072602, 40.762336], [-74.072783, 40.762286], [-74.073164, 40.762166], [-74.073892, 40.761856]]}, "properties": {"name": "Secaucus Junction approach (NJ TRANSIT 124)", "kind": "GTFS", "feed": "njt", "routes": ["124"], "shape_id": "375", "start_vertex": 465, "end_vertex": 468, "concept": "c1", "variant": "core"}}, {"type": "Feature", "geometry": {"type": "LineString", "coordinates": [[-74.498883, 40.348834], [-74.498786, 40.348702], [-74.498745, 40.348581], [-74.498749, 40.348493], [-74.498813, 40.348431], [-74.499023, 40.348341], [-74.499081, 40.348316], [-74.499336, 40.348191]]}, "properties": {"name": "Ramp / connecting roadway", "kind": "Road connector", "source": "OpenStreetMap / OSRM driving geometry; bus suitability not certified", "ref": "", "concept": "c2", "variant": "core"}}, {"type": "Feature", "geometry": {"type": "LineString", "coordinates": [[-74.499336, 40.348191], [-74.49914, 40.347935], [-74.498884, 40.347678], [-74.498764, 40.347595], [-74.498672, 40.34755], [-74.498553, 40.347495], [-74.49834, 40.347428], [-74.497949, 40.347334]]}, "properties": {"name": "Ramp / connecting roadway", "kind": "Road connector", "source": "OpenStreetMap / OSRM driving geometry; bus suitability not certified", "ref": "", "concept": "c2", "variant": "core"}}, {"type": "Feature", "geometry": {"type": "LineString", "coordinates": [[-74.497949, 40.347334], [-74.497775, 40.347296], [-74.497404, 40.347215], [-74.497253, 40.347195], [-74.497117, 40.347191], [-74.497028, 40.347196], [-74.496926, 40.347212], [-74.49677, 40.347263]]}, "properties": {"name": "Ramp / connecting roadway", "kind": "Road connector", "source": "OpenStreetMap / OSRM driving geometry; bus suitability not certified", "ref": "", "concept": "c2", "variant": "core"}}, {"type": "Feature", "geometry": {"type": "LineString", "coordinates": [[-74.49677, 40.347263], [-74.496583, 40.347342], [-74.495695, 40.34776], [-74.495311, 40.347929], [-74.495078, 40.348025], [-74.494828, 40.348109], [-74.49458, 40.348174], [-74.494337, 40.348226], [-74.494195, 40.348248], [-74.493895, 40.34828], [-74.493509, 40.348298], [-74.493133, 40.348281], [-74.492826, 40.348247], [-74.492464, 40.348179], [-74.490437, 40.347789], [-74.49027, 40.347754], [-74.486874, 40.347086], [-74.484305, 40.34655], [-74.48339, 40.346359], [-74.483153, 40.34631], [-74.483081, 40.346295], [-74.482542, 40.346177], [-74.482242, 40.346117], [-74.482084, 40.346081], [-74.481547, 40.345938]]}, "properties": {"name": "Forsgate Drive", "kind": "Road connector", "source": "OpenStreetMap / OSRM driving geometry; bus suitability not certified", "ref": "NJ 32", "concept": "c2", "variant": "core"}}, {"type": "Feature", "geometry": {"type": "LineString", "coordinates": [[-74.481547, 40.345938], [-74.481388, 40.345801], [-74.481326, 40.345765], [-74.481273, 40.34573], [-74.48122, 40.345686], [-74.481172, 40.345636], [-74.481135, 40.34558], [-74.481095, 40.345512], [-74.481032, 40.345365], [-74.480915, 40.345053], [-74.480859, 40.344922], [-74.480831, 40.344871], [-74.480802, 40.344823], [-74.480755, 40.344756], [-74.480712, 40.344709], [-74.480644, 40.344644], [-74.480595, 40.344601], [-74.480551, 40.344567], [-74.480449, 40.344502], [-74.480387, 40.344465], [-74.4803, 40.344428], [-74.480199, 40.344396], [-74.480127, 40.344384], [-74.480046, 40.344381], [-74.479977, 40.344382], [-74.479911, 40.344388], [-74.479832, 40.344408], [-74.479771, 40.344427], [-74.479697, 40.344456], [-74.479643, 40.344485], [-74.479563, 40.344544], [-74.479515, 40.34459], [-74.479469, 40.344637], [-74.479416, 40.344697], [-74.479372, 40.344748], [-74.479333, 40.344805], [-74.479296, 40.344879], [-74.479268, 40.344944], [-74.479243, 40.345016], [-74.479211, 40.345116], [-74.47918, 40.345217], [-74.479067, 40.345696], [-74.478814, 40.347014], [-74.478755, 40.347292], [-74.47874, 40.347348], [-74.478717, 40.34742], [-74.47866, 40.34757], [-74.478484, 40.347956], [-74.478306, 40.348429]]}, "properties": {"name": "Ramp / connecting roadway", "kind": "Road connector", "source": "OpenStreetMap / OSRM driving geometry; bus suitability not certified", "ref": "", "concept": "c2", "variant": "core"}}, {"type": "Feature", "geometry": {"type": "LineString", "coordinates": [[-74.478306, 40.348429], [-74.478166, 40.348801], [-74.478151, 40.348839], [-74.478072, 40.349075], [-74.478053, 40.349134], [-74.478038, 40.349174], [-74.477945, 40.349453], [-74.477678, 40.350258]]}, "properties": {"name": "Ramp / connecting roadway", "kind": "Road connector", "source": "OpenStreetMap / OSRM driving geometry; bus suitability not certified", "ref": "", "concept": "c2", "variant": "core"}}, {"type": "Feature", "geometry": {"type": "LineString", "coordinates": [[-74.477678, 40.350258], [-74.477555, 40.350781], [-74.477418, 40.351262], [-74.477345, 40.351417], [-74.477254, 40.351529], [-74.477128, 40.351638], [-74.476978, 40.351732], [-74.476804, 40.351797], [-74.476619, 40.351844], [-74.476434, 40.351877], [-74.476222, 40.351901], [-74.476026, 40.351908], [-74.475833, 40.351897], [-74.47564, 40.351875], [-74.475444, 40.351838], [-74.474057, 40.351474], [-74.472276, 40.351004], [-74.47208, 40.350947], [-74.471895, 40.350873], [-74.471716, 40.350783], [-74.471557, 40.350685], [-74.471418, 40.350587]]}, "properties": {"name": "Ramp / connecting roadway", "kind": "Road connector", "source": "OpenStreetMap / OSRM driving geometry; bus suitability not certified", "ref": "", "concept": "c2", "variant": "core"}}, {"type": "Feature", "geometry": {"type": "LineString", "coordinates": [[-74.471418, 40.350587], [-74.471324, 40.350487], [-74.471251, 40.350383], [-74.471217, 40.350299], [-74.471184, 40.350211], [-74.471166, 40.350115], [-74.471155, 40.350002], [-74.471163, 40.349902], [-74.471187, 40.349806], [-74.471235, 40.3497], [-74.471286, 40.349618], [-74.471367, 40.349524], [-74.471471, 40.349446], [-74.471587, 40.349389], [-74.471713, 40.349352], [-74.471855, 40.349332], [-74.471984, 40.349328], [-74.472137, 40.349346], [-74.472276, 40.349385], [-74.472397, 40.34944], [-74.472499, 40.349512], [-74.472585, 40.3496], [-74.472649, 40.349694], [-74.472695, 40.349802], [-74.472727, 40.349915], [-74.47274, 40.350025], [-74.472735, 40.350135], [-74.472716, 40.350248], [-74.472684, 40.350364], [-74.472622, 40.350544], [-74.47248, 40.350951], [-74.471321, 40.354311], [-74.471243, 40.354563], [-74.471117, 40.35504]]}, "properties": {"name": "Ramp / connecting roadway", "kind": "Road connector", "source": "OpenStreetMap / OSRM driving geometry; bus suitability not certified", "ref": "", "concept": "c2", "variant": "core"}}, {"type": "Feature", "geometry": {"type": "LineString", "coordinates": [[-74.471117, 40.35504], [-74.470905, 40.355561], [-74.470653, 40.356141], [-74.470366, 40.356775], [-74.47022, 40.357102], [-74.469773, 40.358087], [-74.469513, 40.35867], [-74.46896, 40.359908], [-74.468574, 40.360808], [-74.468089, 40.361966], [-74.465991, 40.367124], [-74.46556, 40.368183], [-74.464511, 40.370763], [-74.463899, 40.372268], [-74.463479, 40.373294], [-74.463398, 40.373492], [-74.46306, 40.374318], [-74.462931, 40.374642], [-74.461849, 40.377298], [-74.460213, 40.381316], [-74.460102, 40.38159], [-74.459988, 40.381868], [-74.455303, 40.393355], [-74.454811, 40.394562], [-74.454595, 40.39509], [-74.454498, 40.395329], [-74.452948, 40.39912], [-74.452079, 40.401273], [-74.451725, 40.40222], [-74.450923, 40.404399], [-74.450643, 40.405162], [-74.450558, 40.405396], [-74.450019, 40.406853], [-74.449807, 40.407414], [-74.449563, 40.408031], [-74.44927, 40.408748], [-74.448965, 40.409483], [-74.448624, 40.410276], [-74.44838, 40.410831], [-74.448114, 40.411426], [-74.44753, 40.412546], [-74.446325, 40.414854], [-74.446236, 40.415103], [-74.446154, 40.41528], [-74.446076, 40.415463], [-74.4457, 40.416137], [-74.445185, 40.417013], [-74.444432, 40.418257], [-74.443901, 40.419088], [-74.442935, 40.42055], [-74.442302, 40.421462], [-74.441749, 40.422228], [-74.439698, 40.425036], [-74.438748, 40.426343], [-74.437328, 40.428169], [-74.435535, 40.430457], [-74.435092, 40.43102], [-74.434301, 40.43208], [-74.429127, 40.439188], [-74.428724, 40.439756], [-74.428335, 40.440319], [-74.427939, 40.440916], [-74.427568, 40.441508], [-74.42754, 40.441554], [-74.427193, 40.44212], [-74.426212, 40.443769], [-74.426154, 40.443868], [-74.424961, 40.4459], [-74.424153, 40.447276], [-74.422749, 40.449653], [-74.419891, 40.454491], [-74.419744, 40.45474], [-74.419267, 40.45553], [-74.419156, 40.455715], [-74.416466, 40.460293], [-74.415449, 40.462014], [-74.41527, 40.462316], [-74.415147, 40.462495], [-74.414973, 40.462746], [-74.412009, 40.467544], [-74.411479, 40.468403], [-74.410139, 40.470576], [-74.409807, 40.47109], [-74.409496, 40.471564], [-74.409249, 40.471927], [-74.408915, 40.472396], [-74.408735, 40.472619], [-74.408541, 40.472845], [-74.407261, 40.474218], [-74.407189, 40.474323], [-74.406416, 40.47523], [-74.406017, 40.4757], [-74.405639, 40.476183], [-74.405295, 40.476638], [-74.404941, 40.47714], [-74.404622, 40.47763], [-74.403305, 40.479737], [-74.402997, 40.480233], [-74.402624, 40.480833], [-74.402248, 40.48142], [-74.401934, 40.481888], [-74.401548, 40.482406], [-74.401167, 40.482885], [-74.400778, 40.483369], [-74.400384, 40.483836], [-74.399979, 40.484299], [-74.399593, 40.484725], [-74.399169, 40.485178], [-74.398633, 40.485719], [-74.398179, 40.486163], [-74.397736, 40.486583], [-74.397355, 40.486929], [-74.396968, 40.487285], [-74.395077, 40.488979], [-74.392047, 40.491667], [-74.391673, 40.492], [-74.391532, 40.492127], [-74.382875, 40.499857], [-74.377423, 40.504724], [-74.377016, 40.505085], [-74.376562, 40.505489], [-74.371434, 40.510059], [-74.368851, 40.51236], [-74.368288, 40.512843], [-74.367687, 40.513339], [-74.367092, 40.513812], [-74.366502, 40.51426], [-74.366256, 40.514438], [-74.365826, 40.51475], [-74.365212, 40.515176], [-74.364608, 40.515582], [-74.363897, 40.516038], [-74.363232, 40.516446], [-74.362548, 40.516856], [-74.361851, 40.517247], [-74.361105, 40.517653], [-74.360359, 40.51804], [-74.35941, 40.518505], [-74.358948, 40.518721], [-74.358256, 40.519037], [-74.357529, 40.519349], [-74.356714, 40.519691], [-74.356301, 40.519851], [-74.353772, 40.520811], [-74.352948, 40.521119], [-74.351021, 40.521822], [-74.35012, 40.522146], [-74.349184, 40.522476], [-74.347751, 40.52297], [-74.344936, 40.523984], [-74.344818, 40.524031], [-74.344383, 40.524187], [-74.343744, 40.524435], [-74.343109, 40.524694], [-74.342505, 40.524955], [-74.341886, 40.525241], [-74.341234, 40.525561], [-74.340579, 40.525893], [-74.339893, 40.526268], [-74.338536, 40.527083], [-74.336875, 40.528099], [-74.336073, 40.528607], [-74.334877, 40.529396], [-74.333415, 40.530382], [-74.333008, 40.53066], [-74.33059, 40.532297], [-74.330193, 40.532566], [-74.329332, 40.533153], [-74.328755, 40.533526], [-74.328157, 40.533895], [-74.327471, 40.534313], [-74.326765, 40.534716], [-74.326086, 40.535089], [-74.325416, 40.535446], [-74.324686, 40.535817], [-74.323959, 40.536168], [-74.323222, 40.536514], [-74.322481, 40.53684], [-74.321838, 40.537112], [-74.321199, 40.537375], [-74.320569, 40.537619], [-74.319877, 40.537876], [-74.31926, 40.538094], [-74.318718, 40.53828], [-74.318169, 40.538461], [-74.317592, 40.538647], [-74.317002, 40.53883], [-74.315671, 40.539232], [-74.314427, 40.539592], [-74.313807, 40.539762], [-74.313117, 40.539944], [-74.31237, 40.540129], [-74.311713, 40.540286], [-74.310974, 40.540466], [-74.310278, 40.540598], [-74.30962, 40.540715], [-74.308965, 40.540827], [-74.307977, 40.540954], [-74.307468, 40.541015], [-74.306913, 40.541073], [-74.306211, 40.541146], [-74.305162, 40.541231], [-74.304501, 40.541292], [-74.30286, 40.541427], [-74.302122, 40.541495], [-74.301752, 40.541529], [-74.300636, 40.541639], [-74.299647, 40.541753], [-74.297469, 40.54203], [-74.297343, 40.542047], [-74.296984, 40.542103], [-74.29634, 40.542204], [-74.295945, 40.542269], [-74.295497, 40.542346], [-74.295041, 40.542432], [-74.294558, 40.542525], [-74.293955, 40.54265], [-74.293386, 40.542778], [-74.289119, 40.543803], [-74.289102, 40.543808], [-74.286812, 40.544366], [-74.28615, 40.544547], [-74.285509, 40.544753], [-74.284972, 40.544953], [-74.284393, 40.545187], [-74.28383, 40.545448], [-74.28328, 40.545721], [-74.280699, 40.547063], [-74.279927, 40.547466], [-74.278864, 40.548056], [-74.278221, 40.548412], [-74.277481, 40.548836], [-74.276676, 40.549319], [-74.274278, 40.550785], [-74.273868, 40.551035], [-74.273385, 40.551321], [-74.272811, 40.551657], [-74.270649, 40.552902], [-74.270015, 40.553286], [-74.269936, 40.553334], [-74.269382, 40.55372], [-74.26816, 40.554515], [-74.267972, 40.55464], [-74.267644, 40.554867], [-74.267518, 40.554949], [-74.267411, 40.555019], [-74.267255, 40.555124], [-74.266769, 40.555478], [-74.266241, 40.55588], [-74.265616, 40.556373], [-74.265055, 40.556834], [-74.264444, 40.557357], [-74.26387, 40.557871], [-74.263336, 40.558366], [-74.262784, 40.558894], [-74.262258, 40.559432], [-74.261668, 40.560051], [-74.260858, 40.560923], [-74.25919, 40.562779], [-74.258138, 40.563947], [-74.257586, 40.564557], [-74.257032, 40.565159], [-74.255718, 40.566561], [-74.253795, 40.568605], [-74.253499, 40.568917], [-74.252207, 40.57029], [-74.247769, 40.575009], [-74.247117, 40.575718], [-74.246454, 40.576451], [-74.245698, 40.577331], [-74.245001, 40.578177], [-74.244424, 40.578894], [-74.243896, 40.579582], [-74.243169, 40.580568], [-74.242511, 40.581495], [-74.241932, 40.582355], [-74.240032, 40.585262], [-74.237872, 40.588578], [-74.237734, 40.58879], [-74.236862, 40.590113], [-74.23572, 40.591815], [-74.235648, 40.591943], [-74.235251, 40.592574], [-74.234677, 40.593444], [-74.233778, 40.594825], [-74.233088, 40.595868], [-74.232468, 40.596811], [-74.232163, 40.597302], [-74.231893, 40.597719], [-74.23177, 40.597939], [-74.231566, 40.598296], [-74.230839, 40.599562], [-74.230272, 40.600551], [-74.230119, 40.600821], [-74.228426, 40.603666], [-74.2276, 40.605026], [-74.226166, 40.607396], [-74.225919, 40.607804], [-74.224535, 40.610094], [-74.223735, 40.611409], [-74.223627, 40.611587], [-74.223431, 40.611912], [-74.220879, 40.616139], [-74.220811, 40.616251], [-74.216967, 40.622589], [-74.215855, 40.624376], [-74.215719, 40.624626], [-74.215017, 40.625826], [-74.21381, 40.627853], [-74.213395, 40.628495], [-74.213121, 40.628922], [-74.212667, 40.629619], [-74.211726, 40.631062], [-74.211507, 40.631412], [-74.211099, 40.632035], [-74.210576, 40.632883], [-74.208862, 40.63568], [-74.20829, 40.636627], [-74.20771, 40.637703], [-74.206966, 40.639019], [-74.206467, 40.639888], [-74.205896, 40.640855], [-74.205378, 40.641701], [-74.204378, 40.643315], [-74.203355, 40.644927], [-74.202943, 40.645572], [-74.201878, 40.647243], [-74.201642, 40.647583], [-74.201401, 40.647901], [-74.201167, 40.648175], [-74.200862, 40.648499], [-74.20069, 40.648662], [-74.20054, 40.648805], [-74.200369, 40.648964], [-74.200173, 40.649135], [-74.200109, 40.64918], [-74.200012, 40.649241], [-74.199046, 40.649916], [-74.198683, 40.650133], [-74.19832, 40.650334], [-74.196865, 40.651128], [-74.196427, 40.651367], [-74.196052, 40.651571], [-74.195579, 40.651829], [-74.195231, 40.652019], [-74.194827, 40.65224], [-74.194467, 40.652436], [-74.194068, 40.652654], [-74.1937, 40.652854], [-74.193315, 40.653065], [-74.192935, 40.653272], [-74.192557, 40.653478], [-74.192165, 40.653692], [-74.191803, 40.653889], [-74.191318, 40.654154], [-74.19101, 40.654322], [-74.190565, 40.654584], [-74.190168, 40.654835], [-74.189825, 40.655076], [-74.189506, 40.655311], [-74.189162, 40.655579], [-74.188843, 40.655848], [-74.188721, 40.655958], [-74.188537, 40.656126], [-74.188218, 40.656436], [-74.187955, 40.656704], [-74.187797, 40.656878], [-74.187625, 40.657071], [-74.187464, 40.657256], [-74.187311, 40.657441], [-74.187142, 40.657657], [-74.186973, 40.657884], [-74.186614, 40.658391], [-74.185874, 40.659456], [-74.185187, 40.660428], [-74.18485, 40.660878], [-74.184674, 40.661121], [-74.184343, 40.661581], [-74.184295, 40.661652], [-74.184253, 40.661718], [-74.184195, 40.661812], [-74.184015, 40.662054], [-74.183836, 40.662292], [-74.183651, 40.662538], [-74.183483, 40.662758], [-74.183296, 40.663001], [-74.183109, 40.663238], [-74.182917, 40.663481], [-74.182728, 40.663718], [-74.182532, 40.663959], [-74.182341, 40.66419], [-74.182142, 40.664427], [-74.181945, 40.664661], [-74.181754, 40.664882], [-74.181556, 40.665112], [-74.181353, 40.665346], [-74.181148, 40.665577], [-74.180943, 40.665806], [-74.180759, 40.666008], [-74.180547, 40.66624], [-74.180334, 40.666468], [-74.180118, 40.6667], [-74.17991, 40.666924], [-74.179697, 40.667151], [-74.179484, 40.667379], [-74.179273, 40.667602], [-74.179057, 40.667831], [-74.178849, 40.668053], [-74.178801, 40.668105], [-74.178632, 40.668284], [-74.177251, 40.669753], [-74.175011, 40.67214], [-74.1748, 40.672364], [-74.174586, 40.672592], [-74.174374, 40.67282], [-74.174163, 40.67305], [-74.173956, 40.67328], [-74.173747, 40.673514], [-74.173547, 40.673743], [-74.173346, 40.673977], [-74.173148, 40.674211], [-74.172951, 40.674447], [-74.172756, 40.674682], [-74.172629, 40.674838], [-74.172563, 40.67492], [-74.172372, 40.675158], [-74.172183, 40.675399], [-74.171996, 40.675638], [-74.17181, 40.675879], [-74.171629, 40.67612], [-74.171447, 40.676365], [-74.171271, 40.676605], [-74.171099, 40.676846], [-74.170498, 40.677678], [-74.170058, 40.678301], [-74.168642, 40.680353], [-74.168016, 40.681289], [-74.16699, 40.682769], [-74.166114, 40.68391], [-74.163719, 40.687495], [-74.163575, 40.687703], [-74.162393, 40.689405], [-74.162189, 40.6897], [-74.161959, 40.69003], [-74.161793, 40.690269], [-74.161622, 40.690513], [-74.161447, 40.690759], [-74.161275, 40.690999], [-74.161102, 40.691242], [-74.160925, 40.691486], [-74.160749, 40.691726], [-74.160573, 40.691968], [-74.160397, 40.692207], [-74.160224, 40.692442], [-74.160045, 40.692687], [-74.15987, 40.692926], [-74.15969, 40.693172], [-74.159516, 40.693411], [-74.159341, 40.693653], [-74.157865, 40.695674], [-74.157441, 40.696277], [-74.156689, 40.697286], [-74.156246, 40.697887], [-74.155548, 40.698902], [-74.155329, 40.699236], [-74.155096, 40.6996], [-74.154861, 40.699981], [-74.15464, 40.700341], [-74.15442, 40.700716], [-74.154289, 40.700944], [-74.153407, 40.702584], [-74.152903, 40.703548], [-74.152651, 40.704013], [-74.152605, 40.704099], [-74.1522, 40.704811], [-74.151441, 40.706071], [-74.150778, 40.707179], [-74.150533, 40.707572], [-74.150305, 40.707911], [-74.150067, 40.708234], [-74.149819, 40.708538], [-74.149641, 40.708738], [-74.149402, 40.708989], [-74.149173, 40.709212], [-74.148956, 40.709407], [-74.148713, 40.709609], [-74.148468, 40.709803], [-74.148208, 40.709998], [-74.147941, 40.710187], [-74.147677, 40.710363], [-74.147402, 40.710537], [-74.147103, 40.710712], [-74.146821, 40.71087], [-74.14652, 40.71103], [-74.146223, 40.711179], [-74.145913, 40.711322], [-74.145593, 40.711461], [-74.145276, 40.711592], [-74.144958, 40.711715], [-74.144532, 40.711878], [-74.142791, 40.712538], [-74.141396, 40.713079], [-74.140721, 40.71335], [-74.140561, 40.713416], [-74.140407, 40.713484], [-74.140243, 40.713558], [-74.140096, 40.713627], [-74.139954, 40.713695], [-74.139805, 40.713767], [-74.139661, 40.71384], [-74.139517, 40.713914], [-74.139369, 40.71399], [-74.139219, 40.71407], [-74.139074, 40.714147], [-74.138631, 40.714397]]}, "properties": {"name": "New Jersey Turnpike", "kind": "Turnpike", "source": "OpenStreetMap / OSRM driving geometry; bus suitability not certified", "ref": "I 95; NJTP", "concept": "c2", "variant": "core"}}, {"type": "Feature", "geometry": {"type": "LineString", "coordinates": [[-74.138631, 40.714397], [-74.13821, 40.714598], [-74.138062, 40.714683], [-74.137937, 40.714757], [-74.137926, 40.714763], [-74.137792, 40.714845], [-74.137657, 40.71493], [-74.13756, 40.714993], [-74.13744, 40.71507], [-74.137295, 40.715164], [-74.137172, 40.715247], [-74.137108, 40.715291], [-74.137019, 40.715353], [-74.136899, 40.715439], [-74.136768, 40.715533], [-74.136645, 40.715623], [-74.136521, 40.715718], [-74.136397, 40.715814], [-74.136277, 40.715913], [-74.136156, 40.716016], [-74.136045, 40.716115], [-74.135931, 40.716222], [-74.13582, 40.716332], [-74.135715, 40.716441], [-74.135617, 40.716543], [-74.135517, 40.716653], [-74.13542, 40.716767], [-74.135328, 40.71688], [-74.135235, 40.716999], [-74.135148, 40.717113], [-74.135063, 40.717232], [-74.134983, 40.717354], [-74.134907, 40.717476], [-74.134835, 40.717602], [-74.134766, 40.717731], [-74.134703, 40.717856], [-74.134642, 40.717988], [-74.134583, 40.718117], [-74.134529, 40.718246], [-74.134476, 40.718381], [-74.13443, 40.718509], [-74.134387, 40.718642], [-74.134345, 40.71878], [-74.134308, 40.718914], [-74.134275, 40.719046], [-74.134244, 40.719174], [-74.134211, 40.719314], [-74.134181, 40.719449], [-74.134054, 40.719987], [-74.134023, 40.720121], [-74.13399, 40.720249], [-74.133956, 40.720383], [-74.133923, 40.720509], [-74.13387, 40.720712], [-74.133812, 40.720916], [-74.133772, 40.721049], [-74.133732, 40.721182], [-74.133691, 40.72132], [-74.133649, 40.72145], [-74.133603, 40.721584], [-74.133559, 40.721713], [-74.133513, 40.721844], [-74.133464, 40.721978], [-74.133418, 40.722105], [-74.13337, 40.722238], [-74.133324, 40.722368], [-74.133275, 40.722499], [-74.133226, 40.722631], [-74.133176, 40.722765], [-74.133126, 40.722901], [-74.133031, 40.723314], [-74.132979, 40.72344], [-74.132923, 40.72357], [-74.132865, 40.7237], [-74.132807, 40.723828], [-74.132744, 40.723957], [-74.132677, 40.72409], [-74.132614, 40.724212], [-74.132546, 40.724339], [-74.132474, 40.724464], [-74.132402, 40.724587], [-74.132325, 40.72471], [-74.132247, 40.724835], [-74.132175, 40.724946], [-74.13198, 40.725221], [-74.131841, 40.72541], [-74.131681, 40.725612], [-74.131531, 40.725795], [-74.131375, 40.725979], [-74.131166, 40.726212], [-74.131005, 40.726381], [-74.130853, 40.726532], [-74.130681, 40.7267], [-74.130514, 40.726851], [-74.130362, 40.726981], [-74.129959, 40.727307], [-74.129468, 40.727694], [-74.128875, 40.72815], [-74.128147, 40.728704], [-74.12756, 40.729149], [-74.126532, 40.729974], [-74.126344, 40.730134], [-74.126158, 40.730288], [-74.12598, 40.730448], [-74.125809, 40.730608], [-74.125652, 40.730763], [-74.125483, 40.730941], [-74.125334, 40.731106], [-74.125181, 40.731282], [-74.125045, 40.731449], [-74.124912, 40.731626], [-74.124785, 40.731804], [-74.124658, 40.731991], [-74.124587, 40.7321], [-74.124541, 40.732172], [-74.124429, 40.732364], [-74.124328, 40.732544], [-74.124225, 40.732738], [-74.12413, 40.73293], [-74.124042, 40.733127], [-74.123962, 40.733317], [-74.123885, 40.733512], [-74.123823, 40.733685], [-74.123765, 40.733864], [-74.123721, 40.734017], [-74.123679, 40.734174], [-74.123642, 40.734323], [-74.123611, 40.734465], [-74.123582, 40.734619], [-74.123553, 40.734786], [-74.123527, 40.734971], [-74.123508, 40.735158], [-74.123495, 40.735319], [-74.123483, 40.735479], [-74.123472, 40.735665], [-74.123464, 40.735815], [-74.123351, 40.738381], [-74.123341, 40.738562], [-74.123332, 40.738694], [-74.123321, 40.73884], [-74.123305, 40.739011], [-74.123282, 40.739187], [-74.123257, 40.739363], [-74.123224, 40.739538], [-74.123193, 40.739684], [-74.123158, 40.73984], [-74.123115, 40.740006], [-74.123064, 40.740183], [-74.123014, 40.740347], [-74.122957, 40.740527], [-74.122895, 40.740716], [-74.122834, 40.740893], [-74.121915, 40.743637], [-74.121859, 40.743795], [-74.121809, 40.74393], [-74.121755, 40.744068], [-74.121683, 40.744248], [-74.121606, 40.74443], [-74.121536, 40.744594], [-74.121464, 40.744748], [-74.121375, 40.74493], [-74.121294, 40.745091], [-74.121213, 40.74525], [-74.121107, 40.745445], [-74.121031, 40.745581], [-74.120958, 40.745705], [-74.120885, 40.745828], [-74.120806, 40.745959], [-74.12072, 40.746099], [-74.120634, 40.746235], [-74.120522, 40.7464], [-74.120411, 40.746563], [-74.120304, 40.746714], [-74.12018, 40.746884], [-74.120054, 40.747048], [-74.119933, 40.747206], [-74.119799, 40.747368], [-74.119666, 40.747529], [-74.119539, 40.747682], [-74.119395, 40.747844], [-74.11926, 40.747991], [-74.119121, 40.748141], [-74.11898, 40.748288], [-74.11883, 40.74844], [-74.11868, 40.748586], [-74.118526, 40.748735], [-74.118371, 40.748878], [-74.118223, 40.749014], [-74.118052, 40.749166], [-74.117894, 40.7493], [-74.117751, 40.749419], [-74.117585, 40.749553], [-74.117428, 40.749678], [-74.117255, 40.749813], [-74.1171, 40.749929], [-74.116945, 40.750043], [-74.116794, 40.750148], [-74.116629, 40.750266], [-74.116455, 40.750385], [-74.116285, 40.750497], [-74.116133, 40.750596], [-74.115963, 40.750703], [-74.115832, 40.750784], [-74.115718, 40.750852], [-74.115604, 40.75092], [-74.115449, 40.75101], [-74.115292, 40.751102], [-74.115137, 40.751189], [-74.114818, 40.751361], [-74.114494, 40.751534], [-74.114178, 40.751697], [-74.113857, 40.751864], [-74.113534, 40.75203], [-74.113211, 40.752195], [-74.112885, 40.752359], [-74.11256, 40.752519], [-74.112233, 40.752681], [-74.111921, 40.752835], [-74.11163, 40.752975], [-74.111444, 40.753066], [-74.111001, 40.753278], [-74.110683, 40.753425], [-74.110409, 40.753553], [-74.109964, 40.753756], [-74.109592, 40.753926], [-74.109521, 40.753958], [-74.109202, 40.754101], [-74.108838, 40.754263], [-74.108506, 40.754408], [-74.10814, 40.754568], [-74.1078, 40.754715], [-74.107466, 40.754857], [-74.107127, 40.754999], [-74.106953, 40.755072], [-74.10679, 40.755141], [-74.106611, 40.755215], [-74.106445, 40.755283], [-74.106272, 40.755354], [-74.106105, 40.755421], [-74.105927, 40.755492], [-74.105757, 40.755559], [-74.105664, 40.755595], [-74.105618, 40.755612], [-74.105479, 40.755663], [-74.105329, 40.755717], [-74.105155, 40.755778], [-74.104984, 40.755837], [-74.104818, 40.755892], [-74.104633, 40.755952], [-74.104465, 40.756005], [-74.104304, 40.756054], [-74.10414, 40.756102], [-74.103968, 40.756151], [-74.103793, 40.7562], [-74.10361, 40.756249], [-74.103442, 40.756292], [-74.103261, 40.756339], [-74.103086, 40.756381], [-74.10292, 40.756421], [-74.102747, 40.75646], [-74.102569, 40.756498], [-74.102402, 40.756533], [-74.102229, 40.756568], [-74.102055, 40.756602], [-74.101881, 40.756634], [-74.101698, 40.756666], [-74.101514, 40.756697], [-74.10134, 40.756725], [-74.101167, 40.756751], [-74.100985, 40.756777], [-74.100809, 40.756802], [-74.100651, 40.756822], [-74.100478, 40.756843], [-74.100291, 40.756865], [-74.100111, 40.756884], [-74.099931, 40.756902], [-74.099739, 40.756919], [-74.099559, 40.756934], [-74.099388, 40.756947], [-74.099203, 40.756959], [-74.099027, 40.75697], [-74.098842, 40.75698], [-74.098667, 40.756987], [-74.098477, 40.756994], [-74.098304, 40.756998], [-74.098118, 40.757002], [-74.097932, 40.757006], [-74.09774, 40.757008], [-74.090532, 40.757109], [-74.090336, 40.757112], [-74.090155, 40.757116], [-74.089956, 40.757123], [-74.089786, 40.757131], [-74.089595, 40.757141], [-74.089434, 40.75715], [-74.089262, 40.757163], [-74.08908, 40.757178], [-74.088906, 40.757192], [-74.088725, 40.75721], [-74.088543, 40.757231], [-74.08836, 40.757253], [-74.088183, 40.757276], [-74.088007, 40.757301], [-74.087819, 40.75733], [-74.087655, 40.757356], [-74.087485, 40.757384], [-74.087293, 40.757418], [-74.087122, 40.75745], [-74.086948, 40.757485], [-74.086771, 40.757521], [-74.0866, 40.757559], [-74.086436, 40.757596], [-74.086258, 40.757639], [-74.08609, 40.757681], [-74.08591, 40.757728], [-74.085781, 40.757764], [-74.085558, 40.757828], [-74.085393, 40.757876], [-74.085225, 40.757928], [-74.085056, 40.757982], [-74.084881, 40.758039], [-74.084718, 40.758094], [-74.084553, 40.758152], [-74.08439, 40.758212], [-74.084227, 40.758273], [-74.084066, 40.758334], [-74.083906, 40.758398], [-74.083744, 40.758464], [-74.08359, 40.758531], [-74.083436, 40.758598], [-74.083276, 40.758669], [-74.083119, 40.758742], [-74.082968, 40.758814], [-74.082512, 40.75903], [-74.08235, 40.759107], [-74.082198, 40.75918], [-74.082054, 40.759248], [-74.08189, 40.759326], [-74.081741, 40.759397], [-74.081591, 40.759471], [-74.081438, 40.759544], [-74.081288, 40.759617]]}, "properties": {"name": "New Jersey Turnpike Eastern Spur", "kind": "Turnpike", "source": "OpenStreetMap / OSRM driving geometry; bus suitability not certified", "ref": "I 95; NJTP", "concept": "c2", "variant": "core"}}, {"type": "Feature", "geometry": {"type": "LineString", "coordinates": [[-74.081288, 40.759617], [-74.080764, 40.759787], [-74.080374, 40.759975], [-74.080295, 40.760008], [-74.080222, 40.760037], [-74.080153, 40.760062], [-74.080059, 40.760095], [-74.079952, 40.760126], [-74.07985, 40.760153], [-74.079748, 40.760179], [-74.079407, 40.760266], [-74.079231, 40.760312], [-74.079047, 40.760364], [-74.078893, 40.76041], [-74.078758, 40.760454], [-74.078649, 40.760496], [-74.078531, 40.760544], [-74.078419, 40.760594], [-74.078284, 40.760662], [-74.078154, 40.760732], [-74.078028, 40.760804], [-74.077722, 40.760965], [-74.077646, 40.761001], [-74.077567, 40.761033], [-74.077487, 40.761062], [-74.077395, 40.76109], [-74.077304, 40.761113], [-74.077223, 40.761125], [-74.077143, 40.761134], [-74.077068, 40.761134], [-74.076986, 40.761131], [-74.076907, 40.761121], [-74.076833, 40.761105], [-74.076762, 40.761085], [-74.076702, 40.761061], [-74.076643, 40.761031], [-74.076587, 40.760992], [-74.076529, 40.760948], [-74.076458, 40.760895], [-74.076395, 40.760841], [-74.07634, 40.760788], [-74.076293, 40.760741], [-74.076228, 40.760671], [-74.076169, 40.760599], [-74.076096, 40.760512], [-74.075573, 40.759871], [-74.075385, 40.759655], [-74.075272, 40.75949], [-74.075097, 40.759232], [-74.074986, 40.759064], [-74.074877, 40.758881], [-74.074676, 40.758535], [-74.074479, 40.758175], [-74.074399, 40.758022], [-74.074314, 40.757851], [-74.074245, 40.757702], [-74.074183, 40.757571], [-74.074161, 40.75752], [-74.07413, 40.757458], [-74.074085, 40.757359], [-74.07405, 40.757284], [-74.074032, 40.757249], [-74.074011, 40.757209], [-74.073991, 40.75717], [-74.07397, 40.757133], [-74.073846, 40.756916], [-74.073818, 40.756867], [-74.073789, 40.756817], [-74.073641, 40.756558], [-74.073521, 40.756351], [-74.073442, 40.756225], [-74.073332, 40.756055], [-74.073238, 40.755909], [-74.073156, 40.755774], [-74.073076, 40.755638], [-74.072984, 40.755469], [-74.072322, 40.754272], [-74.070859, 40.751632], [-74.070793, 40.751514], [-74.070757, 40.751451], [-74.070718, 40.751386], [-74.070677, 40.751323], [-74.070634, 40.751263], [-74.070589, 40.751203], [-74.070543, 40.751145], [-74.070496, 40.751089], [-74.070449, 40.751033], [-74.070395, 40.750975], [-74.070342, 40.750919], [-74.070288, 40.750866], [-74.070229, 40.750812], [-74.070166, 40.750756], [-74.070098, 40.750699], [-74.070047, 40.750659], [-74.069991, 40.750617], [-74.069924, 40.750568], [-74.069854, 40.75052], [-74.069785, 40.750474], [-74.069716, 40.750432], [-74.069645, 40.750392], [-74.069573, 40.750354], [-74.069496, 40.750319], [-74.069413, 40.750284], [-74.069331, 40.750253], [-74.069251, 40.750228], [-74.069166, 40.750205], [-74.069079, 40.750188], [-74.068987, 40.750175], [-74.068895, 40.750168], [-74.068807, 40.750169], [-74.068719, 40.750176], [-74.068633, 40.750189], [-74.068552, 40.750207], [-74.068472, 40.75023], [-74.068396, 40.750257], [-74.068312, 40.750296], [-74.068235, 40.750341], [-74.068168, 40.750387], [-74.068108, 40.750438], [-74.068054, 40.750493], [-74.068004, 40.750559], [-74.067966, 40.750618], [-74.067936, 40.750681], [-74.067913, 40.750743], [-74.067896, 40.750809], [-74.067888, 40.750878], [-74.06789, 40.750948], [-74.0679, 40.75102], [-74.067921, 40.751095], [-74.067944, 40.751154], [-74.067974, 40.751215], [-74.068009, 40.751276], [-74.068051, 40.751337], [-74.068094, 40.751395], [-74.068143, 40.751454], [-74.068193, 40.751506], [-74.068251, 40.751563], [-74.068303, 40.75161], [-74.0692, 40.752383], [-74.069257, 40.752434], [-74.069312, 40.752485], [-74.069368, 40.752541], [-74.069421, 40.752597], [-74.069471, 40.752651], [-74.069518, 40.752707], [-74.069569, 40.752769], [-74.069614, 40.752828], [-74.069657, 40.752889], [-74.069697, 40.752946], [-74.069766, 40.753055], [-74.069777, 40.753074], [-74.069812, 40.753138], [-74.069848, 40.753206], [-74.069878, 40.753267], [-74.069905, 40.753328], [-74.06993, 40.753395], [-74.069953, 40.753458], [-74.069975, 40.753525], [-74.069996, 40.753591], [-74.070039, 40.753727], [-74.071877, 40.759739], [-74.072072, 40.760416], [-74.072148, 40.76069], [-74.072379, 40.761525], [-74.072434, 40.761716], [-74.07262, 40.762344]]}, "properties": {"name": "Ramp / connecting roadway", "kind": "Road connector", "source": "OpenStreetMap / OSRM driving geometry; bus suitability not certified", "ref": "", "concept": "c2", "variant": "core"}}, {"type": "Feature", "geometry": {"type": "LineString", "coordinates": [[-74.07262, 40.762344], [-74.072602, 40.762336]]}, "properties": {"name": "GTFS shape join (under 35 m)", "kind": "Shape join", "source": "Short geometry alignment join; operational review required", "concept": "c2", "variant": "core"}}, {"type": "Feature", "geometry": {"type": "LineString", "coordinates": [[-74.072602, 40.762336], [-74.072783, 40.762286], [-74.073164, 40.762166], [-74.073892, 40.761856]]}, "properties": {"name": "Secaucus Junction approach (NJ TRANSIT 124)", "kind": "GTFS", "feed": "njt", "routes": ["124"], "shape_id": "375", "start_vertex": 465, "end_vertex": 468, "concept": "c2", "variant": "core"}}, {"type": "Feature", "geometry": {"type": "LineString", "coordinates": [[-74.498883, 40.348834], [-74.498786, 40.348702], [-74.498745, 40.348581], [-74.498749, 40.348493], [-74.498813, 40.348431], [-74.499023, 40.348341], [-74.499081, 40.348316], [-74.499336, 40.348191]]}, "properties": {"name": "Ramp / site access road", "kind": "Road connector", "source": "OpenStreetMap / OSRM car-routing geometry; coach access unverified", "cache": "8a-amc-osrm.json", "ref": "", "concept": "c2", "variant": "optional"}}, {"type": "Feature", "geometry": {"type": "LineString", "coordinates": [[-74.499336, 40.348191], [-74.49914, 40.347935], [-74.498884, 40.347678], [-74.498764, 40.347595], [-74.498672, 40.34755], [-74.498553, 40.347495], [-74.49834, 40.347428], [-74.497949, 40.347334]]}, "properties": {"name": "Ramp / site access road", "kind": "Road connector", "source": "OpenStreetMap / OSRM car-routing geometry; coach access unverified", "cache": "8a-amc-osrm.json", "ref": "", "concept": "c2", "variant": "optional"}}, {"type": "Feature", "geometry": {"type": "LineString", "coordinates": [[-74.497949, 40.347334], [-74.497775, 40.347296], [-74.497404, 40.347215], [-74.497253, 40.347195], [-74.497117, 40.347191], [-74.497028, 40.347196], [-74.496926, 40.347212], [-74.49677, 40.347263]]}, "properties": {"name": "Ramp / site access road", "kind": "Road connector", "source": "OpenStreetMap / OSRM car-routing geometry; coach access unverified", "cache": "8a-amc-osrm.json", "ref": "", "concept": "c2", "variant": "optional"}}, {"type": "Feature", "geometry": {"type": "LineString", "coordinates": [[-74.49677, 40.347263], [-74.496583, 40.347342], [-74.495695, 40.34776], [-74.495311, 40.347929], [-74.495078, 40.348025], [-74.494828, 40.348109], [-74.49458, 40.348174], [-74.494337, 40.348226], [-74.494195, 40.348248], [-74.493895, 40.34828], [-74.493509, 40.348298], [-74.493133, 40.348281], [-74.492826, 40.348247], [-74.492464, 40.348179], [-74.490437, 40.347789], [-74.49027, 40.347754], [-74.486874, 40.347086], [-74.484305, 40.34655], [-74.48339, 40.346359], [-74.483153, 40.34631], [-74.483081, 40.346295], [-74.482542, 40.346177], [-74.482242, 40.346117], [-74.482084, 40.346081], [-74.481547, 40.345938]]}, "properties": {"name": "Forsgate Drive", "kind": "Road connector", "source": "OpenStreetMap / OSRM car-routing geometry; coach access unverified", "cache": "8a-amc-osrm.json", "ref": "NJ 32", "concept": "c2", "variant": "optional"}}, {"type": "Feature", "geometry": {"type": "LineString", "coordinates": [[-74.481547, 40.345938], [-74.481388, 40.345801], [-74.481326, 40.345765], [-74.481273, 40.34573], [-74.48122, 40.345686], [-74.481172, 40.345636], [-74.481135, 40.34558], [-74.481095, 40.345512], [-74.481032, 40.345365], [-74.480915, 40.345053], [-74.480859, 40.344922], [-74.480831, 40.344871], [-74.480802, 40.344823], [-74.480755, 40.344756], [-74.480712, 40.344709], [-74.480644, 40.344644], [-74.480595, 40.344601], [-74.480551, 40.344567], [-74.480449, 40.344502], [-74.480387, 40.344465], [-74.4803, 40.344428], [-74.480199, 40.344396], [-74.480127, 40.344384], [-74.480046, 40.344381], [-74.479977, 40.344382], [-74.479911, 40.344388], [-74.479832, 40.344408], [-74.479771, 40.344427], [-74.479697, 40.344456], [-74.479643, 40.344485], [-74.479563, 40.344544], [-74.479515, 40.34459], [-74.479469, 40.344637], [-74.479416, 40.344697], [-74.479372, 40.344748], [-74.479333, 40.344805], [-74.479296, 40.344879], [-74.479268, 40.344944], [-74.479243, 40.345016], [-74.479211, 40.345116], [-74.47918, 40.345217], [-74.479067, 40.345696], [-74.478814, 40.347014], [-74.478755, 40.347292], [-74.47874, 40.347348], [-74.478717, 40.34742], [-74.47866, 40.34757], [-74.478484, 40.347956], [-74.478306, 40.348429]]}, "properties": {"name": "Ramp / site access road", "kind": "Road connector", "source": "OpenStreetMap / OSRM car-routing geometry; coach access unverified", "cache": "8a-amc-osrm.json", "ref": "", "concept": "c2", "variant": "optional"}}, {"type": "Feature", "geometry": {"type": "LineString", "coordinates": [[-74.478306, 40.348429], [-74.478166, 40.348801], [-74.478151, 40.348839], [-74.478072, 40.349075], [-74.478053, 40.349134], [-74.478038, 40.349174], [-74.477945, 40.349453], [-74.477678, 40.350258]]}, "properties": {"name": "Ramp / site access road", "kind": "Road connector", "source": "OpenStreetMap / OSRM car-routing geometry; coach access unverified", "cache": "8a-amc-osrm.json", "ref": "", "concept": "c2", "variant": "optional"}}, {"type": "Feature", "geometry": {"type": "LineString", "coordinates": [[-74.477678, 40.350258], [-74.477555, 40.350781], [-74.477418, 40.351262], [-74.477345, 40.351417], [-74.477254, 40.351529], [-74.477128, 40.351638], [-74.476978, 40.351732], [-74.476804, 40.351797], [-74.476619, 40.351844], [-74.476434, 40.351877], [-74.476222, 40.351901], [-74.476026, 40.351908], [-74.475833, 40.351897], [-74.47564, 40.351875], [-74.475444, 40.351838], [-74.474057, 40.351474], [-74.472276, 40.351004], [-74.47208, 40.350947], [-74.471895, 40.350873], [-74.471716, 40.350783], [-74.471557, 40.350685], [-74.471418, 40.350587]]}, "properties": {"name": "Ramp / site access road", "kind": "Road connector", "source": "OpenStreetMap / OSRM car-routing geometry; coach access unverified", "cache": "8a-amc-osrm.json", "ref": "", "concept": "c2", "variant": "optional"}}, {"type": "Feature", "geometry": {"type": "LineString", "coordinates": [[-74.471418, 40.350587], [-74.471324, 40.350487], [-74.471251, 40.350383], [-74.471217, 40.350299], [-74.471184, 40.350211], [-74.471166, 40.350115], [-74.471155, 40.350002], [-74.471163, 40.349902], [-74.471187, 40.349806], [-74.471235, 40.3497], [-74.471286, 40.349618], [-74.471367, 40.349524], [-74.471471, 40.349446], [-74.471587, 40.349389], [-74.471713, 40.349352], [-74.471855, 40.349332], [-74.471984, 40.349328], [-74.472137, 40.349346], [-74.472276, 40.349385], [-74.472397, 40.34944], [-74.472499, 40.349512], [-74.472585, 40.3496], [-74.472649, 40.349694], [-74.472695, 40.349802], [-74.472727, 40.349915], [-74.47274, 40.350025], [-74.472735, 40.350135], [-74.472716, 40.350248], [-74.472684, 40.350364], [-74.472622, 40.350544], [-74.47248, 40.350951], [-74.471321, 40.354311], [-74.471243, 40.354563], [-74.471117, 40.35504]]}, "properties": {"name": "Ramp / site access road", "kind": "Road connector", "source": "OpenStreetMap / OSRM car-routing geometry; coach access unverified", "cache": "8a-amc-osrm.json", "ref": "", "concept": "c2", "variant": "optional"}}, {"type": "Feature", "geometry": {"type": "LineString", "coordinates": [[-74.471117, 40.35504], [-74.470905, 40.355561], [-74.470653, 40.356141], [-74.470366, 40.356775], [-74.47022, 40.357102], [-74.469773, 40.358087], [-74.469513, 40.35867], [-74.46896, 40.359908], [-74.468574, 40.360808], [-74.468089, 40.361966], [-74.465991, 40.367124], [-74.46556, 40.368183], [-74.464511, 40.370763], [-74.463899, 40.372268], [-74.463479, 40.373294], [-74.463398, 40.373492], [-74.46306, 40.374318], [-74.462931, 40.374642], [-74.461849, 40.377298], [-74.460213, 40.381316], [-74.460102, 40.38159], [-74.459988, 40.381868], [-74.455303, 40.393355], [-74.454811, 40.394562], [-74.454595, 40.39509], [-74.454498, 40.395329], [-74.452948, 40.39912], [-74.452079, 40.401273], [-74.451725, 40.40222], [-74.450923, 40.404399], [-74.450643, 40.405162], [-74.450558, 40.405396], [-74.450019, 40.406853], [-74.449807, 40.407414], [-74.449563, 40.408031], [-74.44927, 40.408748], [-74.448965, 40.409483], [-74.448624, 40.410276], [-74.44838, 40.410831], [-74.448114, 40.411426], [-74.44753, 40.412546], [-74.446325, 40.414854], [-74.446236, 40.415103], [-74.446154, 40.41528], [-74.446076, 40.415463], [-74.4457, 40.416137], [-74.445185, 40.417013], [-74.444432, 40.418257], [-74.443901, 40.419088], [-74.442935, 40.42055], [-74.442302, 40.421462], [-74.441749, 40.422228], [-74.439698, 40.425036], [-74.438748, 40.426343], [-74.437328, 40.428169], [-74.435535, 40.430457], [-74.435092, 40.43102], [-74.434301, 40.43208], [-74.429127, 40.439188], [-74.428724, 40.439756], [-74.428335, 40.440319], [-74.427939, 40.440916], [-74.427568, 40.441508], [-74.42754, 40.441554], [-74.427193, 40.44212], [-74.426212, 40.443769], [-74.426154, 40.443868], [-74.424961, 40.4459], [-74.424153, 40.447276], [-74.422749, 40.449653], [-74.419891, 40.454491], [-74.419744, 40.45474], [-74.419267, 40.45553], [-74.419156, 40.455715], [-74.416466, 40.460293], [-74.415449, 40.462014], [-74.41527, 40.462316], [-74.415147, 40.462495], [-74.414973, 40.462746], [-74.412009, 40.467544], [-74.411479, 40.468403], [-74.410139, 40.470576], [-74.409807, 40.47109], [-74.409496, 40.471564], [-74.409249, 40.471927], [-74.408915, 40.472396], [-74.408735, 40.472619], [-74.408541, 40.472845], [-74.407261, 40.474218]]}, "properties": {"name": "New Jersey Turnpike", "kind": "Turnpike", "source": "OpenStreetMap / OSRM car-routing geometry; coach access unverified", "cache": "8a-amc-osrm.json", "ref": "I 95; NJTP", "concept": "c2", "variant": "optional"}}, {"type": "Feature", "geometry": {"type": "LineString", "coordinates": [[-74.407261, 40.474218], [-74.407153, 40.474302], [-74.406955, 40.47452], [-74.406878, 40.474606], [-74.406798, 40.474681], [-74.406639, 40.474839], [-74.406431, 40.475045], [-74.406299, 40.475174], [-74.406208, 40.475271], [-74.406114, 40.475377], [-74.406022, 40.475482], [-74.40593, 40.475582], [-74.405807, 40.475701], [-74.405638, 40.475839], [-74.40546, 40.475965], [-74.40527, 40.476069], [-74.405083, 40.476145], [-74.404877, 40.476213], [-74.403767, 40.476561], [-74.403644, 40.476625], [-74.403428, 40.476714], [-74.403286, 40.476787], [-74.403175, 40.476855], [-74.403061, 40.47694], [-74.402947, 40.477035], [-74.402854, 40.477128], [-74.402784, 40.477234], [-74.402746, 40.47732], [-74.402725, 40.477405], [-74.402717, 40.477505], [-74.402728, 40.477599], [-74.402752, 40.477683], [-74.402792, 40.477773], [-74.402846, 40.477848], [-74.402918, 40.477924], [-74.402996, 40.477985], [-74.403098, 40.478052], [-74.403213, 40.478117], [-74.403336, 40.478175], [-74.403532, 40.478252], [-74.403745, 40.478321], [-74.404005, 40.478397], [-74.40423, 40.478444], [-74.404466, 40.478482], [-74.404719, 40.478511], [-74.404976, 40.478525], [-74.40522, 40.478525], [-74.405456, 40.478511], [-74.405684, 40.478489], [-74.406388, 40.478436], [-74.406703, 40.478404], [-74.406756, 40.478401], [-74.406812, 40.478398], [-74.406879, 40.478397], [-74.406944, 40.478401], [-74.407172, 40.478436], [-74.40736, 40.478464], [-74.407902, 40.478375], [-74.408272, 40.478314], [-74.408348, 40.478301], [-74.40843, 40.478287], [-74.408775, 40.478227], [-74.408898, 40.478207], [-74.409016, 40.478183], [-74.409153, 40.478148], [-74.409277, 40.47811]]}, "properties": {"name": "Ramp / site access road", "kind": "Road connector", "source": "OpenStreetMap / OSRM car-routing geometry; coach access unverified", "cache": "8a-amc-osrm.json", "ref": "", "concept": "c2", "variant": "optional"}}, {"type": "Feature", "geometry": {"type": "LineString", "coordinates": [[-74.409277, 40.47811], [-74.409392, 40.478106], [-74.409466, 40.478106], [-74.409545, 40.47811], [-74.409634, 40.478118], [-74.409714, 40.478129], [-74.409784, 40.478146], [-74.409851, 40.478168], [-74.409912, 40.478193], [-74.409967, 40.478222], [-74.410013, 40.478255], [-74.410057, 40.478294], [-74.410094, 40.478335], [-74.410131, 40.478386], [-74.410167, 40.478438], [-74.410246, 40.478557], [-74.410327, 40.478685], [-74.410394, 40.478796], [-74.410468, 40.478924], [-74.410534, 40.479053], [-74.410593, 40.479179], [-74.410646, 40.47931], [-74.410696, 40.479437], [-74.410747, 40.479579], [-74.411053, 40.480342], [-74.411116, 40.480492], [-74.411183, 40.480633]]}, "properties": {"name": "Ramp / site access road", "kind": "Road connector", "source": "OpenStreetMap / OSRM car-routing geometry; coach access unverified", "cache": "8a-amc-osrm.json", "ref": "", "concept": "c2", "variant": "optional"}}, {"type": "Feature", "geometry": {"type": "LineString", "coordinates": [[-74.411183, 40.480633], [-74.411258, 40.480758], [-74.411332, 40.480873], [-74.411393, 40.480963], [-74.411459, 40.481051], [-74.411538, 40.481152], [-74.411777, 40.481392]]}, "properties": {"name": "Ramp / site access road", "kind": "Road connector", "source": "OpenStreetMap / OSRM car-routing geometry; coach access unverified", "cache": "8a-amc-osrm.json", "ref": "", "concept": "c2", "variant": "optional"}}, {"type": "Feature", "geometry": {"type": "LineString", "coordinates": [[-74.411777, 40.481392], [-74.411855, 40.481484], [-74.411929, 40.48157], [-74.412021, 40.481671], [-74.412101, 40.481759], [-74.412184, 40.481849], [-74.412272, 40.481939], [-74.412348, 40.482017], [-74.412468, 40.482137], [-74.412562, 40.482228], [-74.412672, 40.482331], [-74.41278, 40.48243], [-74.412865, 40.482504], [-74.412971, 40.482591], [-74.413076, 40.482678], [-74.413189, 40.482763], [-74.413303, 40.482839]]}, "properties": {"name": "State Route 18", "kind": "Road connector", "source": "OpenStreetMap / OSRM car-routing geometry; coach access unverified", "cache": "8a-amc-osrm.json", "ref": "NJ 18; CR 527", "concept": "c2", "variant": "optional"}}, {"type": "Feature", "geometry": {"type": "LineString", "coordinates": [[-74.413303, 40.482839], [-74.41369, 40.483144], [-74.4138, 40.483207], [-74.413938, 40.483286], [-74.414087, 40.483364], [-74.414221, 40.483431], [-74.414364, 40.483498], [-74.41451, 40.483563], [-74.414641, 40.483616], [-74.414778, 40.483669], [-74.414906, 40.483716], [-74.415051, 40.483765], [-74.415219, 40.483817], [-74.415404, 40.483872], [-74.415598, 40.483927], [-74.415732, 40.483961], [-74.415857, 40.48399], [-74.415983, 40.484018], [-74.416091, 40.484039], [-74.416203, 40.484059], [-74.416261, 40.48407], [-74.416316, 40.484082], [-74.416372, 40.484097], [-74.416417, 40.484113], [-74.416441, 40.484122], [-74.416509, 40.484158], [-74.416545, 40.484181], [-74.416586, 40.484213], [-74.416621, 40.484244], [-74.416654, 40.484278], [-74.416689, 40.484318], [-74.416724, 40.484362], [-74.416744, 40.484397], [-74.416763, 40.484441], [-74.416774, 40.484479], [-74.416783, 40.484517], [-74.416787, 40.484559], [-74.416787, 40.484595], [-74.416782, 40.484634], [-74.41677, 40.48469], [-74.416725, 40.4848], [-74.416666, 40.484986]]}, "properties": {"name": "Ramp / site access road", "kind": "Road connector", "source": "OpenStreetMap / OSRM car-routing geometry; coach access unverified", "cache": "8a-amc-osrm.json", "ref": "", "concept": "c2", "variant": "optional"}}, {"type": "Feature", "geometry": {"type": "LineString", "coordinates": [[-74.416666, 40.484986], [-74.416588, 40.485068], [-74.416453, 40.485223], [-74.41636, 40.485331], [-74.415691, 40.486107], [-74.415347, 40.486504], [-74.415097, 40.486789], [-74.414486, 40.48753], [-74.414266, 40.487815], [-74.414086, 40.488068], [-74.413922, 40.488325], [-74.413783, 40.488595], [-74.413662, 40.488878], [-74.413568, 40.48917], [-74.413496, 40.489455], [-74.413434, 40.489731], [-74.412685, 40.493361], [-74.412372, 40.494875], [-74.4123, 40.495197], [-74.41223, 40.495469], [-74.41216, 40.495707], [-74.411983, 40.496156], [-74.411795, 40.496499], [-74.411601, 40.496762]]}, "properties": {"name": "US 1", "kind": "Road connector", "source": "OpenStreetMap / OSRM car-routing geometry; coach access unverified", "cache": "8a-amc-osrm.json", "ref": "US 1", "concept": "c2", "variant": "optional"}}, {"type": "Feature", "geometry": {"type": "LineString", "coordinates": [[-74.411601, 40.496762], [-74.411569, 40.496805], [-74.411194, 40.49725], [-74.410931, 40.497502], [-74.410836, 40.497578], [-74.410594, 40.497772], [-74.410218, 40.498009], [-74.409904, 40.498202], [-74.40929, 40.498535], [-74.409152, 40.498613]]}, "properties": {"name": "US 1", "kind": "Road connector", "source": "OpenStreetMap / OSRM car-routing geometry; coach access unverified", "cache": "8a-amc-osrm.json", "ref": "US 1", "concept": "c2", "variant": "optional"}}, {"type": "Feature", "geometry": {"type": "LineString", "coordinates": [[-74.409152, 40.498613], [-74.409124, 40.498629], [-74.408215, 40.499115], [-74.407891, 40.499289], [-74.406892, 40.499824], [-74.406435, 40.500064], [-74.406031, 40.500278], [-74.40581, 40.500394], [-74.405726, 40.500438], [-74.405615, 40.500497]]}, "properties": {"name": "US 1", "kind": "Road connector", "source": "OpenStreetMap / OSRM car-routing geometry; coach access unverified", "cache": "8a-amc-osrm.json", "ref": "US 1", "concept": "c2", "variant": "optional"}}, {"type": "Feature", "geometry": {"type": "LineString", "coordinates": [[-74.405615, 40.500497], [-74.405245, 40.50059], [-74.405074, 40.500619], [-74.40487, 40.500634], [-74.404387, 40.500652], [-74.404284, 40.500645], [-74.403825, 40.500615], [-74.403669, 40.500605]]}, "properties": {"name": "Ramp / site access road", "kind": "Road connector", "source": "OpenStreetMap / OSRM car-routing geometry; coach access unverified", "cache": "8a-amc-osrm.json", "ref": "", "concept": "c2", "variant": "optional"}}, {"type": "Feature", "geometry": {"type": "LineString", "coordinates": [[-74.403669, 40.500605], [-74.403514, 40.500487], [-74.403466, 40.500449], [-74.403424, 40.500406], [-74.403377, 40.500338], [-74.40333, 40.500244], [-74.403297, 40.499771], [-74.403324, 40.499687], [-74.403366, 40.499629], [-74.403445, 40.499576], [-74.403507, 40.499552], [-74.403579, 40.499524], [-74.403666, 40.499497], [-74.403744, 40.499474], [-74.404076, 40.499412]]}, "properties": {"name": "Ramp / site access road", "kind": "Road connector", "source": "OpenStreetMap / OSRM car-routing geometry; coach access unverified", "cache": "8a-amc-osrm.json", "ref": "", "concept": "c2", "variant": "optional"}}, {"type": "Feature", "geometry": {"type": "LineString", "coordinates": [[-74.404076, 40.499412], [-74.404478, 40.499412], [-74.404891, 40.499429], [-74.405293, 40.499473], [-74.405653, 40.499526], [-74.406712, 40.499791], [-74.407265, 40.49993], [-74.407685, 40.500031], [-74.407938, 40.500113]]}, "properties": {"name": "Woodbridge Ave Extension", "kind": "Road connector", "source": "OpenStreetMap / OSRM car-routing geometry; coach access unverified", "cache": "8a-amc-osrm.json", "ref": "CR 514", "concept": "c2", "variant": "optional"}}, {"type": "Feature", "geometry": {"type": "LineString", "coordinates": [[-74.407938, 40.500113], [-74.408197, 40.500274], [-74.408231, 40.50031], [-74.40826, 40.50034], [-74.408287, 40.500376], [-74.408313, 40.500421], [-74.408347, 40.500494], [-74.408353, 40.500576], [-74.40834, 40.500693], [-74.408277, 40.500763], [-74.408207, 40.500808], [-74.408146, 40.500838], [-74.408121, 40.50085], [-74.407944, 40.5009]]}, "properties": {"name": "Ramp / site access road", "kind": "Road connector", "source": "OpenStreetMap / OSRM car-routing geometry; coach access unverified", "cache": "8a-amc-osrm.json", "ref": "", "concept": "c2", "variant": "optional"}}, {"type": "Feature", "geometry": {"type": "LineString", "coordinates": [[-74.407944, 40.5009], [-74.40739, 40.500865], [-74.407, 40.500836], [-74.406764, 40.500819]]}, "properties": {"name": "Woodbridge Avenue", "kind": "Road connector", "source": "OpenStreetMap / OSRM car-routing geometry; coach access unverified", "cache": "8a-amc-osrm.json", "ref": "", "concept": "c2", "variant": "optional"}}, {"type": "Feature", "geometry": {"type": "LineString", "coordinates": [[-74.406764, 40.500819], [-74.406628, 40.50077], [-74.406536, 40.50072], [-74.406478, 40.500655], [-74.406429, 40.500539], [-74.406429, 40.500447], [-74.406449, 40.500373], [-74.406512, 40.50029], [-74.406785, 40.500036]]}, "properties": {"name": "Ramp / site access road", "kind": "Road connector", "source": "OpenStreetMap / OSRM car-routing geometry; coach access unverified", "cache": "8a-amc-osrm.json", "ref": "", "concept": "c2", "variant": "optional"}}, {"type": "Feature", "geometry": {"type": "LineString", "coordinates": [[-74.406785, 40.500036], [-74.407546, 40.499657], [-74.409202, 40.498779], [-74.410009, 40.498359], [-74.41029, 40.498202], [-74.410573, 40.498018], [-74.41098, 40.497698], [-74.411414, 40.497298], [-74.411744, 40.496914], [-74.411795, 40.496854], [-74.412128, 40.496372], [-74.412436, 40.495783], [-74.41256, 40.495487], [-74.412658, 40.495232], [-74.412716, 40.495061], [-74.412765, 40.494932], [-74.412865, 40.494548], [-74.413097, 40.493328], [-74.413229, 40.49274], [-74.413856, 40.48973], [-74.413955, 40.48933], [-74.414031, 40.489051], [-74.414109, 40.488817], [-74.414198, 40.488568], [-74.414304, 40.488338], [-74.414432, 40.488083], [-74.414578, 40.487828], [-74.414665, 40.487677]]}, "properties": {"name": "US 1", "kind": "Road connector", "source": "OpenStreetMap / OSRM car-routing geometry; coach access unverified", "cache": "8a-amc-osrm.json", "ref": "US 1", "concept": "c2", "variant": "optional"}}, {"type": "Feature", "geometry": {"type": "LineString", "coordinates": [[-74.414665, 40.487677], [-74.414894, 40.487544], [-74.414988, 40.487521], [-74.415061, 40.487519], [-74.415137, 40.487525], [-74.415345, 40.48755], [-74.415542, 40.487646], [-74.415915, 40.487898], [-74.415957, 40.487927]]}, "properties": {"name": "Ramp / site access road", "kind": "Road connector", "source": "OpenStreetMap / OSRM car-routing geometry; coach access unverified", "cache": "8a-amc-osrm.json", "ref": "", "concept": "c2", "variant": "optional"}}, {"type": "Feature", "geometry": {"type": "LineString", "coordinates": [[-74.415957, 40.487927], [-74.415936, 40.487946], [-74.415924, 40.487969], [-74.415922, 40.487994], [-74.415931, 40.488018], [-74.415949, 40.488038], [-74.415975, 40.488053]]}, "properties": {"name": "Ramp / site access road", "kind": "Road connector", "source": "OpenStreetMap / OSRM car-routing geometry; coach access unverified", "cache": "8a-amc-osrm.json", "ref": "", "concept": "c2", "variant": "optional"}}, {"type": "Feature", "geometry": {"type": "LineString", "coordinates": [[-74.415975, 40.488053], [-74.415947, 40.488076], [-74.415892, 40.488121], [-74.415764, 40.488219], [-74.41566, 40.488292]]}, "properties": {"name": "Ramp / site access road", "kind": "Road connector", "source": "OpenStreetMap / OSRM car-routing geometry; coach access unverified", "cache": "8a-amc-osrm.json", "ref": "", "concept": "c2", "variant": "optional"}}, {"type": "Feature", "geometry": {"type": "LineString", "coordinates": [[-74.41566, 40.488292], [-74.415753, 40.488348], [-74.415872, 40.488421], [-74.416027, 40.488517], [-74.416203, 40.488625], [-74.416338, 40.488708], [-74.41639, 40.488739]]}, "properties": {"name": "Ramp / site access road", "kind": "Road connector", "source": "OpenStreetMap / OSRM car-routing geometry; coach access unverified", "cache": "8a-amc-osrm.json", "ref": "", "concept": "c2", "variant": "optional"}}, {"type": "Feature", "geometry": {"type": "LineString", "coordinates": [[-74.41639, 40.488739], [-74.41631, 40.488811], [-74.416174, 40.488931], [-74.416034, 40.489056]]}, "properties": {"name": "Ramp / site access road", "kind": "Road connector", "source": "OpenStreetMap / OSRM car-routing geometry; coach access unverified", "cache": "8a-amc-osrm.json", "ref": "", "concept": "c2", "variant": "optional"}}, {"type": "Feature", "geometry": {"type": "LineString", "coordinates": [[-74.416034, 40.489056], [-74.415896, 40.489179], [-74.415754, 40.489306], [-74.415708, 40.489347], [-74.415622, 40.489424], [-74.41547, 40.489561], [-74.415218, 40.489784], [-74.415166, 40.48983]]}, "properties": {"name": "Ramp / site access road", "kind": "Road connector", "source": "OpenStreetMap / OSRM car-routing geometry; coach access unverified", "cache": "amc-turnpike9-osrm.json", "ref": "", "concept": "c2", "variant": "optional"}}, {"type": "Feature", "geometry": {"type": "LineString", "coordinates": [[-74.415166, 40.48983], [-74.41505, 40.489752], [-74.414875, 40.489632], [-74.414695, 40.489509], [-74.414529, 40.489396], [-74.414458, 40.489348]]}, "properties": {"name": "Ramp / site access road", "kind": "Road connector", "source": "OpenStreetMap / OSRM car-routing geometry; coach access unverified", "cache": "amc-turnpike9-osrm.json", "ref": "", "concept": "c2", "variant": "optional"}}, {"type": "Feature", "geometry": {"type": "LineString", "coordinates": [[-74.414458, 40.489348], [-74.414606, 40.489218], [-74.414733, 40.489107], [-74.414886, 40.48897], [-74.415016, 40.488853], [-74.415092, 40.488786], [-74.415164, 40.488725], [-74.41531, 40.488594], [-74.415443, 40.488477], [-74.415584, 40.488352], [-74.41566, 40.488292], [-74.415764, 40.488219], [-74.415892, 40.488121], [-74.415947, 40.488076], [-74.415975, 40.488053]]}, "properties": {"name": "Ramp / site access road", "kind": "Road connector", "source": "OpenStreetMap / OSRM car-routing geometry; coach access unverified", "cache": "amc-turnpike9-osrm.json", "ref": "", "concept": "c2", "variant": "optional"}}, {"type": "Feature", "geometry": {"type": "LineString", "coordinates": [[-74.415975, 40.488053], [-74.416002, 40.488061], [-74.416031, 40.488062], [-74.416059, 40.488058], [-74.416084, 40.488047], [-74.416104, 40.488031]]}, "properties": {"name": "Ramp / site access road", "kind": "Road connector", "source": "OpenStreetMap / OSRM car-routing geometry; coach access unverified", "cache": "amc-turnpike9-osrm.json", "ref": "", "concept": "c2", "variant": "optional"}}, {"type": "Feature", "geometry": {"type": "LineString", "coordinates": [[-74.416104, 40.488031], [-74.416118, 40.488012], [-74.416124, 40.48799], [-74.416122, 40.487968], [-74.416111, 40.487947], [-74.416093, 40.48793]]}, "properties": {"name": "Ramp / site access road", "kind": "Road connector", "source": "OpenStreetMap / OSRM car-routing geometry; coach access unverified", "cache": "amc-turnpike9-osrm.json", "ref": "", "concept": "c2", "variant": "optional"}}, {"type": "Feature", "geometry": {"type": "LineString", "coordinates": [[-74.416093, 40.48793], [-74.416069, 40.487916], [-74.416041, 40.487909], [-74.416011, 40.487909], [-74.415982, 40.487915], [-74.415957, 40.487927]]}, "properties": {"name": "Ramp / site access road", "kind": "Road connector", "source": "OpenStreetMap / OSRM car-routing geometry; coach access unverified", "cache": "amc-turnpike9-osrm.json", "ref": "", "concept": "c2", "variant": "optional"}}, {"type": "Feature", "geometry": {"type": "LineString", "coordinates": [[-74.415957, 40.487927], [-74.415915, 40.487898], [-74.415542, 40.487646], [-74.415345, 40.48755], [-74.415168, 40.487439], [-74.415109, 40.487386], [-74.415083, 40.487341], [-74.41506, 40.487269], [-74.415065, 40.487197], [-74.415125, 40.487015]]}, "properties": {"name": "Ramp / site access road", "kind": "Road connector", "source": "OpenStreetMap / OSRM car-routing geometry; coach access unverified", "cache": "amc-turnpike9-osrm.json", "ref": "", "concept": "c2", "variant": "optional"}}, {"type": "Feature", "geometry": {"type": "LineString", "coordinates": [[-74.415125, 40.487015], [-74.415237, 40.486883], [-74.415506, 40.486572], [-74.415799, 40.486224], [-74.416209, 40.485754], [-74.416253, 40.485696], [-74.416465, 40.485457]]}, "properties": {"name": "US 1", "kind": "Road connector", "source": "OpenStreetMap / OSRM car-routing geometry; coach access unverified", "cache": "amc-turnpike9-osrm.json", "ref": "US 1", "concept": "c2", "variant": "optional"}}, {"type": "Feature", "geometry": {"type": "LineString", "coordinates": [[-74.416465, 40.485457], [-74.416588, 40.485369], [-74.416677, 40.485306], [-74.416759, 40.485247], [-74.416832, 40.485199], [-74.416907, 40.485155], [-74.416991, 40.485113], [-74.417104, 40.485065], [-74.41722, 40.485022], [-74.417323, 40.48499], [-74.417414, 40.484966], [-74.417525, 40.484944], [-74.417649, 40.484922], [-74.41835, 40.484811], [-74.418477, 40.484794], [-74.418541, 40.484784]]}, "properties": {"name": "Ramp / site access road", "kind": "Road connector", "source": "OpenStreetMap / OSRM car-routing geometry; coach access unverified", "cache": "amc-turnpike9-osrm.json", "ref": "", "concept": "c2", "variant": "optional"}}, {"type": "Feature", "geometry": {"type": "LineString", "coordinates": [[-74.418541, 40.484784], [-74.418739, 40.484732], [-74.418809, 40.484711], [-74.418875, 40.484688], [-74.418936, 40.484662], [-74.418993, 40.484635], [-74.419045, 40.484604], [-74.419094, 40.484567], [-74.419134, 40.484532], [-74.419167, 40.484495], [-74.419196, 40.484455], [-74.419224, 40.484414], [-74.41925, 40.484367], [-74.419269, 40.484322], [-74.419283, 40.484276], [-74.419292, 40.484231], [-74.419295, 40.484186], [-74.419295, 40.484139], [-74.419288, 40.484096], [-74.419276, 40.484052], [-74.419258, 40.484009], [-74.419236, 40.483967], [-74.419207, 40.483925], [-74.419168, 40.483879], [-74.419114, 40.483818], [-74.419062, 40.483763], [-74.418971, 40.483677], [-74.418873, 40.483598], [-74.418766, 40.483516], [-74.418525, 40.483302]]}, "properties": {"name": "Ramp / site access road", "kind": "Road connector", "source": "OpenStreetMap / OSRM car-routing geometry; coach access unverified", "cache": "amc-turnpike9-osrm.json", "ref": "", "concept": "c2", "variant": "optional"}}, {"type": "Feature", "geometry": {"type": "LineString", "coordinates": [[-74.418525, 40.483302], [-74.418408, 40.483231], [-74.418291, 40.483164], [-74.41815, 40.483086], [-74.418047, 40.483033], [-74.417938, 40.482983], [-74.417812, 40.482926], [-74.417684, 40.482875], [-74.417543, 40.482823], [-74.417409, 40.482781], [-74.417282, 40.482745], [-74.417145, 40.482712], [-74.417001, 40.482682], [-74.416859, 40.482659], [-74.416713, 40.482639], [-74.416528, 40.48262], [-74.416065, 40.482572], [-74.415753, 40.482541], [-74.41503, 40.482465], [-74.414287, 40.482386], [-74.41414, 40.482369], [-74.413996, 40.482346], [-74.41384, 40.482316], [-74.413727, 40.48229], [-74.4136, 40.482257], [-74.413473, 40.482219], [-74.413351, 40.48218], [-74.413239, 40.482139], [-74.413097, 40.482082], [-74.412969, 40.482026], [-74.412868, 40.481977], [-74.412759, 40.481919], [-74.412666, 40.481868], [-74.412573, 40.481811], [-74.412467, 40.481739], [-74.412351, 40.481656], [-74.412254, 40.481581], [-74.41216, 40.481506], [-74.412074, 40.481429], [-74.412001, 40.481355], [-74.41192, 40.481271], [-74.411837, 40.481178], [-74.411764, 40.481091], [-74.411693, 40.480993], [-74.41163, 40.480898], [-74.411574, 40.480801], [-74.411522, 40.480702], [-74.411471, 40.480597], [-74.411431, 40.480497], [-74.411387, 40.480392], [-74.411263, 40.480079], [-74.411114, 40.479652], [-74.410927, 40.479113], [-74.410717, 40.47857], [-74.410673, 40.478459], [-74.410607, 40.47829], [-74.410553, 40.478151]]}, "properties": {"name": "State Route 18", "kind": "Road connector", "source": "OpenStreetMap / OSRM car-routing geometry; coach access unverified", "cache": "amc-turnpike9-osrm.json", "ref": "NJ 18; CR 527", "concept": "c2", "variant": "optional"}}, {"type": "Feature", "geometry": {"type": "LineString", "coordinates": [[-74.410553, 40.478151], [-74.410534, 40.477977], [-74.410528, 40.477922], [-74.410399, 40.477578], [-74.410373, 40.47751], [-74.410355, 40.477459], [-74.410344, 40.477404], [-74.410336, 40.477348], [-74.410335, 40.477294], [-74.410338, 40.477239], [-74.410347, 40.477177], [-74.410358, 40.477123], [-74.410376, 40.477074], [-74.410405, 40.47702], [-74.410437, 40.476973], [-74.410477, 40.476926], [-74.410523, 40.476887], [-74.410575, 40.476849], [-74.410631, 40.476817], [-74.410691, 40.47679], [-74.410759, 40.476765], [-74.41082, 40.476752], [-74.410881, 40.476744], [-74.410945, 40.47674], [-74.411005, 40.47674], [-74.411071, 40.476748], [-74.41113, 40.476758], [-74.411189, 40.476776], [-74.411257, 40.476802], [-74.411317, 40.47683], [-74.411371, 40.476864], [-74.411418, 40.476905], [-74.411459, 40.476945], [-74.411491, 40.476988], [-74.411519, 40.477038], [-74.41154, 40.47709], [-74.411553, 40.477138], [-74.411559, 40.477185], [-74.411555, 40.47724], [-74.411546, 40.477285], [-74.41153, 40.477332], [-74.411511, 40.477377], [-74.411478, 40.477425], [-74.411437, 40.477472], [-74.411388, 40.477518], [-74.411335, 40.477554], [-74.411278, 40.477585], [-74.411218, 40.477612], [-74.411154, 40.477634], [-74.411069, 40.477652], [-74.410982, 40.477668], [-74.410879, 40.477684], [-74.409847, 40.477822], [-74.409761, 40.477832], [-74.409687, 40.477838], [-74.409599, 40.477844], [-74.409503, 40.47785], [-74.409406, 40.477851], [-74.409317, 40.477849], [-74.409231, 40.477846], [-74.409145, 40.477839], [-74.409059, 40.477826], [-74.40834, 40.477959], [-74.408268, 40.477972], [-74.40818, 40.477988], [-74.407833, 40.478052], [-74.407599, 40.47809]]}, "properties": {"name": "Ramp / site access road", "kind": "Road connector", "source": "OpenStreetMap / OSRM car-routing geometry; coach access unverified", "cache": "amc-turnpike9-osrm.json", "ref": "", "concept": "c2", "variant": "optional"}}, {"type": "Feature", "geometry": {"type": "LineString", "coordinates": [[-74.407599, 40.47809], [-74.406511, 40.478284], [-74.406044, 40.47836], [-74.405743, 40.478405], [-74.405488, 40.478434], [-74.40522, 40.47845], [-74.404995, 40.478452], [-74.404753, 40.478438], [-74.404611, 40.478428], [-74.404494, 40.478415], [-74.404383, 40.478399], [-74.404261, 40.478376], [-74.404005, 40.478319], [-74.403783, 40.478258], [-74.403562, 40.478181], [-74.403385, 40.478105], [-74.403232, 40.478028], [-74.403113, 40.477954], [-74.402992, 40.477851], [-74.40291, 40.477755], [-74.402867, 40.47767], [-74.402836, 40.477568], [-74.402832, 40.477479]]}, "properties": {"name": "Ramp / site access road", "kind": "Road connector", "source": "OpenStreetMap / OSRM car-routing geometry; coach access unverified", "cache": "amc-turnpike9-osrm.json", "ref": "", "concept": "c2", "variant": "optional"}}, {"type": "Feature", "geometry": {"type": "LineString", "coordinates": [[-74.402832, 40.477479], [-74.402888, 40.477383], [-74.402945, 40.477277], [-74.403028, 40.477179], [-74.403134, 40.477093], [-74.40328, 40.477018], [-74.403441, 40.476977], [-74.403607, 40.476961], [-74.403779, 40.476975], [-74.403951, 40.477026], [-74.404087, 40.477097], [-74.404203, 40.477187], [-74.404283, 40.477291], [-74.404337, 40.477403], [-74.404353, 40.477522], [-74.404348, 40.477646], [-74.404308, 40.477791], [-74.404228, 40.477968], [-74.404123, 40.478152], [-74.403208, 40.479714], [-74.40293, 40.480208], [-74.402828, 40.4804], [-74.402624, 40.480833]]}, "properties": {"name": "Ramp / site access road", "kind": "Road connector", "source": "OpenStreetMap / OSRM car-routing geometry; coach access unverified", "cache": "amc-turnpike9-osrm.json", "ref": "", "concept": "c2", "variant": "optional"}}, {"type": "Feature", "geometry": {"type": "LineString", "coordinates": [[-74.402624, 40.480833], [-74.402248, 40.48142], [-74.401934, 40.481888], [-74.401548, 40.482406], [-74.401167, 40.482885], [-74.400778, 40.483369], [-74.400384, 40.483836], [-74.399979, 40.484299], [-74.399593, 40.484725], [-74.399169, 40.485178], [-74.398633, 40.485719], [-74.398179, 40.486163], [-74.397736, 40.486583], [-74.397355, 40.486929], [-74.396968, 40.487285], [-74.395077, 40.488979], [-74.392047, 40.491667], [-74.391673, 40.492], [-74.391532, 40.492127], [-74.382875, 40.499857], [-74.377423, 40.504724], [-74.377016, 40.505085], [-74.376562, 40.505489], [-74.371434, 40.510059], [-74.368851, 40.51236], [-74.368288, 40.512843], [-74.367687, 40.513339], [-74.367092, 40.513812], [-74.366502, 40.51426], [-74.366256, 40.514438], [-74.365826, 40.51475], [-74.365212, 40.515176], [-74.364608, 40.515582], [-74.363897, 40.516038], [-74.363232, 40.516446], [-74.362548, 40.516856], [-74.361851, 40.517247], [-74.361105, 40.517653], [-74.360359, 40.51804], [-74.35941, 40.518505], [-74.358948, 40.518721], [-74.358256, 40.519037], [-74.357529, 40.519349], [-74.356714, 40.519691], [-74.356301, 40.519851], [-74.353772, 40.520811], [-74.352948, 40.521119], [-74.351021, 40.521822], [-74.35012, 40.522146], [-74.349184, 40.522476], [-74.347751, 40.52297], [-74.344936, 40.523984], [-74.344818, 40.524031], [-74.344383, 40.524187], [-74.343744, 40.524435], [-74.343109, 40.524694], [-74.342505, 40.524955], [-74.341886, 40.525241], [-74.341234, 40.525561], [-74.340579, 40.525893], [-74.339893, 40.526268], [-74.338536, 40.527083], [-74.336875, 40.528099], [-74.336073, 40.528607], [-74.334877, 40.529396], [-74.333415, 40.530382], [-74.333008, 40.53066], [-74.33059, 40.532297], [-74.330193, 40.532566], [-74.329332, 40.533153], [-74.328755, 40.533526], [-74.328157, 40.533895], [-74.327471, 40.534313], [-74.326765, 40.534716], [-74.326086, 40.535089], [-74.325416, 40.535446], [-74.324686, 40.535817], [-74.323959, 40.536168], [-74.323222, 40.536514], [-74.322481, 40.53684], [-74.321838, 40.537112], [-74.321199, 40.537375], [-74.320569, 40.537619], [-74.319877, 40.537876], [-74.31926, 40.538094], [-74.318718, 40.53828], [-74.318169, 40.538461], [-74.317592, 40.538647], [-74.317002, 40.53883], [-74.315671, 40.539232], [-74.314427, 40.539592], [-74.313807, 40.539762], [-74.313117, 40.539944], [-74.31237, 40.540129], [-74.311713, 40.540286], [-74.310974, 40.540466], [-74.310278, 40.540598], [-74.30962, 40.540715], [-74.308965, 40.540827], [-74.307977, 40.540954], [-74.307468, 40.541015], [-74.306913, 40.541073], [-74.306211, 40.541146], [-74.305162, 40.541231], [-74.304501, 40.541292], [-74.30286, 40.541427], [-74.302122, 40.541495], [-74.301752, 40.541529], [-74.300636, 40.541639], [-74.299647, 40.541753], [-74.297469, 40.54203], [-74.297343, 40.542047], [-74.296984, 40.542103], [-74.29634, 40.542204], [-74.295945, 40.542269], [-74.295497, 40.542346], [-74.295041, 40.542432], [-74.294558, 40.542525], [-74.293955, 40.54265], [-74.293386, 40.542778], [-74.289119, 40.543803], [-74.289102, 40.543808], [-74.286812, 40.544366], [-74.28615, 40.544547], [-74.285509, 40.544753], [-74.284972, 40.544953], [-74.284393, 40.545187], [-74.28383, 40.545448], [-74.28328, 40.545721], [-74.280699, 40.547063], [-74.279927, 40.547466], [-74.278864, 40.548056], [-74.278221, 40.548412], [-74.277481, 40.548836], [-74.276676, 40.549319], [-74.274278, 40.550785], [-74.273868, 40.551035], [-74.273385, 40.551321], [-74.272811, 40.551657], [-74.270649, 40.552902], [-74.270015, 40.553286], [-74.269936, 40.553334], [-74.269382, 40.55372], [-74.26816, 40.554515], [-74.267972, 40.55464], [-74.267644, 40.554867], [-74.267518, 40.554949], [-74.267411, 40.555019], [-74.267255, 40.555124], [-74.266769, 40.555478], [-74.266241, 40.55588], [-74.265616, 40.556373], [-74.265055, 40.556834], [-74.264444, 40.557357], [-74.26387, 40.557871], [-74.263336, 40.558366], [-74.262784, 40.558894], [-74.262258, 40.559432], [-74.261668, 40.560051], [-74.260858, 40.560923], [-74.25919, 40.562779], [-74.258138, 40.563947], [-74.257586, 40.564557], [-74.257032, 40.565159], [-74.255718, 40.566561], [-74.253795, 40.568605], [-74.253499, 40.568917], [-74.252207, 40.57029], [-74.247769, 40.575009], [-74.247117, 40.575718], [-74.246454, 40.576451], [-74.245698, 40.577331], [-74.245001, 40.578177], [-74.244424, 40.578894], [-74.243896, 40.579582], [-74.243169, 40.580568], [-74.242511, 40.581495], [-74.241932, 40.582355], [-74.240032, 40.585262], [-74.237872, 40.588578], [-74.237734, 40.58879], [-74.236862, 40.590113], [-74.23572, 40.591815], [-74.235648, 40.591943], [-74.235251, 40.592574], [-74.234677, 40.593444], [-74.233778, 40.594825], [-74.233088, 40.595868], [-74.232468, 40.596811], [-74.232163, 40.597302], [-74.231893, 40.597719], [-74.23177, 40.597939], [-74.231566, 40.598296], [-74.230839, 40.599562], [-74.230272, 40.600551], [-74.230119, 40.600821], [-74.228426, 40.603666], [-74.2276, 40.605026], [-74.226166, 40.607396], [-74.225919, 40.607804], [-74.224535, 40.610094], [-74.223735, 40.611409], [-74.223627, 40.611587], [-74.223431, 40.611912], [-74.220879, 40.616139], [-74.220811, 40.616251], [-74.216967, 40.622589], [-74.215855, 40.624376], [-74.215719, 40.624626], [-74.215017, 40.625826], [-74.21381, 40.627853], [-74.213395, 40.628495], [-74.213121, 40.628922], [-74.212667, 40.629619], [-74.211726, 40.631062], [-74.211507, 40.631412], [-74.211099, 40.632035], [-74.210576, 40.632883], [-74.208862, 40.63568], [-74.20829, 40.636627], [-74.20771, 40.637703], [-74.206966, 40.639019], [-74.206467, 40.639888], [-74.205896, 40.640855], [-74.205378, 40.641701], [-74.204378, 40.643315], [-74.203355, 40.644927], [-74.202943, 40.645572], [-74.201878, 40.647243], [-74.201642, 40.647583], [-74.201401, 40.647901], [-74.201167, 40.648175], [-74.200862, 40.648499], [-74.20069, 40.648662], [-74.20054, 40.648805], [-74.200369, 40.648964], [-74.200173, 40.649135], [-74.200109, 40.64918], [-74.200012, 40.649241], [-74.199046, 40.649916], [-74.198683, 40.650133], [-74.19832, 40.650334], [-74.196865, 40.651128], [-74.196427, 40.651367], [-74.196052, 40.651571], [-74.195579, 40.651829], [-74.195231, 40.652019], [-74.194827, 40.65224], [-74.194467, 40.652436], [-74.194068, 40.652654], [-74.1937, 40.652854], [-74.193315, 40.653065], [-74.192935, 40.653272], [-74.192557, 40.653478], [-74.192165, 40.653692], [-74.191803, 40.653889], [-74.191318, 40.654154], [-74.19101, 40.654322], [-74.190565, 40.654584], [-74.190168, 40.654835], [-74.189825, 40.655076], [-74.189506, 40.655311], [-74.189162, 40.655579], [-74.188843, 40.655848], [-74.188721, 40.655958], [-74.188537, 40.656126], [-74.188218, 40.656436], [-74.187955, 40.656704], [-74.187797, 40.656878], [-74.187625, 40.657071], [-74.187464, 40.657256], [-74.187311, 40.657441], [-74.187142, 40.657657], [-74.186973, 40.657884], [-74.186614, 40.658391], [-74.185874, 40.659456], [-74.185187, 40.660428], [-74.18485, 40.660878], [-74.184674, 40.661121], [-74.184343, 40.661581], [-74.184295, 40.661652], [-74.184253, 40.661718], [-74.184195, 40.661812], [-74.184015, 40.662054], [-74.183836, 40.662292], [-74.183651, 40.662538], [-74.183483, 40.662758], [-74.183296, 40.663001], [-74.183109, 40.663238], [-74.182917, 40.663481], [-74.182728, 40.663718], [-74.182532, 40.663959], [-74.182341, 40.66419], [-74.182142, 40.664427], [-74.181945, 40.664661], [-74.181754, 40.664882], [-74.181556, 40.665112], [-74.181353, 40.665346], [-74.181148, 40.665577], [-74.180943, 40.665806], [-74.180759, 40.666008], [-74.180547, 40.66624], [-74.180334, 40.666468], [-74.180118, 40.6667], [-74.17991, 40.666924], [-74.179697, 40.667151], [-74.179484, 40.667379], [-74.179273, 40.667602], [-74.179057, 40.667831], [-74.178849, 40.668053], [-74.178801, 40.668105], [-74.178632, 40.668284], [-74.177251, 40.669753], [-74.175011, 40.67214], [-74.1748, 40.672364], [-74.174586, 40.672592], [-74.174374, 40.67282], [-74.174163, 40.67305], [-74.173956, 40.67328], [-74.173747, 40.673514], [-74.173547, 40.673743], [-74.173346, 40.673977], [-74.173148, 40.674211], [-74.172951, 40.674447], [-74.172756, 40.674682], [-74.172629, 40.674838], [-74.172563, 40.67492], [-74.172372, 40.675158], [-74.172183, 40.675399], [-74.171996, 40.675638], [-74.17181, 40.675879], [-74.171629, 40.67612], [-74.171447, 40.676365], [-74.171271, 40.676605], [-74.171099, 40.676846], [-74.170498, 40.677678], [-74.170058, 40.678301], [-74.168642, 40.680353], [-74.168016, 40.681289], [-74.16699, 40.682769], [-74.166114, 40.68391], [-74.163719, 40.687495], [-74.163575, 40.687703], [-74.162393, 40.689405], [-74.162189, 40.6897], [-74.161959, 40.69003], [-74.161793, 40.690269], [-74.161622, 40.690513], [-74.161447, 40.690759], [-74.161275, 40.690999], [-74.161102, 40.691242], [-74.160925, 40.691486], [-74.160749, 40.691726], [-74.160573, 40.691968], [-74.160397, 40.692207], [-74.160224, 40.692442], [-74.160045, 40.692687], [-74.15987, 40.692926], [-74.15969, 40.693172], [-74.159516, 40.693411], [-74.159341, 40.693653], [-74.157865, 40.695674], [-74.157441, 40.696277], [-74.156689, 40.697286], [-74.156246, 40.697887], [-74.155548, 40.698902], [-74.155329, 40.699236], [-74.155096, 40.6996], [-74.154861, 40.699981], [-74.15464, 40.700341], [-74.15442, 40.700716], [-74.154289, 40.700944], [-74.153407, 40.702584], [-74.152903, 40.703548], [-74.152651, 40.704013], [-74.152605, 40.704099], [-74.1522, 40.704811], [-74.151441, 40.706071], [-74.150778, 40.707179], [-74.150533, 40.707572], [-74.150305, 40.707911], [-74.150067, 40.708234], [-74.149819, 40.708538], [-74.149641, 40.708738], [-74.149402, 40.708989], [-74.149173, 40.709212], [-74.148956, 40.709407], [-74.148713, 40.709609], [-74.148468, 40.709803], [-74.148208, 40.709998], [-74.147941, 40.710187], [-74.147677, 40.710363], [-74.147402, 40.710537], [-74.147103, 40.710712], [-74.146821, 40.71087], [-74.14652, 40.71103], [-74.146223, 40.711179], [-74.145913, 40.711322], [-74.145593, 40.711461], [-74.145276, 40.711592], [-74.144958, 40.711715], [-74.144532, 40.711878], [-74.142791, 40.712538], [-74.141396, 40.713079], [-74.140721, 40.71335], [-74.140561, 40.713416], [-74.140407, 40.713484], [-74.140243, 40.713558], [-74.140096, 40.713627], [-74.139954, 40.713695], [-74.139805, 40.713767], [-74.139661, 40.71384], [-74.139517, 40.713914], [-74.139369, 40.71399], [-74.139219, 40.71407], [-74.139074, 40.714147], [-74.138631, 40.714397]]}, "properties": {"name": "New Jersey Turnpike", "kind": "Turnpike", "source": "OpenStreetMap / OSRM driving geometry; bus suitability not certified", "ref": "I 95; NJTP", "concept": "c2", "variant": "optional"}}, {"type": "Feature", "geometry": {"type": "LineString", "coordinates": [[-74.138631, 40.714397], [-74.13821, 40.714598], [-74.138062, 40.714683], [-74.137937, 40.714757], [-74.137926, 40.714763], [-74.137792, 40.714845], [-74.137657, 40.71493], [-74.13756, 40.714993], [-74.13744, 40.71507], [-74.137295, 40.715164], [-74.137172, 40.715247], [-74.137108, 40.715291], [-74.137019, 40.715353], [-74.136899, 40.715439], [-74.136768, 40.715533], [-74.136645, 40.715623], [-74.136521, 40.715718], [-74.136397, 40.715814], [-74.136277, 40.715913], [-74.136156, 40.716016], [-74.136045, 40.716115], [-74.135931, 40.716222], [-74.13582, 40.716332], [-74.135715, 40.716441], [-74.135617, 40.716543], [-74.135517, 40.716653], [-74.13542, 40.716767], [-74.135328, 40.71688], [-74.135235, 40.716999], [-74.135148, 40.717113], [-74.135063, 40.717232], [-74.134983, 40.717354], [-74.134907, 40.717476], [-74.134835, 40.717602], [-74.134766, 40.717731], [-74.134703, 40.717856], [-74.134642, 40.717988], [-74.134583, 40.718117], [-74.134529, 40.718246], [-74.134476, 40.718381], [-74.13443, 40.718509], [-74.134387, 40.718642], [-74.134345, 40.71878], [-74.134308, 40.718914], [-74.134275, 40.719046], [-74.134244, 40.719174], [-74.134211, 40.719314], [-74.134181, 40.719449], [-74.134054, 40.719987], [-74.134023, 40.720121], [-74.13399, 40.720249], [-74.133956, 40.720383], [-74.133923, 40.720509], [-74.13387, 40.720712], [-74.133812, 40.720916], [-74.133772, 40.721049], [-74.133732, 40.721182], [-74.133691, 40.72132], [-74.133649, 40.72145], [-74.133603, 40.721584], [-74.133559, 40.721713], [-74.133513, 40.721844], [-74.133464, 40.721978], [-74.133418, 40.722105], [-74.13337, 40.722238], [-74.133324, 40.722368], [-74.133275, 40.722499], [-74.133226, 40.722631], [-74.133176, 40.722765], [-74.133126, 40.722901], [-74.133031, 40.723314], [-74.132979, 40.72344], [-74.132923, 40.72357], [-74.132865, 40.7237], [-74.132807, 40.723828], [-74.132744, 40.723957], [-74.132677, 40.72409], [-74.132614, 40.724212], [-74.132546, 40.724339], [-74.132474, 40.724464], [-74.132402, 40.724587], [-74.132325, 40.72471], [-74.132247, 40.724835], [-74.132175, 40.724946], [-74.13198, 40.725221], [-74.131841, 40.72541], [-74.131681, 40.725612], [-74.131531, 40.725795], [-74.131375, 40.725979], [-74.131166, 40.726212], [-74.131005, 40.726381], [-74.130853, 40.726532], [-74.130681, 40.7267], [-74.130514, 40.726851], [-74.130362, 40.726981], [-74.129959, 40.727307], [-74.129468, 40.727694], [-74.128875, 40.72815], [-74.128147, 40.728704], [-74.12756, 40.729149], [-74.126532, 40.729974], [-74.126344, 40.730134], [-74.126158, 40.730288], [-74.12598, 40.730448], [-74.125809, 40.730608], [-74.125652, 40.730763], [-74.125483, 40.730941], [-74.125334, 40.731106], [-74.125181, 40.731282], [-74.125045, 40.731449], [-74.124912, 40.731626], [-74.124785, 40.731804], [-74.124658, 40.731991], [-74.124587, 40.7321], [-74.124541, 40.732172], [-74.124429, 40.732364], [-74.124328, 40.732544], [-74.124225, 40.732738], [-74.12413, 40.73293], [-74.124042, 40.733127], [-74.123962, 40.733317], [-74.123885, 40.733512], [-74.123823, 40.733685], [-74.123765, 40.733864], [-74.123721, 40.734017], [-74.123679, 40.734174], [-74.123642, 40.734323], [-74.123611, 40.734465], [-74.123582, 40.734619], [-74.123553, 40.734786], [-74.123527, 40.734971], [-74.123508, 40.735158], [-74.123495, 40.735319], [-74.123483, 40.735479], [-74.123472, 40.735665], [-74.123464, 40.735815], [-74.123351, 40.738381], [-74.123341, 40.738562], [-74.123332, 40.738694], [-74.123321, 40.73884], [-74.123305, 40.739011], [-74.123282, 40.739187], [-74.123257, 40.739363], [-74.123224, 40.739538], [-74.123193, 40.739684], [-74.123158, 40.73984], [-74.123115, 40.740006], [-74.123064, 40.740183], [-74.123014, 40.740347], [-74.122957, 40.740527], [-74.122895, 40.740716], [-74.122834, 40.740893], [-74.121915, 40.743637], [-74.121859, 40.743795], [-74.121809, 40.74393], [-74.121755, 40.744068], [-74.121683, 40.744248], [-74.121606, 40.74443], [-74.121536, 40.744594], [-74.121464, 40.744748], [-74.121375, 40.74493], [-74.121294, 40.745091], [-74.121213, 40.74525], [-74.121107, 40.745445], [-74.121031, 40.745581], [-74.120958, 40.745705], [-74.120885, 40.745828], [-74.120806, 40.745959], [-74.12072, 40.746099], [-74.120634, 40.746235], [-74.120522, 40.7464], [-74.120411, 40.746563], [-74.120304, 40.746714], [-74.12018, 40.746884], [-74.120054, 40.747048], [-74.119933, 40.747206], [-74.119799, 40.747368], [-74.119666, 40.747529], [-74.119539, 40.747682], [-74.119395, 40.747844], [-74.11926, 40.747991], [-74.119121, 40.748141], [-74.11898, 40.748288], [-74.11883, 40.74844], [-74.11868, 40.748586], [-74.118526, 40.748735], [-74.118371, 40.748878], [-74.118223, 40.749014], [-74.118052, 40.749166], [-74.117894, 40.7493], [-74.117751, 40.749419], [-74.117585, 40.749553], [-74.117428, 40.749678], [-74.117255, 40.749813], [-74.1171, 40.749929], [-74.116945, 40.750043], [-74.116794, 40.750148], [-74.116629, 40.750266], [-74.116455, 40.750385], [-74.116285, 40.750497], [-74.116133, 40.750596], [-74.115963, 40.750703], [-74.115832, 40.750784], [-74.115718, 40.750852], [-74.115604, 40.75092], [-74.115449, 40.75101], [-74.115292, 40.751102], [-74.115137, 40.751189], [-74.114818, 40.751361], [-74.114494, 40.751534], [-74.114178, 40.751697], [-74.113857, 40.751864], [-74.113534, 40.75203], [-74.113211, 40.752195], [-74.112885, 40.752359], [-74.11256, 40.752519], [-74.112233, 40.752681], [-74.111921, 40.752835], [-74.11163, 40.752975], [-74.111444, 40.753066], [-74.111001, 40.753278], [-74.110683, 40.753425], [-74.110409, 40.753553], [-74.109964, 40.753756], [-74.109592, 40.753926], [-74.109521, 40.753958], [-74.109202, 40.754101], [-74.108838, 40.754263], [-74.108506, 40.754408], [-74.10814, 40.754568], [-74.1078, 40.754715], [-74.107466, 40.754857], [-74.107127, 40.754999], [-74.106953, 40.755072], [-74.10679, 40.755141], [-74.106611, 40.755215], [-74.106445, 40.755283], [-74.106272, 40.755354], [-74.106105, 40.755421], [-74.105927, 40.755492], [-74.105757, 40.755559], [-74.105664, 40.755595], [-74.105618, 40.755612], [-74.105479, 40.755663], [-74.105329, 40.755717], [-74.105155, 40.755778], [-74.104984, 40.755837], [-74.104818, 40.755892], [-74.104633, 40.755952], [-74.104465, 40.756005], [-74.104304, 40.756054], [-74.10414, 40.756102], [-74.103968, 40.756151], [-74.103793, 40.7562], [-74.10361, 40.756249], [-74.103442, 40.756292], [-74.103261, 40.756339], [-74.103086, 40.756381], [-74.10292, 40.756421], [-74.102747, 40.75646], [-74.102569, 40.756498], [-74.102402, 40.756533], [-74.102229, 40.756568], [-74.102055, 40.756602], [-74.101881, 40.756634], [-74.101698, 40.756666], [-74.101514, 40.756697], [-74.10134, 40.756725], [-74.101167, 40.756751], [-74.100985, 40.756777], [-74.100809, 40.756802], [-74.100651, 40.756822], [-74.100478, 40.756843], [-74.100291, 40.756865], [-74.100111, 40.756884], [-74.099931, 40.756902], [-74.099739, 40.756919], [-74.099559, 40.756934], [-74.099388, 40.756947], [-74.099203, 40.756959], [-74.099027, 40.75697], [-74.098842, 40.75698], [-74.098667, 40.756987], [-74.098477, 40.756994], [-74.098304, 40.756998], [-74.098118, 40.757002], [-74.097932, 40.757006], [-74.09774, 40.757008], [-74.090532, 40.757109], [-74.090336, 40.757112], [-74.090155, 40.757116], [-74.089956, 40.757123], [-74.089786, 40.757131], [-74.089595, 40.757141], [-74.089434, 40.75715], [-74.089262, 40.757163], [-74.08908, 40.757178], [-74.088906, 40.757192], [-74.088725, 40.75721], [-74.088543, 40.757231], [-74.08836, 40.757253], [-74.088183, 40.757276], [-74.088007, 40.757301], [-74.087819, 40.75733], [-74.087655, 40.757356], [-74.087485, 40.757384], [-74.087293, 40.757418], [-74.087122, 40.75745], [-74.086948, 40.757485], [-74.086771, 40.757521], [-74.0866, 40.757559], [-74.086436, 40.757596], [-74.086258, 40.757639], [-74.08609, 40.757681], [-74.08591, 40.757728], [-74.085781, 40.757764], [-74.085558, 40.757828], [-74.085393, 40.757876], [-74.085225, 40.757928], [-74.085056, 40.757982], [-74.084881, 40.758039], [-74.084718, 40.758094], [-74.084553, 40.758152], [-74.08439, 40.758212], [-74.084227, 40.758273], [-74.084066, 40.758334], [-74.083906, 40.758398], [-74.083744, 40.758464], [-74.08359, 40.758531], [-74.083436, 40.758598], [-74.083276, 40.758669], [-74.083119, 40.758742], [-74.082968, 40.758814], [-74.082512, 40.75903], [-74.08235, 40.759107], [-74.082198, 40.75918], [-74.082054, 40.759248], [-74.08189, 40.759326], [-74.081741, 40.759397], [-74.081591, 40.759471], [-74.081438, 40.759544], [-74.081288, 40.759617]]}, "properties": {"name": "New Jersey Turnpike Eastern Spur", "kind": "Turnpike", "source": "OpenStreetMap / OSRM driving geometry; bus suitability not certified", "ref": "I 95; NJTP", "concept": "c2", "variant": "optional"}}, {"type": "Feature", "geometry": {"type": "LineString", "coordinates": [[-74.081288, 40.759617], [-74.080764, 40.759787], [-74.080374, 40.759975], [-74.080295, 40.760008], [-74.080222, 40.760037], [-74.080153, 40.760062], [-74.080059, 40.760095], [-74.079952, 40.760126], [-74.07985, 40.760153], [-74.079748, 40.760179], [-74.079407, 40.760266], [-74.079231, 40.760312], [-74.079047, 40.760364], [-74.078893, 40.76041], [-74.078758, 40.760454], [-74.078649, 40.760496], [-74.078531, 40.760544], [-74.078419, 40.760594], [-74.078284, 40.760662], [-74.078154, 40.760732], [-74.078028, 40.760804], [-74.077722, 40.760965], [-74.077646, 40.761001], [-74.077567, 40.761033], [-74.077487, 40.761062], [-74.077395, 40.76109], [-74.077304, 40.761113], [-74.077223, 40.761125], [-74.077143, 40.761134], [-74.077068, 40.761134], [-74.076986, 40.761131], [-74.076907, 40.761121], [-74.076833, 40.761105], [-74.076762, 40.761085], [-74.076702, 40.761061], [-74.076643, 40.761031], [-74.076587, 40.760992], [-74.076529, 40.760948], [-74.076458, 40.760895], [-74.076395, 40.760841], [-74.07634, 40.760788], [-74.076293, 40.760741], [-74.076228, 40.760671], [-74.076169, 40.760599], [-74.076096, 40.760512], [-74.075573, 40.759871], [-74.075385, 40.759655], [-74.075272, 40.75949], [-74.075097, 40.759232], [-74.074986, 40.759064], [-74.074877, 40.758881], [-74.074676, 40.758535], [-74.074479, 40.758175], [-74.074399, 40.758022], [-74.074314, 40.757851], [-74.074245, 40.757702], [-74.074183, 40.757571], [-74.074161, 40.75752], [-74.07413, 40.757458], [-74.074085, 40.757359], [-74.07405, 40.757284], [-74.074032, 40.757249], [-74.074011, 40.757209], [-74.073991, 40.75717], [-74.07397, 40.757133], [-74.073846, 40.756916], [-74.073818, 40.756867], [-74.073789, 40.756817], [-74.073641, 40.756558], [-74.073521, 40.756351], [-74.073442, 40.756225], [-74.073332, 40.756055], [-74.073238, 40.755909], [-74.073156, 40.755774], [-74.073076, 40.755638], [-74.072984, 40.755469], [-74.072322, 40.754272], [-74.070859, 40.751632], [-74.070793, 40.751514], [-74.070757, 40.751451], [-74.070718, 40.751386], [-74.070677, 40.751323], [-74.070634, 40.751263], [-74.070589, 40.751203], [-74.070543, 40.751145], [-74.070496, 40.751089], [-74.070449, 40.751033], [-74.070395, 40.750975], [-74.070342, 40.750919], [-74.070288, 40.750866], [-74.070229, 40.750812], [-74.070166, 40.750756], [-74.070098, 40.750699], [-74.070047, 40.750659], [-74.069991, 40.750617], [-74.069924, 40.750568], [-74.069854, 40.75052], [-74.069785, 40.750474], [-74.069716, 40.750432], [-74.069645, 40.750392], [-74.069573, 40.750354], [-74.069496, 40.750319], [-74.069413, 40.750284], [-74.069331, 40.750253], [-74.069251, 40.750228], [-74.069166, 40.750205], [-74.069079, 40.750188], [-74.068987, 40.750175], [-74.068895, 40.750168], [-74.068807, 40.750169], [-74.068719, 40.750176], [-74.068633, 40.750189], [-74.068552, 40.750207], [-74.068472, 40.75023], [-74.068396, 40.750257], [-74.068312, 40.750296], [-74.068235, 40.750341], [-74.068168, 40.750387], [-74.068108, 40.750438], [-74.068054, 40.750493], [-74.068004, 40.750559], [-74.067966, 40.750618], [-74.067936, 40.750681], [-74.067913, 40.750743], [-74.067896, 40.750809], [-74.067888, 40.750878], [-74.06789, 40.750948], [-74.0679, 40.75102], [-74.067921, 40.751095], [-74.067944, 40.751154], [-74.067974, 40.751215], [-74.068009, 40.751276], [-74.068051, 40.751337], [-74.068094, 40.751395], [-74.068143, 40.751454], [-74.068193, 40.751506], [-74.068251, 40.751563], [-74.068303, 40.75161], [-74.0692, 40.752383], [-74.069257, 40.752434], [-74.069312, 40.752485], [-74.069368, 40.752541], [-74.069421, 40.752597], [-74.069471, 40.752651], [-74.069518, 40.752707], [-74.069569, 40.752769], [-74.069614, 40.752828], [-74.069657, 40.752889], [-74.069697, 40.752946], [-74.069766, 40.753055], [-74.069777, 40.753074], [-74.069812, 40.753138], [-74.069848, 40.753206], [-74.069878, 40.753267], [-74.069905, 40.753328], [-74.06993, 40.753395], [-74.069953, 40.753458], [-74.069975, 40.753525], [-74.069996, 40.753591], [-74.070039, 40.753727], [-74.071877, 40.759739], [-74.072072, 40.760416], [-74.072148, 40.76069], [-74.072379, 40.761525], [-74.072434, 40.761716], [-74.07262, 40.762344]]}, "properties": {"name": "Ramp / connecting roadway", "kind": "Road connector", "source": "OpenStreetMap / OSRM driving geometry; bus suitability not certified", "ref": "", "concept": "c2", "variant": "optional"}}, {"type": "Feature", "geometry": {"type": "LineString", "coordinates": [[-74.07262, 40.762344], [-74.072602, 40.762336]]}, "properties": {"name": "GTFS shape join (under 35 m)", "kind": "Shape join", "source": "Short geometry alignment join; operational review required", "concept": "c2", "variant": "optional"}}, {"type": "Feature", "geometry": {"type": "LineString", "coordinates": [[-74.072602, 40.762336], [-74.072783, 40.762286], [-74.073164, 40.762166], [-74.073892, 40.761856]]}, "properties": {"name": "Secaucus Junction approach (NJ TRANSIT 124)", "kind": "GTFS", "feed": "njt", "routes": ["124"], "shape_id": "375", "start_vertex": 465, "end_vertex": 468, "concept": "c2", "variant": "optional"}}, {"type": "Feature", "geometry": {"type": "LineString", "coordinates": [[-74.4893161, 40.3212089], [-74.4901707, 40.3208776]]}, "properties": {"name": "Proposed pickup to rear gate (assumed access)", "kind": "Assumed access", "source": "OSM ways 88982888, 614254063 (private), 42676561; gated access opening assumed by user; not approved/public access", "concept": "c3", "variant": "core"}}, {"type": "Feature", "geometry": {"type": "LineString", "coordinates": [[-74.4901707, 40.3208776], [-74.4902766, 40.3208354], [-74.4903708, 40.3207861], [-74.4904574, 40.3207162], [-74.490496, 40.3206665], [-74.4905155, 40.3206413], [-74.4905499, 40.3205525], [-74.4905687, 40.3204543], [-74.4906244, 40.3197321], [-74.4906299, 40.3195479], [-74.4906242, 40.3193424], [-74.4906255, 40.3192639], [-74.4906112, 40.3190158], [-74.4905919, 40.3189319], [-74.4905504, 40.3188408], [-74.4904728, 40.3187424], [-74.4902838, 40.3185035]]}, "properties": {"name": "Private rear service road: assumed gate opening", "kind": "Assumed access", "source": "OSM ways 88982888, 614254063 (private), 42676561; gated access opening assumed by user; not approved/public access", "concept": "c3", "variant": "core"}}, {"type": "Feature", "geometry": {"type": "LineString", "coordinates": [[-74.4902838, 40.3185035], [-74.4903509, 40.3184593], [-74.4904035, 40.3184149], [-74.490451, 40.3183658], [-74.4904869, 40.318314], [-74.4905189, 40.3182317], [-74.490529, 40.3181528], [-74.4905444, 40.3178169], [-74.4905452, 40.3177987], [-74.4905591, 40.3175756], [-74.4905721, 40.3173422], [-74.4905982, 40.3164971], [-74.4906035, 40.3164404], [-74.4906136, 40.316333], [-74.4906307, 40.3162586], [-74.4906387, 40.3162236], [-74.4907027, 40.3160906], [-74.4907614, 40.3159692], [-74.4907918, 40.3158951], [-74.4908129, 40.3158423], [-74.4908274, 40.3157894], [-74.4908417, 40.3156963], [-74.4908484, 40.3154961], [-74.4908435, 40.3151722]]}, "properties": {"name": "Service road to Half Acre Road: assumed gate/security changes", "kind": "Assumed access", "source": "OSM ways 88982888, 614254063 (private), 42676561; gated access opening assumed by user; not approved/public access", "concept": "c3", "variant": "core"}}, {"type": "Feature", "geometry": {"type": "LineString", "coordinates": [[-74.4908435, 40.3151722], [-74.490844, 40.315172]]}, "properties": {"name": "Short source alignment join", "kind": "Shape join", "source": "Geometry alignment under 35 m", "concept": "c3", "variant": "core"}}, {"type": "Feature", "geometry": {"type": "LineString", "coordinates": [[-74.490844, 40.315172], [-74.491391, 40.315131], [-74.492187, 40.315085], [-74.492864, 40.315076], [-74.49375, 40.315106], [-74.494799, 40.315163], [-74.496154, 40.315237], [-74.497698, 40.315321], [-74.498839, 40.315379], [-74.500982, 40.3155], [-74.50149, 40.315531], [-74.501625, 40.31554], [-74.501662, 40.315541], [-74.502693, 40.315582], [-74.503253, 40.315605], [-74.503432, 40.315614], [-74.504085, 40.315651], [-74.504757, 40.315695], [-74.505515, 40.315745], [-74.506444, 40.315805], [-74.507445, 40.315869], [-74.507519, 40.315874], [-74.508672, 40.315948]]}, "properties": {"name": "Half Acre Road", "kind": "Road connector", "source": "OSM / OSRM car-routing geometry; coach suitability unverified", "cache": "molly-local-to-exit8-north-osrm.json", "ref": "", "concept": "c3", "variant": "core"}}, {"type": "Feature", "geometry": {"type": "LineString", "coordinates": [[-74.508672, 40.315948], [-74.508887, 40.315958], [-74.508948, 40.315635], [-74.508994, 40.315392], [-74.50907, 40.314985], [-74.509159, 40.314511], [-74.509262, 40.313961], [-74.509354, 40.313472], [-74.509447, 40.312958], [-74.509468, 40.312844], [-74.509497, 40.312692], [-74.509882, 40.310664], [-74.509931, 40.310417], [-74.510532, 40.307169], [-74.510615, 40.306883], [-74.510751, 40.306138], [-74.510788, 40.305952], [-74.510953, 40.305133], [-74.511112, 40.304436], [-74.511478, 40.303284], [-74.511854, 40.30238], [-74.512303, 40.301503], [-74.512342, 40.301437]]}, "properties": {"name": "US 130", "kind": "Road connector", "source": "OSM / OSRM car-routing geometry; coach suitability unverified", "cache": "molly-local-to-exit8-north-osrm.json", "ref": "US 130", "concept": "c3", "variant": "core"}}, {"type": "Feature", "geometry": {"type": "LineString", "coordinates": [[-74.512342, 40.301437], [-74.5124, 40.301336], [-74.512708, 40.300806], [-74.512764, 40.30071], [-74.512808, 40.300646], [-74.513624, 40.299458], [-74.514241, 40.298722], [-74.516833, 40.295945], [-74.518727, 40.293916], [-74.519145, 40.293467], [-74.519228, 40.293382], [-74.5196, 40.292996], [-74.520112, 40.292572], [-74.520323, 40.292401], [-74.520498, 40.292238], [-74.520556, 40.292181], [-74.520703, 40.292042], [-74.520857, 40.291873], [-74.521027, 40.291634], [-74.521332, 40.291161], [-74.521572, 40.290825], [-74.521757, 40.290597], [-74.521981, 40.290349], [-74.5221, 40.290223], [-74.523712, 40.288537], [-74.523724, 40.288525], [-74.524727, 40.287485], [-74.524849, 40.287354], [-74.525212, 40.286963], [-74.525304, 40.286864], [-74.525619, 40.286527], [-74.526021, 40.286096], [-74.526997, 40.285045], [-74.529217, 40.282655], [-74.529933, 40.281882]]}, "properties": {"name": "US 130", "kind": "Road connector", "source": "OSM / OSRM car-routing geometry; coach suitability unverified", "cache": "molly-local-to-exit8-north-osrm.json", "ref": "US 130", "concept": "c3", "variant": "core"}}, {"type": "Feature", "geometry": {"type": "LineString", "coordinates": [[-74.529933, 40.281882], [-74.530243, 40.281634], [-74.530428, 40.281498], [-74.530565, 40.281416], [-74.530697, 40.281354], [-74.530807, 40.281313], [-74.531025, 40.28125], [-74.531165, 40.28123], [-74.531293, 40.281228], [-74.531419, 40.281241], [-74.531549, 40.281271], [-74.531672, 40.281315], [-74.531798, 40.281379], [-74.531899, 40.281448], [-74.531995, 40.281538], [-74.532056, 40.281615], [-74.532086, 40.281696], [-74.532098, 40.28178], [-74.532093, 40.281864], [-74.532068, 40.281956], [-74.532016, 40.282051], [-74.531947, 40.282132], [-74.53185, 40.282213], [-74.53175, 40.282274], [-74.531641, 40.282325], [-74.531507, 40.282367], [-74.531302, 40.282411], [-74.531093, 40.282439], [-74.530919, 40.282454], [-74.530761, 40.282456], [-74.530458, 40.282452], [-74.529906, 40.282439]]}, "properties": {"name": "Interchange ramp", "kind": "Road connector", "source": "OSM / OSRM car-routing geometry; coach suitability unverified", "cache": "molly-local-to-exit8-north-osrm.json", "ref": "", "concept": "c3", "variant": "core"}}, {"type": "Feature", "geometry": {"type": "LineString", "coordinates": [[-74.529906, 40.282439], [-74.529762, 40.282429], [-74.528923, 40.282362], [-74.528817, 40.282354], [-74.525088, 40.282061], [-74.524068, 40.281979], [-74.521467, 40.281771], [-74.521098, 40.281742], [-74.520652, 40.281706], [-74.520113, 40.281645], [-74.519824, 40.2816], [-74.519395, 40.281518], [-74.518973, 40.281419], [-74.518695, 40.281344], [-74.518322, 40.281229], [-74.518041, 40.281132], [-74.517765, 40.281028], [-74.517494, 40.280917], [-74.517096, 40.280736], [-74.516712, 40.28054], [-74.516342, 40.280328], [-74.515986, 40.280102], [-74.515647, 40.279862], [-74.515481, 40.279735], [-74.515226, 40.279524], [-74.514031, 40.27854], [-74.513938, 40.278464], [-74.513644, 40.278221], [-74.513567, 40.278159], [-74.512836, 40.277572], [-74.512512, 40.277338], [-74.512241, 40.277153], [-74.511818, 40.276891], [-74.511526, 40.276726], [-74.511079, 40.276494], [-74.510739, 40.27634], [-74.51033, 40.276156], [-74.510108, 40.27606], [-74.509706, 40.275905], [-74.509298, 40.275761], [-74.508883, 40.275627], [-74.507498, 40.275209], [-74.506144, 40.274782], [-74.503679, 40.274013], [-74.50266, 40.273696], [-74.502524, 40.273652], [-74.5024, 40.273611], [-74.502281, 40.27357], [-74.502149, 40.273521], [-74.502012, 40.273466], [-74.501892, 40.273414], [-74.501769, 40.273355], [-74.501648, 40.273293], [-74.501534, 40.27323], [-74.501419, 40.273164], [-74.50131, 40.273096], [-74.501181, 40.27301], [-74.50105, 40.272918], [-74.500952, 40.27284], [-74.500856, 40.27276], [-74.500761, 40.272677], [-74.500673, 40.272595], [-74.500585, 40.272508], [-74.500505, 40.272419], [-74.500423, 40.272327], [-74.50035, 40.272236], [-74.50028, 40.272142], [-74.50021, 40.272047], [-74.500143, 40.271949]]}, "properties": {"name": "Hightstown Bypass", "kind": "Road connector", "source": "OSM / OSRM car-routing geometry; coach suitability unverified", "cache": "molly-local-to-exit8-north-osrm.json", "ref": "NJ 133", "concept": "c3", "variant": "core"}}, {"type": "Feature", "geometry": {"type": "LineString", "coordinates": [[-74.500143, 40.271949], [-74.500088, 40.271852], [-74.500033, 40.271754], [-74.499966, 40.27162], [-74.499912, 40.271504], [-74.499863, 40.271387], [-74.499825, 40.271273], [-74.499788, 40.271153], [-74.499755, 40.271037], [-74.499724, 40.270903], [-74.4997, 40.270758], [-74.499679, 40.27061], [-74.499662, 40.270471], [-74.499652, 40.270335], [-74.499646, 40.270199], [-74.499645, 40.270058], [-74.49965, 40.269924], [-74.49966, 40.26979], [-74.499675, 40.269643], [-74.499694, 40.269517], [-74.499719, 40.269379], [-74.49975, 40.269245], [-74.499785, 40.269106], [-74.49983, 40.268953], [-74.49987, 40.268828], [-74.499924, 40.268691], [-74.499987, 40.268546], [-74.500037, 40.268434], [-74.500097, 40.268315], [-74.500153, 40.268211], [-74.500234, 40.268073], [-74.500312, 40.26795], [-74.500403, 40.267814], [-74.50049, 40.267691], [-74.500598, 40.267552], [-74.500701, 40.267428], [-74.500824, 40.267289], [-74.500959, 40.26715], [-74.5011, 40.267015], [-74.501249, 40.26688], [-74.501393, 40.26676], [-74.501535, 40.266652], [-74.50168, 40.266544], [-74.501823, 40.266442], [-74.502025, 40.266314], [-74.502237, 40.266189], [-74.502912, 40.265831], [-74.504341, 40.264994], [-74.50506, 40.264589], [-74.505137, 40.264547], [-74.505511, 40.264344], [-74.505822, 40.264159], [-74.505876, 40.264124], [-74.505935, 40.264092], [-74.506216, 40.26392], [-74.506334, 40.263843], [-74.506453, 40.263755], [-74.506577, 40.263661], [-74.506809, 40.263499], [-74.506965, 40.263401], [-74.507101, 40.263323], [-74.507155, 40.263295], [-74.507192, 40.263277], [-74.507306, 40.263224], [-74.50746, 40.263159]]}, "properties": {"name": "Hightstown Bypass", "kind": "Road connector", "source": "OSM / OSRM car-routing geometry; coach suitability unverified", "cache": "molly-local-to-exit8-north-osrm.json", "ref": "NJ 133", "concept": "c3", "variant": "core"}}, {"type": "Feature", "geometry": {"type": "LineString", "coordinates": [[-74.50746, 40.263159], [-74.507814, 40.263058], [-74.507918, 40.263032], [-74.508008, 40.263013], [-74.508113, 40.262993], [-74.508214, 40.262979], [-74.50832, 40.26297], [-74.508454, 40.262964], [-74.508565, 40.262966], [-74.508667, 40.262972], [-74.508775, 40.262982], [-74.508879, 40.262998], [-74.508976, 40.263018], [-74.50908, 40.263043], [-74.509173, 40.263068], [-74.509277, 40.263104], [-74.509383, 40.263148], [-74.509481, 40.263194], [-74.509583, 40.263245], [-74.509676, 40.263302], [-74.509763, 40.263358]]}, "properties": {"name": "Interchange ramp", "kind": "Road connector", "source": "OSM / OSRM car-routing geometry; coach suitability unverified", "cache": "molly-local-to-exit8-north-osrm.json", "ref": "", "concept": "c3", "variant": "core"}}, {"type": "Feature", "geometry": {"type": "LineString", "coordinates": [[-74.509763, 40.263358], [-74.509936, 40.263514], [-74.510009, 40.263597], [-74.510066, 40.263674], [-74.510124, 40.263756], [-74.51018, 40.263853], [-74.510226, 40.263956], [-74.510259, 40.26405], [-74.510285, 40.264154], [-74.510302, 40.264264], [-74.510311, 40.264372], [-74.510312, 40.264482], [-74.510302, 40.264592], [-74.510283, 40.264699], [-74.510254, 40.264811], [-74.510216, 40.264933], [-74.510025, 40.265511], [-74.509083, 40.268361], [-74.509054, 40.268637]]}, "properties": {"name": "Interchange ramp", "kind": "Road connector", "source": "OSM / OSRM car-routing geometry; coach suitability unverified", "cache": "molly-local-to-exit8-north-osrm.json", "ref": "", "concept": "c3", "variant": "core"}}, {"type": "Feature", "geometry": {"type": "LineString", "coordinates": [[-74.509054, 40.268637], [-74.508799, 40.269385], [-74.508525, 40.270217], [-74.508386, 40.270607], [-74.508032, 40.271533], [-74.507864, 40.271949], [-74.506738, 40.274555], [-74.504367, 40.279906], [-74.504141, 40.280429], [-74.504023, 40.280695], [-74.503306, 40.28231], [-74.501111, 40.287279], [-74.500876, 40.2878], [-74.50079, 40.287991], [-74.499015, 40.291926], [-74.497136, 40.296246], [-74.496838, 40.296935], [-74.495309, 40.300451], [-74.493683, 40.304102], [-74.492058, 40.307903], [-74.492, 40.30804], [-74.49136, 40.30955], [-74.488842, 40.314917], [-74.486799, 40.319225], [-74.486675, 40.319523], [-74.485956, 40.321154], [-74.485691, 40.321855], [-74.485475, 40.322412], [-74.485331, 40.322822], [-74.48501, 40.323664], [-74.48467, 40.324618], [-74.484543, 40.324989], [-74.484207, 40.325881], [-74.483432, 40.327761], [-74.482506, 40.329866], [-74.480416, 40.334393], [-74.479558, 40.336339], [-74.478341, 40.339063], [-74.477577, 40.340763], [-74.477203, 40.341585], [-74.476523, 40.343058], [-74.475983, 40.344202], [-74.475905, 40.344358], [-74.475416, 40.345305], [-74.474334, 40.347395], [-74.474314, 40.347497], [-74.474022, 40.348212], [-74.473206, 40.34986], [-74.472976, 40.350347], [-74.472745, 40.350853], [-74.472568, 40.351266], [-74.472426, 40.351612], [-74.472287, 40.351973], [-74.472171, 40.352293], [-74.471994, 40.35274], [-74.471385, 40.354326], [-74.471117, 40.35504]]}, "properties": {"name": "New Jersey Turnpike", "kind": "Turnpike", "source": "OSM / OSRM car-routing geometry; coach suitability unverified", "cache": "molly-local-to-exit8-north-osrm.json", "ref": "I 95; NJTP", "concept": "c3", "variant": "core"}}, {"type": "Feature", "geometry": {"type": "LineString", "coordinates": [[-74.471117, 40.35504], [-74.470905, 40.355561], [-74.470653, 40.356141], [-74.470366, 40.356775], [-74.47022, 40.357102], [-74.469773, 40.358087], [-74.469513, 40.35867], [-74.46896, 40.359908], [-74.468574, 40.360808], [-74.468089, 40.361966], [-74.465991, 40.367124], [-74.46556, 40.368183], [-74.464511, 40.370763], [-74.463899, 40.372268], [-74.463479, 40.373294], [-74.463398, 40.373492], [-74.46306, 40.374318], [-74.462931, 40.374642], [-74.461849, 40.377298], [-74.460213, 40.381316], [-74.460102, 40.38159], [-74.459988, 40.381868], [-74.455303, 40.393355], [-74.454811, 40.394562], [-74.454595, 40.39509], [-74.454498, 40.395329], [-74.452948, 40.39912], [-74.452079, 40.401273], [-74.451725, 40.40222], [-74.450923, 40.404399], [-74.450643, 40.405162], [-74.450558, 40.405396], [-74.450019, 40.406853], [-74.449807, 40.407414], [-74.449563, 40.408031], [-74.44927, 40.408748], [-74.448965, 40.409483], [-74.448624, 40.410276], [-74.44838, 40.410831], [-74.448114, 40.411426], [-74.44753, 40.412546], [-74.446325, 40.414854], [-74.446236, 40.415103], [-74.446154, 40.41528], [-74.446076, 40.415463], [-74.4457, 40.416137], [-74.445185, 40.417013], [-74.444432, 40.418257], [-74.443901, 40.419088], [-74.442935, 40.42055], [-74.442302, 40.421462], [-74.441749, 40.422228], [-74.439698, 40.425036], [-74.438748, 40.426343], [-74.437328, 40.428169], [-74.435535, 40.430457], [-74.435092, 40.43102], [-74.434301, 40.43208], [-74.429127, 40.439188], [-74.428724, 40.439756], [-74.428335, 40.440319], [-74.427939, 40.440916], [-74.427568, 40.441508], [-74.42754, 40.441554], [-74.427193, 40.44212], [-74.426212, 40.443769], [-74.426154, 40.443868], [-74.424961, 40.4459], [-74.424153, 40.447276], [-74.422749, 40.449653], [-74.419891, 40.454491], [-74.419744, 40.45474], [-74.419267, 40.45553], [-74.419156, 40.455715], [-74.416466, 40.460293], [-74.415449, 40.462014], [-74.41527, 40.462316], [-74.415147, 40.462495], [-74.414973, 40.462746], [-74.412009, 40.467544], [-74.411479, 40.468403], [-74.410139, 40.470576], [-74.409807, 40.47109], [-74.409496, 40.471564], [-74.409249, 40.471927], [-74.408915, 40.472396], [-74.408735, 40.472619], [-74.408541, 40.472845], [-74.407261, 40.474218], [-74.407189, 40.474323], [-74.406416, 40.47523], [-74.406017, 40.4757], [-74.405639, 40.476183], [-74.405295, 40.476638], [-74.404941, 40.47714], [-74.404622, 40.47763], [-74.403305, 40.479737], [-74.402997, 40.480233], [-74.402624, 40.480833], [-74.402248, 40.48142], [-74.401934, 40.481888], [-74.401548, 40.482406], [-74.401167, 40.482885], [-74.400778, 40.483369], [-74.400384, 40.483836], [-74.399979, 40.484299], [-74.399593, 40.484725], [-74.399169, 40.485178], [-74.398633, 40.485719], [-74.398179, 40.486163], [-74.397736, 40.486583], [-74.397355, 40.486929], [-74.396968, 40.487285], [-74.395077, 40.488979], [-74.392047, 40.491667], [-74.391673, 40.492], [-74.391532, 40.492127], [-74.382875, 40.499857], [-74.377423, 40.504724], [-74.377016, 40.505085], [-74.376562, 40.505489], [-74.371434, 40.510059], [-74.368851, 40.51236], [-74.368288, 40.512843], [-74.367687, 40.513339], [-74.367092, 40.513812], [-74.366502, 40.51426], [-74.366256, 40.514438], [-74.365826, 40.51475], [-74.365212, 40.515176], [-74.364608, 40.515582], [-74.363897, 40.516038], [-74.363232, 40.516446], [-74.362548, 40.516856], [-74.361851, 40.517247], [-74.361105, 40.517653], [-74.360359, 40.51804], [-74.35941, 40.518505], [-74.358948, 40.518721], [-74.358256, 40.519037], [-74.357529, 40.519349], [-74.356714, 40.519691], [-74.356301, 40.519851], [-74.353772, 40.520811], [-74.352948, 40.521119], [-74.351021, 40.521822], [-74.35012, 40.522146], [-74.349184, 40.522476], [-74.347751, 40.52297], [-74.344936, 40.523984], [-74.344818, 40.524031], [-74.344383, 40.524187], [-74.343744, 40.524435], [-74.343109, 40.524694], [-74.342505, 40.524955], [-74.341886, 40.525241], [-74.341234, 40.525561], [-74.340579, 40.525893], [-74.339893, 40.526268], [-74.338536, 40.527083], [-74.336875, 40.528099], [-74.336073, 40.528607], [-74.334877, 40.529396], [-74.333415, 40.530382], [-74.333008, 40.53066], [-74.33059, 40.532297], [-74.330193, 40.532566], [-74.329332, 40.533153], [-74.328755, 40.533526], [-74.328157, 40.533895], [-74.327471, 40.534313], [-74.326765, 40.534716], [-74.326086, 40.535089], [-74.325416, 40.535446], [-74.324686, 40.535817], [-74.323959, 40.536168], [-74.323222, 40.536514], [-74.322481, 40.53684], [-74.321838, 40.537112], [-74.321199, 40.537375], [-74.320569, 40.537619], [-74.319877, 40.537876], [-74.31926, 40.538094], [-74.318718, 40.53828], [-74.318169, 40.538461], [-74.317592, 40.538647], [-74.317002, 40.53883], [-74.315671, 40.539232], [-74.314427, 40.539592], [-74.313807, 40.539762], [-74.313117, 40.539944], [-74.31237, 40.540129], [-74.311713, 40.540286], [-74.310974, 40.540466], [-74.310278, 40.540598], [-74.30962, 40.540715], [-74.308965, 40.540827], [-74.307977, 40.540954], [-74.307468, 40.541015], [-74.306913, 40.541073], [-74.306211, 40.541146], [-74.305162, 40.541231], [-74.304501, 40.541292], [-74.30286, 40.541427], [-74.302122, 40.541495], [-74.301752, 40.541529], [-74.300636, 40.541639], [-74.299647, 40.541753], [-74.297469, 40.54203], [-74.297343, 40.542047], [-74.296984, 40.542103], [-74.29634, 40.542204], [-74.295945, 40.542269], [-74.295497, 40.542346], [-74.295041, 40.542432], [-74.294558, 40.542525], [-74.293955, 40.54265], [-74.293386, 40.542778], [-74.289119, 40.543803], [-74.289102, 40.543808], [-74.286812, 40.544366], [-74.28615, 40.544547], [-74.285509, 40.544753], [-74.284972, 40.544953], [-74.284393, 40.545187], [-74.28383, 40.545448], [-74.28328, 40.545721], [-74.280699, 40.547063], [-74.279927, 40.547466], [-74.278864, 40.548056], [-74.278221, 40.548412], [-74.277481, 40.548836], [-74.276676, 40.549319], [-74.274278, 40.550785], [-74.273868, 40.551035], [-74.273385, 40.551321], [-74.272811, 40.551657], [-74.270649, 40.552902], [-74.270015, 40.553286], [-74.269936, 40.553334], [-74.269382, 40.55372], [-74.26816, 40.554515], [-74.267972, 40.55464], [-74.267644, 40.554867], [-74.267518, 40.554949], [-74.267411, 40.555019], [-74.267255, 40.555124], [-74.266769, 40.555478], [-74.266241, 40.55588], [-74.265616, 40.556373], [-74.265055, 40.556834], [-74.264444, 40.557357], [-74.26387, 40.557871], [-74.263336, 40.558366], [-74.262784, 40.558894], [-74.262258, 40.559432], [-74.261668, 40.560051], [-74.260858, 40.560923], [-74.25919, 40.562779], [-74.258138, 40.563947], [-74.257586, 40.564557], [-74.257032, 40.565159], [-74.255718, 40.566561], [-74.253795, 40.568605], [-74.253499, 40.568917], [-74.252207, 40.57029], [-74.247769, 40.575009], [-74.247117, 40.575718], [-74.246454, 40.576451], [-74.245698, 40.577331], [-74.245001, 40.578177], [-74.244424, 40.578894], [-74.243896, 40.579582], [-74.243169, 40.580568], [-74.242511, 40.581495], [-74.241932, 40.582355], [-74.240032, 40.585262], [-74.237872, 40.588578], [-74.237734, 40.58879], [-74.236862, 40.590113], [-74.23572, 40.591815], [-74.235648, 40.591943], [-74.235251, 40.592574], [-74.234677, 40.593444], [-74.233778, 40.594825], [-74.233088, 40.595868], [-74.232468, 40.596811], [-74.232163, 40.597302], [-74.231893, 40.597719], [-74.23177, 40.597939], [-74.231566, 40.598296], [-74.230839, 40.599562], [-74.230272, 40.600551], [-74.230119, 40.600821], [-74.228426, 40.603666], [-74.2276, 40.605026], [-74.226166, 40.607396], [-74.225919, 40.607804], [-74.224535, 40.610094], [-74.223735, 40.611409], [-74.223627, 40.611587], [-74.223431, 40.611912], [-74.220879, 40.616139], [-74.220811, 40.616251], [-74.216967, 40.622589], [-74.215855, 40.624376], [-74.215719, 40.624626], [-74.215017, 40.625826], [-74.21381, 40.627853], [-74.213395, 40.628495], [-74.213121, 40.628922], [-74.212667, 40.629619], [-74.211726, 40.631062], [-74.211507, 40.631412], [-74.211099, 40.632035], [-74.210576, 40.632883], [-74.208862, 40.63568], [-74.20829, 40.636627], [-74.20771, 40.637703], [-74.206966, 40.639019], [-74.206467, 40.639888], [-74.205896, 40.640855], [-74.205378, 40.641701], [-74.204378, 40.643315], [-74.203355, 40.644927], [-74.202943, 40.645572], [-74.201878, 40.647243], [-74.201642, 40.647583], [-74.201401, 40.647901], [-74.201167, 40.648175], [-74.200862, 40.648499], [-74.20069, 40.648662], [-74.20054, 40.648805], [-74.200369, 40.648964], [-74.200173, 40.649135], [-74.200109, 40.64918], [-74.200012, 40.649241], [-74.199046, 40.649916], [-74.198683, 40.650133], [-74.19832, 40.650334], [-74.196865, 40.651128], [-74.196427, 40.651367], [-74.196052, 40.651571], [-74.195579, 40.651829], [-74.195231, 40.652019], [-74.194827, 40.65224], [-74.194467, 40.652436], [-74.194068, 40.652654], [-74.1937, 40.652854], [-74.193315, 40.653065], [-74.192935, 40.653272], [-74.192557, 40.653478], [-74.192165, 40.653692], [-74.191803, 40.653889], [-74.191318, 40.654154], [-74.19101, 40.654322], [-74.190565, 40.654584], [-74.190168, 40.654835], [-74.189825, 40.655076], [-74.189506, 40.655311], [-74.189162, 40.655579], [-74.188843, 40.655848], [-74.188721, 40.655958], [-74.188537, 40.656126], [-74.188218, 40.656436], [-74.187955, 40.656704], [-74.187797, 40.656878], [-74.187625, 40.657071], [-74.187464, 40.657256], [-74.187311, 40.657441], [-74.187142, 40.657657], [-74.186973, 40.657884], [-74.186614, 40.658391], [-74.185874, 40.659456], [-74.185187, 40.660428], [-74.18485, 40.660878], [-74.184674, 40.661121], [-74.184343, 40.661581], [-74.184295, 40.661652], [-74.184253, 40.661718], [-74.184195, 40.661812], [-74.184015, 40.662054], [-74.183836, 40.662292], [-74.183651, 40.662538], [-74.183483, 40.662758], [-74.183296, 40.663001], [-74.183109, 40.663238], [-74.182917, 40.663481], [-74.182728, 40.663718], [-74.182532, 40.663959], [-74.182341, 40.66419], [-74.182142, 40.664427], [-74.181945, 40.664661], [-74.181754, 40.664882], [-74.181556, 40.665112], [-74.181353, 40.665346], [-74.181148, 40.665577], [-74.180943, 40.665806], [-74.180759, 40.666008], [-74.180547, 40.66624], [-74.180334, 40.666468], [-74.180118, 40.6667], [-74.17991, 40.666924], [-74.179697, 40.667151], [-74.179484, 40.667379], [-74.179273, 40.667602], [-74.179057, 40.667831], [-74.178849, 40.668053], [-74.178801, 40.668105], [-74.178632, 40.668284], [-74.177251, 40.669753], [-74.175011, 40.67214], [-74.1748, 40.672364], [-74.174586, 40.672592], [-74.174374, 40.67282], [-74.174163, 40.67305], [-74.173956, 40.67328], [-74.173747, 40.673514], [-74.173547, 40.673743], [-74.173346, 40.673977], [-74.173148, 40.674211], [-74.172951, 40.674447], [-74.172756, 40.674682], [-74.172629, 40.674838], [-74.172563, 40.67492], [-74.172372, 40.675158], [-74.172183, 40.675399], [-74.171996, 40.675638], [-74.17181, 40.675879], [-74.171629, 40.67612], [-74.171447, 40.676365], [-74.171271, 40.676605], [-74.171099, 40.676846], [-74.170498, 40.677678], [-74.170058, 40.678301], [-74.168642, 40.680353], [-74.168016, 40.681289], [-74.16699, 40.682769], [-74.166114, 40.68391], [-74.163719, 40.687495], [-74.163575, 40.687703], [-74.162393, 40.689405], [-74.162189, 40.6897], [-74.161959, 40.69003], [-74.161793, 40.690269], [-74.161622, 40.690513], [-74.161447, 40.690759], [-74.161275, 40.690999], [-74.161102, 40.691242], [-74.160925, 40.691486], [-74.160749, 40.691726], [-74.160573, 40.691968], [-74.160397, 40.692207], [-74.160224, 40.692442], [-74.160045, 40.692687], [-74.15987, 40.692926], [-74.15969, 40.693172], [-74.159516, 40.693411], [-74.159341, 40.693653], [-74.157865, 40.695674], [-74.157441, 40.696277], [-74.156689, 40.697286], [-74.156246, 40.697887], [-74.155548, 40.698902], [-74.155329, 40.699236], [-74.155096, 40.6996], [-74.154861, 40.699981], [-74.15464, 40.700341], [-74.15442, 40.700716], [-74.154289, 40.700944], [-74.153407, 40.702584], [-74.152903, 40.703548], [-74.152651, 40.704013], [-74.152605, 40.704099], [-74.1522, 40.704811], [-74.151441, 40.706071], [-74.150778, 40.707179], [-74.150533, 40.707572], [-74.150305, 40.707911], [-74.150067, 40.708234], [-74.149819, 40.708538], [-74.149641, 40.708738], [-74.149402, 40.708989], [-74.149173, 40.709212], [-74.148956, 40.709407], [-74.148713, 40.709609], [-74.148468, 40.709803], [-74.148208, 40.709998], [-74.147941, 40.710187], [-74.147677, 40.710363], [-74.147402, 40.710537], [-74.147103, 40.710712], [-74.146821, 40.71087], [-74.14652, 40.71103], [-74.146223, 40.711179], [-74.145913, 40.711322], [-74.145593, 40.711461], [-74.145276, 40.711592], [-74.144958, 40.711715], [-74.144532, 40.711878], [-74.142791, 40.712538], [-74.141396, 40.713079], [-74.140721, 40.71335], [-74.140561, 40.713416], [-74.140407, 40.713484], [-74.140243, 40.713558], [-74.140096, 40.713627], [-74.139954, 40.713695], [-74.139805, 40.713767], [-74.139661, 40.71384], [-74.139517, 40.713914], [-74.139369, 40.71399], [-74.139219, 40.71407], [-74.139074, 40.714147], [-74.138631, 40.714397]]}, "properties": {"name": "New Jersey Turnpike", "kind": "Turnpike", "source": "OpenStreetMap / OSRM driving geometry; bus suitability not certified", "ref": "I 95; NJTP", "concept": "c3", "variant": "core"}}, {"type": "Feature", "geometry": {"type": "LineString", "coordinates": [[-74.138631, 40.714397], [-74.13821, 40.714598], [-74.138062, 40.714683], [-74.137937, 40.714757], [-74.137926, 40.714763], [-74.137792, 40.714845], [-74.137657, 40.71493], [-74.13756, 40.714993], [-74.13744, 40.71507], [-74.137295, 40.715164], [-74.137172, 40.715247], [-74.137108, 40.715291], [-74.137019, 40.715353], [-74.136899, 40.715439], [-74.136768, 40.715533], [-74.136645, 40.715623], [-74.136521, 40.715718], [-74.136397, 40.715814], [-74.136277, 40.715913], [-74.136156, 40.716016], [-74.136045, 40.716115], [-74.135931, 40.716222], [-74.13582, 40.716332], [-74.135715, 40.716441], [-74.135617, 40.716543], [-74.135517, 40.716653], [-74.13542, 40.716767], [-74.135328, 40.71688], [-74.135235, 40.716999], [-74.135148, 40.717113], [-74.135063, 40.717232], [-74.134983, 40.717354], [-74.134907, 40.717476], [-74.134835, 40.717602], [-74.134766, 40.717731], [-74.134703, 40.717856], [-74.134642, 40.717988], [-74.134583, 40.718117], [-74.134529, 40.718246], [-74.134476, 40.718381], [-74.13443, 40.718509], [-74.134387, 40.718642], [-74.134345, 40.71878], [-74.134308, 40.718914], [-74.134275, 40.719046], [-74.134244, 40.719174], [-74.134211, 40.719314], [-74.134181, 40.719449], [-74.134054, 40.719987], [-74.134023, 40.720121], [-74.13399, 40.720249], [-74.133956, 40.720383], [-74.133923, 40.720509], [-74.13387, 40.720712], [-74.133812, 40.720916], [-74.133772, 40.721049], [-74.133732, 40.721182], [-74.133691, 40.72132], [-74.133649, 40.72145], [-74.133603, 40.721584], [-74.133559, 40.721713], [-74.133513, 40.721844], [-74.133464, 40.721978], [-74.133418, 40.722105], [-74.13337, 40.722238], [-74.133324, 40.722368], [-74.133275, 40.722499], [-74.133226, 40.722631], [-74.133176, 40.722765], [-74.133126, 40.722901], [-74.133031, 40.723314], [-74.132979, 40.72344], [-74.132923, 40.72357], [-74.132865, 40.7237], [-74.132807, 40.723828], [-74.132744, 40.723957], [-74.132677, 40.72409], [-74.132614, 40.724212], [-74.132546, 40.724339], [-74.132474, 40.724464], [-74.132402, 40.724587], [-74.132325, 40.72471], [-74.132247, 40.724835], [-74.132175, 40.724946], [-74.13198, 40.725221], [-74.131841, 40.72541], [-74.131681, 40.725612], [-74.131531, 40.725795], [-74.131375, 40.725979], [-74.131166, 40.726212], [-74.131005, 40.726381], [-74.130853, 40.726532], [-74.130681, 40.7267], [-74.130514, 40.726851], [-74.130362, 40.726981], [-74.129959, 40.727307], [-74.129468, 40.727694], [-74.128875, 40.72815], [-74.128147, 40.728704], [-74.12756, 40.729149], [-74.126532, 40.729974], [-74.126344, 40.730134], [-74.126158, 40.730288], [-74.12598, 40.730448], [-74.125809, 40.730608], [-74.125652, 40.730763], [-74.125483, 40.730941], [-74.125334, 40.731106], [-74.125181, 40.731282], [-74.125045, 40.731449], [-74.124912, 40.731626], [-74.124785, 40.731804], [-74.124658, 40.731991], [-74.124587, 40.7321], [-74.124541, 40.732172], [-74.124429, 40.732364], [-74.124328, 40.732544], [-74.124225, 40.732738], [-74.12413, 40.73293], [-74.124042, 40.733127], [-74.123962, 40.733317], [-74.123885, 40.733512], [-74.123823, 40.733685], [-74.123765, 40.733864], [-74.123721, 40.734017], [-74.123679, 40.734174], [-74.123642, 40.734323], [-74.123611, 40.734465], [-74.123582, 40.734619], [-74.123553, 40.734786], [-74.123527, 40.734971], [-74.123508, 40.735158], [-74.123495, 40.735319], [-74.123483, 40.735479], [-74.123472, 40.735665], [-74.123464, 40.735815], [-74.123351, 40.738381], [-74.123341, 40.738562], [-74.123332, 40.738694], [-74.123321, 40.73884], [-74.123305, 40.739011], [-74.123282, 40.739187], [-74.123257, 40.739363], [-74.123224, 40.739538], [-74.123193, 40.739684], [-74.123158, 40.73984], [-74.123115, 40.740006], [-74.123064, 40.740183], [-74.123014, 40.740347], [-74.122957, 40.740527], [-74.122895, 40.740716], [-74.122834, 40.740893], [-74.121915, 40.743637], [-74.121859, 40.743795], [-74.121809, 40.74393], [-74.121755, 40.744068], [-74.121683, 40.744248], [-74.121606, 40.74443], [-74.121536, 40.744594], [-74.121464, 40.744748], [-74.121375, 40.74493], [-74.121294, 40.745091], [-74.121213, 40.74525], [-74.121107, 40.745445], [-74.121031, 40.745581], [-74.120958, 40.745705], [-74.120885, 40.745828], [-74.120806, 40.745959], [-74.12072, 40.746099], [-74.120634, 40.746235], [-74.120522, 40.7464], [-74.120411, 40.746563], [-74.120304, 40.746714], [-74.12018, 40.746884], [-74.120054, 40.747048], [-74.119933, 40.747206], [-74.119799, 40.747368], [-74.119666, 40.747529], [-74.119539, 40.747682], [-74.119395, 40.747844], [-74.11926, 40.747991], [-74.119121, 40.748141], [-74.11898, 40.748288], [-74.11883, 40.74844], [-74.11868, 40.748586], [-74.118526, 40.748735], [-74.118371, 40.748878], [-74.118223, 40.749014], [-74.118052, 40.749166], [-74.117894, 40.7493], [-74.117751, 40.749419], [-74.117585, 40.749553], [-74.117428, 40.749678], [-74.117255, 40.749813], [-74.1171, 40.749929], [-74.116945, 40.750043], [-74.116794, 40.750148], [-74.116629, 40.750266], [-74.116455, 40.750385], [-74.116285, 40.750497], [-74.116133, 40.750596], [-74.115963, 40.750703], [-74.115832, 40.750784], [-74.115718, 40.750852], [-74.115604, 40.75092], [-74.115449, 40.75101], [-74.115292, 40.751102], [-74.115137, 40.751189], [-74.114818, 40.751361], [-74.114494, 40.751534], [-74.114178, 40.751697], [-74.113857, 40.751864], [-74.113534, 40.75203], [-74.113211, 40.752195], [-74.112885, 40.752359], [-74.11256, 40.752519], [-74.112233, 40.752681], [-74.111921, 40.752835], [-74.11163, 40.752975], [-74.111444, 40.753066], [-74.111001, 40.753278], [-74.110683, 40.753425], [-74.110409, 40.753553], [-74.109964, 40.753756], [-74.109592, 40.753926], [-74.109521, 40.753958], [-74.109202, 40.754101], [-74.108838, 40.754263], [-74.108506, 40.754408], [-74.10814, 40.754568], [-74.1078, 40.754715], [-74.107466, 40.754857], [-74.107127, 40.754999], [-74.106953, 40.755072], [-74.10679, 40.755141], [-74.106611, 40.755215], [-74.106445, 40.755283], [-74.106272, 40.755354], [-74.106105, 40.755421], [-74.105927, 40.755492], [-74.105757, 40.755559], [-74.105664, 40.755595], [-74.105618, 40.755612], [-74.105479, 40.755663], [-74.105329, 40.755717], [-74.105155, 40.755778], [-74.104984, 40.755837], [-74.104818, 40.755892], [-74.104633, 40.755952], [-74.104465, 40.756005], [-74.104304, 40.756054], [-74.10414, 40.756102], [-74.103968, 40.756151], [-74.103793, 40.7562], [-74.10361, 40.756249], [-74.103442, 40.756292], [-74.103261, 40.756339], [-74.103086, 40.756381], [-74.10292, 40.756421], [-74.102747, 40.75646], [-74.102569, 40.756498], [-74.102402, 40.756533], [-74.102229, 40.756568], [-74.102055, 40.756602], [-74.101881, 40.756634], [-74.101698, 40.756666], [-74.101514, 40.756697], [-74.10134, 40.756725], [-74.101167, 40.756751], [-74.100985, 40.756777], [-74.100809, 40.756802], [-74.100651, 40.756822], [-74.100478, 40.756843], [-74.100291, 40.756865], [-74.100111, 40.756884], [-74.099931, 40.756902], [-74.099739, 40.756919], [-74.099559, 40.756934], [-74.099388, 40.756947], [-74.099203, 40.756959], [-74.099027, 40.75697], [-74.098842, 40.75698], [-74.098667, 40.756987], [-74.098477, 40.756994], [-74.098304, 40.756998], [-74.098118, 40.757002], [-74.097932, 40.757006], [-74.09774, 40.757008], [-74.090532, 40.757109], [-74.090336, 40.757112], [-74.090155, 40.757116], [-74.089956, 40.757123], [-74.089786, 40.757131], [-74.089595, 40.757141], [-74.089434, 40.75715], [-74.089262, 40.757163], [-74.08908, 40.757178], [-74.088906, 40.757192], [-74.088725, 40.75721], [-74.088543, 40.757231], [-74.08836, 40.757253], [-74.088183, 40.757276], [-74.088007, 40.757301], [-74.087819, 40.75733], [-74.087655, 40.757356], [-74.087485, 40.757384], [-74.087293, 40.757418], [-74.087122, 40.75745], [-74.086948, 40.757485], [-74.086771, 40.757521], [-74.0866, 40.757559], [-74.086436, 40.757596], [-74.086258, 40.757639], [-74.08609, 40.757681], [-74.08591, 40.757728], [-74.085781, 40.757764], [-74.085558, 40.757828], [-74.085393, 40.757876], [-74.085225, 40.757928], [-74.085056, 40.757982], [-74.084881, 40.758039], [-74.084718, 40.758094], [-74.084553, 40.758152], [-74.08439, 40.758212], [-74.084227, 40.758273], [-74.084066, 40.758334], [-74.083906, 40.758398], [-74.083744, 40.758464], [-74.08359, 40.758531], [-74.083436, 40.758598], [-74.083276, 40.758669], [-74.083119, 40.758742], [-74.082968, 40.758814], [-74.082512, 40.75903], [-74.08235, 40.759107], [-74.082198, 40.75918], [-74.082054, 40.759248], [-74.08189, 40.759326], [-74.081741, 40.759397], [-74.081591, 40.759471], [-74.081438, 40.759544], [-74.081288, 40.759617]]}, "properties": {"name": "New Jersey Turnpike Eastern Spur", "kind": "Turnpike", "source": "OpenStreetMap / OSRM driving geometry; bus suitability not certified", "ref": "I 95; NJTP", "concept": "c3", "variant": "core"}}, {"type": "Feature", "geometry": {"type": "LineString", "coordinates": [[-74.081288, 40.759617], [-74.080764, 40.759787], [-74.080374, 40.759975], [-74.080295, 40.760008], [-74.080222, 40.760037], [-74.080153, 40.760062], [-74.080059, 40.760095], [-74.079952, 40.760126], [-74.07985, 40.760153], [-74.079748, 40.760179], [-74.079407, 40.760266], [-74.079231, 40.760312], [-74.079047, 40.760364], [-74.078893, 40.76041], [-74.078758, 40.760454], [-74.078649, 40.760496], [-74.078531, 40.760544], [-74.078419, 40.760594], [-74.078284, 40.760662], [-74.078154, 40.760732], [-74.078028, 40.760804], [-74.077722, 40.760965], [-74.077646, 40.761001], [-74.077567, 40.761033], [-74.077487, 40.761062], [-74.077395, 40.76109], [-74.077304, 40.761113], [-74.077223, 40.761125], [-74.077143, 40.761134], [-74.077068, 40.761134], [-74.076986, 40.761131], [-74.076907, 40.761121], [-74.076833, 40.761105], [-74.076762, 40.761085], [-74.076702, 40.761061], [-74.076643, 40.761031], [-74.076587, 40.760992], [-74.076529, 40.760948], [-74.076458, 40.760895], [-74.076395, 40.760841], [-74.07634, 40.760788], [-74.076293, 40.760741], [-74.076228, 40.760671], [-74.076169, 40.760599], [-74.076096, 40.760512], [-74.075573, 40.759871], [-74.075385, 40.759655], [-74.075272, 40.75949], [-74.075097, 40.759232], [-74.074986, 40.759064], [-74.074877, 40.758881], [-74.074676, 40.758535], [-74.074479, 40.758175], [-74.074399, 40.758022], [-74.074314, 40.757851], [-74.074245, 40.757702], [-74.074183, 40.757571], [-74.074161, 40.75752], [-74.07413, 40.757458], [-74.074085, 40.757359], [-74.07405, 40.757284], [-74.074032, 40.757249], [-74.074011, 40.757209], [-74.073991, 40.75717], [-74.07397, 40.757133], [-74.073846, 40.756916], [-74.073818, 40.756867], [-74.073789, 40.756817], [-74.073641, 40.756558], [-74.073521, 40.756351], [-74.073442, 40.756225], [-74.073332, 40.756055], [-74.073238, 40.755909], [-74.073156, 40.755774], [-74.073076, 40.755638], [-74.072984, 40.755469], [-74.072322, 40.754272], [-74.070859, 40.751632], [-74.070793, 40.751514], [-74.070757, 40.751451], [-74.070718, 40.751386], [-74.070677, 40.751323], [-74.070634, 40.751263], [-74.070589, 40.751203], [-74.070543, 40.751145], [-74.070496, 40.751089], [-74.070449, 40.751033], [-74.070395, 40.750975], [-74.070342, 40.750919], [-74.070288, 40.750866], [-74.070229, 40.750812], [-74.070166, 40.750756], [-74.070098, 40.750699], [-74.070047, 40.750659], [-74.069991, 40.750617], [-74.069924, 40.750568], [-74.069854, 40.75052], [-74.069785, 40.750474], [-74.069716, 40.750432], [-74.069645, 40.750392], [-74.069573, 40.750354], [-74.069496, 40.750319], [-74.069413, 40.750284], [-74.069331, 40.750253], [-74.069251, 40.750228], [-74.069166, 40.750205], [-74.069079, 40.750188], [-74.068987, 40.750175], [-74.068895, 40.750168], [-74.068807, 40.750169], [-74.068719, 40.750176], [-74.068633, 40.750189], [-74.068552, 40.750207], [-74.068472, 40.75023], [-74.068396, 40.750257], [-74.068312, 40.750296], [-74.068235, 40.750341], [-74.068168, 40.750387], [-74.068108, 40.750438], [-74.068054, 40.750493], [-74.068004, 40.750559], [-74.067966, 40.750618], [-74.067936, 40.750681], [-74.067913, 40.750743], [-74.067896, 40.750809], [-74.067888, 40.750878], [-74.06789, 40.750948], [-74.0679, 40.75102], [-74.067921, 40.751095], [-74.067944, 40.751154], [-74.067974, 40.751215], [-74.068009, 40.751276], [-74.068051, 40.751337], [-74.068094, 40.751395], [-74.068143, 40.751454], [-74.068193, 40.751506], [-74.068251, 40.751563], [-74.068303, 40.75161], [-74.0692, 40.752383], [-74.069257, 40.752434], [-74.069312, 40.752485], [-74.069368, 40.752541], [-74.069421, 40.752597], [-74.069471, 40.752651], [-74.069518, 40.752707], [-74.069569, 40.752769], [-74.069614, 40.752828], [-74.069657, 40.752889], [-74.069697, 40.752946], [-74.069766, 40.753055], [-74.069777, 40.753074], [-74.069812, 40.753138], [-74.069848, 40.753206], [-74.069878, 40.753267], [-74.069905, 40.753328], [-74.06993, 40.753395], [-74.069953, 40.753458], [-74.069975, 40.753525], [-74.069996, 40.753591], [-74.070039, 40.753727], [-74.071877, 40.759739], [-74.072072, 40.760416], [-74.072148, 40.76069], [-74.072379, 40.761525], [-74.072434, 40.761716], [-74.07262, 40.762344]]}, "properties": {"name": "Ramp / connecting roadway", "kind": "Road connector", "source": "OpenStreetMap / OSRM driving geometry; bus suitability not certified", "ref": "", "concept": "c3", "variant": "core"}}, {"type": "Feature", "geometry": {"type": "LineString", "coordinates": [[-74.07262, 40.762344], [-74.072602, 40.762336]]}, "properties": {"name": "GTFS shape join (under 35 m)", "kind": "Shape join", "source": "Short geometry alignment join; operational review required", "concept": "c3", "variant": "core"}}, {"type": "Feature", "geometry": {"type": "LineString", "coordinates": [[-74.072602, 40.762336], [-74.072783, 40.762286], [-74.073164, 40.762166], [-74.073892, 40.761856]]}, "properties": {"name": "Secaucus Junction approach (NJ TRANSIT 124)", "kind": "GTFS", "feed": "njt", "routes": ["124"], "shape_id": "375", "start_vertex": 465, "end_vertex": 468, "concept": "c3", "variant": "core"}}, {"type": "Feature", "geometry": {"type": "LineString", "coordinates": [[-74.4893161, 40.3212089], [-74.4901707, 40.3208776]]}, "properties": {"name": "Proposed pickup to rear gate (assumed access)", "kind": "Assumed access", "source": "OSM ways 88982888, 614254063 (private), 42676561; gated access opening assumed by user; not approved/public access", "concept": "c3", "variant": "optional"}}, {"type": "Feature", "geometry": {"type": "LineString", "coordinates": [[-74.4901707, 40.3208776], [-74.4902766, 40.3208354], [-74.4903708, 40.3207861], [-74.4904574, 40.3207162], [-74.490496, 40.3206665], [-74.4905155, 40.3206413], [-74.4905499, 40.3205525], [-74.4905687, 40.3204543], [-74.4906244, 40.3197321], [-74.4906299, 40.3195479], [-74.4906242, 40.3193424], [-74.4906255, 40.3192639], [-74.4906112, 40.3190158], [-74.4905919, 40.3189319], [-74.4905504, 40.3188408], [-74.4904728, 40.3187424], [-74.4902838, 40.3185035]]}, "properties": {"name": "Private rear service road: assumed gate opening", "kind": "Assumed access", "source": "OSM ways 88982888, 614254063 (private), 42676561; gated access opening assumed by user; not approved/public access", "concept": "c3", "variant": "optional"}}, {"type": "Feature", "geometry": {"type": "LineString", "coordinates": [[-74.4902838, 40.3185035], [-74.4903509, 40.3184593], [-74.4904035, 40.3184149], [-74.490451, 40.3183658], [-74.4904869, 40.318314], [-74.4905189, 40.3182317], [-74.490529, 40.3181528], [-74.4905444, 40.3178169], [-74.4905452, 40.3177987], [-74.4905591, 40.3175756], [-74.4905721, 40.3173422], [-74.4905982, 40.3164971], [-74.4906035, 40.3164404], [-74.4906136, 40.316333], [-74.4906307, 40.3162586], [-74.4906387, 40.3162236], [-74.4907027, 40.3160906], [-74.4907614, 40.3159692], [-74.4907918, 40.3158951], [-74.4908129, 40.3158423], [-74.4908274, 40.3157894], [-74.4908417, 40.3156963], [-74.4908484, 40.3154961], [-74.4908435, 40.3151722]]}, "properties": {"name": "Service road to Half Acre Road: assumed gate/security changes", "kind": "Assumed access", "source": "OSM ways 88982888, 614254063 (private), 42676561; gated access opening assumed by user; not approved/public access", "concept": "c3", "variant": "optional"}}, {"type": "Feature", "geometry": {"type": "LineString", "coordinates": [[-74.4908435, 40.3151722], [-74.490844, 40.315172]]}, "properties": {"name": "Short source alignment join", "kind": "Shape join", "source": "Geometry alignment under 35 m", "concept": "c3", "variant": "optional"}}, {"type": "Feature", "geometry": {"type": "LineString", "coordinates": [[-74.490844, 40.315172], [-74.491391, 40.315131], [-74.492187, 40.315085], [-74.492864, 40.315076], [-74.49375, 40.315106], [-74.494799, 40.315163], [-74.496154, 40.315237], [-74.497698, 40.315321], [-74.498839, 40.315379], [-74.500982, 40.3155], [-74.50149, 40.315531], [-74.501625, 40.31554], [-74.501662, 40.315541], [-74.502693, 40.315582], [-74.503253, 40.315605], [-74.503432, 40.315614], [-74.504085, 40.315651], [-74.504757, 40.315695], [-74.505515, 40.315745], [-74.506444, 40.315805], [-74.507445, 40.315869], [-74.507519, 40.315874], [-74.508672, 40.315948]]}, "properties": {"name": "Half Acre Road", "kind": "Road connector", "source": "OSM / OSRM car-routing geometry; coach suitability unverified", "cache": "molly-local-to-exit8-north-osrm.json", "ref": "", "concept": "c3", "variant": "optional"}}, {"type": "Feature", "geometry": {"type": "LineString", "coordinates": [[-74.508672, 40.315948], [-74.508887, 40.315958], [-74.508948, 40.315635], [-74.508994, 40.315392], [-74.50907, 40.314985], [-74.509159, 40.314511], [-74.509262, 40.313961], [-74.509354, 40.313472], [-74.509447, 40.312958], [-74.509468, 40.312844], [-74.509497, 40.312692], [-74.509882, 40.310664], [-74.509931, 40.310417], [-74.510532, 40.307169], [-74.510615, 40.306883], [-74.510751, 40.306138], [-74.510788, 40.305952], [-74.510953, 40.305133], [-74.511112, 40.304436], [-74.511478, 40.303284], [-74.511854, 40.30238], [-74.512303, 40.301503], [-74.512342, 40.301437]]}, "properties": {"name": "US 130", "kind": "Road connector", "source": "OSM / OSRM car-routing geometry; coach suitability unverified", "cache": "molly-local-to-exit8-north-osrm.json", "ref": "US 130", "concept": "c3", "variant": "optional"}}, {"type": "Feature", "geometry": {"type": "LineString", "coordinates": [[-74.512342, 40.301437], [-74.5124, 40.301336], [-74.512708, 40.300806], [-74.512764, 40.30071], [-74.512808, 40.300646], [-74.513624, 40.299458], [-74.514241, 40.298722], [-74.516833, 40.295945], [-74.518727, 40.293916], [-74.519145, 40.293467], [-74.519228, 40.293382], [-74.5196, 40.292996], [-74.520112, 40.292572], [-74.520323, 40.292401], [-74.520498, 40.292238], [-74.520556, 40.292181], [-74.520703, 40.292042], [-74.520857, 40.291873], [-74.521027, 40.291634], [-74.521332, 40.291161], [-74.521572, 40.290825], [-74.521757, 40.290597], [-74.521981, 40.290349], [-74.5221, 40.290223], [-74.523712, 40.288537], [-74.523724, 40.288525], [-74.524727, 40.287485], [-74.524849, 40.287354], [-74.525212, 40.286963], [-74.525304, 40.286864], [-74.525619, 40.286527], [-74.526021, 40.286096], [-74.526997, 40.285045], [-74.529217, 40.282655], [-74.529933, 40.281882]]}, "properties": {"name": "US 130", "kind": "Road connector", "source": "OSM / OSRM car-routing geometry; coach suitability unverified", "cache": "molly-local-to-exit8-north-osrm.json", "ref": "US 130", "concept": "c3", "variant": "optional"}}, {"type": "Feature", "geometry": {"type": "LineString", "coordinates": [[-74.529933, 40.281882], [-74.530243, 40.281634], [-74.530428, 40.281498], [-74.530565, 40.281416], [-74.530697, 40.281354], [-74.530807, 40.281313], [-74.531025, 40.28125], [-74.531165, 40.28123], [-74.531293, 40.281228], [-74.531419, 40.281241], [-74.531549, 40.281271], [-74.531672, 40.281315], [-74.531798, 40.281379], [-74.531899, 40.281448], [-74.531995, 40.281538], [-74.532056, 40.281615], [-74.532086, 40.281696], [-74.532098, 40.28178], [-74.532093, 40.281864], [-74.532068, 40.281956], [-74.532016, 40.282051], [-74.531947, 40.282132], [-74.53185, 40.282213], [-74.53175, 40.282274], [-74.531641, 40.282325], [-74.531507, 40.282367], [-74.531302, 40.282411], [-74.531093, 40.282439], [-74.530919, 40.282454], [-74.530761, 40.282456], [-74.530458, 40.282452], [-74.529906, 40.282439]]}, "properties": {"name": "Interchange ramp", "kind": "Road connector", "source": "OSM / OSRM car-routing geometry; coach suitability unverified", "cache": "molly-local-to-exit8-north-osrm.json", "ref": "", "concept": "c3", "variant": "optional"}}, {"type": "Feature", "geometry": {"type": "LineString", "coordinates": [[-74.529906, 40.282439], [-74.529762, 40.282429], [-74.528923, 40.282362], [-74.528817, 40.282354], [-74.525088, 40.282061], [-74.524068, 40.281979], [-74.521467, 40.281771], [-74.521098, 40.281742], [-74.520652, 40.281706], [-74.520113, 40.281645], [-74.519824, 40.2816], [-74.519395, 40.281518], [-74.518973, 40.281419], [-74.518695, 40.281344], [-74.518322, 40.281229], [-74.518041, 40.281132], [-74.517765, 40.281028], [-74.517494, 40.280917], [-74.517096, 40.280736], [-74.516712, 40.28054], [-74.516342, 40.280328], [-74.515986, 40.280102], [-74.515647, 40.279862], [-74.515481, 40.279735], [-74.515226, 40.279524], [-74.514031, 40.27854], [-74.513938, 40.278464], [-74.513644, 40.278221], [-74.513567, 40.278159], [-74.512836, 40.277572], [-74.512512, 40.277338], [-74.512241, 40.277153], [-74.511818, 40.276891], [-74.511526, 40.276726], [-74.511079, 40.276494], [-74.510739, 40.27634], [-74.51033, 40.276156], [-74.510108, 40.27606], [-74.509706, 40.275905], [-74.509298, 40.275761], [-74.508883, 40.275627], [-74.507498, 40.275209], [-74.506144, 40.274782], [-74.503679, 40.274013], [-74.50266, 40.273696], [-74.502524, 40.273652], [-74.5024, 40.273611], [-74.502281, 40.27357], [-74.502149, 40.273521], [-74.502012, 40.273466], [-74.501892, 40.273414], [-74.501769, 40.273355], [-74.501648, 40.273293], [-74.501534, 40.27323], [-74.501419, 40.273164], [-74.50131, 40.273096], [-74.501181, 40.27301], [-74.50105, 40.272918], [-74.500952, 40.27284], [-74.500856, 40.27276], [-74.500761, 40.272677], [-74.500673, 40.272595], [-74.500585, 40.272508], [-74.500505, 40.272419], [-74.500423, 40.272327], [-74.50035, 40.272236], [-74.50028, 40.272142], [-74.50021, 40.272047], [-74.500143, 40.271949]]}, "properties": {"name": "Hightstown Bypass", "kind": "Road connector", "source": "OSM / OSRM car-routing geometry; coach suitability unverified", "cache": "molly-local-to-exit8-north-osrm.json", "ref": "NJ 133", "concept": "c3", "variant": "optional"}}, {"type": "Feature", "geometry": {"type": "LineString", "coordinates": [[-74.500143, 40.271949], [-74.500088, 40.271852], [-74.500033, 40.271754], [-74.499966, 40.27162], [-74.499912, 40.271504], [-74.499863, 40.271387], [-74.499825, 40.271273], [-74.499788, 40.271153], [-74.499755, 40.271037], [-74.499724, 40.270903], [-74.4997, 40.270758], [-74.499679, 40.27061], [-74.499662, 40.270471], [-74.499652, 40.270335], [-74.499646, 40.270199], [-74.499645, 40.270058], [-74.49965, 40.269924], [-74.49966, 40.26979], [-74.499675, 40.269643], [-74.499694, 40.269517], [-74.499719, 40.269379], [-74.49975, 40.269245], [-74.499785, 40.269106], [-74.49983, 40.268953], [-74.49987, 40.268828], [-74.499924, 40.268691], [-74.499987, 40.268546], [-74.500037, 40.268434], [-74.500097, 40.268315], [-74.500153, 40.268211], [-74.500234, 40.268073], [-74.500312, 40.26795], [-74.500403, 40.267814], [-74.50049, 40.267691], [-74.500598, 40.267552], [-74.500701, 40.267428], [-74.500824, 40.267289], [-74.500959, 40.26715], [-74.5011, 40.267015], [-74.501249, 40.26688], [-74.501393, 40.26676], [-74.501535, 40.266652], [-74.50168, 40.266544], [-74.501823, 40.266442], [-74.502025, 40.266314], [-74.502237, 40.266189], [-74.502912, 40.265831], [-74.504341, 40.264994], [-74.50506, 40.264589], [-74.505137, 40.264547], [-74.505511, 40.264344], [-74.505822, 40.264159], [-74.505876, 40.264124], [-74.505935, 40.264092], [-74.506216, 40.26392], [-74.506334, 40.263843], [-74.506453, 40.263755], [-74.506577, 40.263661], [-74.506809, 40.263499], [-74.506965, 40.263401], [-74.507101, 40.263323], [-74.507155, 40.263295], [-74.507192, 40.263277], [-74.507306, 40.263224], [-74.50746, 40.263159]]}, "properties": {"name": "Hightstown Bypass", "kind": "Road connector", "source": "OSM / OSRM car-routing geometry; coach suitability unverified", "cache": "molly-local-to-exit8-north-osrm.json", "ref": "NJ 133", "concept": "c3", "variant": "optional"}}, {"type": "Feature", "geometry": {"type": "LineString", "coordinates": [[-74.50746, 40.263159], [-74.507814, 40.263058], [-74.507918, 40.263032], [-74.508008, 40.263013], [-74.508113, 40.262993], [-74.508214, 40.262979], [-74.50832, 40.26297], [-74.508454, 40.262964], [-74.508565, 40.262966], [-74.508667, 40.262972], [-74.508775, 40.262982], [-74.508879, 40.262998], [-74.508976, 40.263018], [-74.50908, 40.263043], [-74.509173, 40.263068], [-74.509277, 40.263104], [-74.509383, 40.263148], [-74.509481, 40.263194], [-74.509583, 40.263245], [-74.509676, 40.263302], [-74.509763, 40.263358]]}, "properties": {"name": "Interchange ramp", "kind": "Road connector", "source": "OSM / OSRM car-routing geometry; coach suitability unverified", "cache": "molly-local-to-exit8-north-osrm.json", "ref": "", "concept": "c3", "variant": "optional"}}, {"type": "Feature", "geometry": {"type": "LineString", "coordinates": [[-74.509763, 40.263358], [-74.509936, 40.263514], [-74.510009, 40.263597], [-74.510066, 40.263674], [-74.510124, 40.263756], [-74.51018, 40.263853], [-74.510226, 40.263956], [-74.510259, 40.26405], [-74.510285, 40.264154], [-74.510302, 40.264264], [-74.510311, 40.264372], [-74.510312, 40.264482], [-74.510302, 40.264592], [-74.510283, 40.264699], [-74.510254, 40.264811], [-74.510216, 40.264933], [-74.510025, 40.265511], [-74.509083, 40.268361], [-74.509054, 40.268637]]}, "properties": {"name": "Interchange ramp", "kind": "Road connector", "source": "OSM / OSRM car-routing geometry; coach suitability unverified", "cache": "molly-local-to-exit8-north-osrm.json", "ref": "", "concept": "c3", "variant": "optional"}}, {"type": "Feature", "geometry": {"type": "LineString", "coordinates": [[-74.509054, 40.268637], [-74.508799, 40.269385], [-74.508525, 40.270217], [-74.508386, 40.270607], [-74.508032, 40.271533], [-74.507864, 40.271949], [-74.506738, 40.274555], [-74.504367, 40.279906], [-74.504141, 40.280429], [-74.504023, 40.280695], [-74.503306, 40.28231], [-74.501111, 40.287279], [-74.500876, 40.2878], [-74.50079, 40.287991], [-74.499015, 40.291926], [-74.497136, 40.296246], [-74.496838, 40.296935], [-74.495309, 40.300451], [-74.493683, 40.304102], [-74.492058, 40.307903], [-74.492, 40.30804], [-74.49136, 40.30955], [-74.488842, 40.314917], [-74.486799, 40.319225], [-74.486675, 40.319523], [-74.485956, 40.321154], [-74.485691, 40.321855], [-74.485475, 40.322412], [-74.485331, 40.322822], [-74.48501, 40.323664], [-74.48467, 40.324618], [-74.484543, 40.324989], [-74.484207, 40.325881], [-74.483432, 40.327761], [-74.482506, 40.329866], [-74.480416, 40.334393], [-74.479558, 40.336339], [-74.478341, 40.339063], [-74.477577, 40.340763], [-74.477203, 40.341585], [-74.476523, 40.343058], [-74.475983, 40.344202], [-74.475905, 40.344358], [-74.475416, 40.345305], [-74.474334, 40.347395], [-74.474314, 40.347497], [-74.474022, 40.348212], [-74.473206, 40.34986], [-74.472976, 40.350347], [-74.472745, 40.350853], [-74.472568, 40.351266], [-74.472426, 40.351612], [-74.472287, 40.351973], [-74.472171, 40.352293], [-74.471994, 40.35274], [-74.471385, 40.354326], [-74.471117, 40.35504]]}, "properties": {"name": "New Jersey Turnpike", "kind": "Turnpike", "source": "OSM / OSRM car-routing geometry; coach suitability unverified", "cache": "molly-local-to-exit8-north-osrm.json", "ref": "I 95; NJTP", "concept": "c3", "variant": "optional"}}, {"type": "Feature", "geometry": {"type": "LineString", "coordinates": [[-74.471117, 40.35504], [-74.470905, 40.355561], [-74.470653, 40.356141], [-74.470366, 40.356775], [-74.47022, 40.357102], [-74.469773, 40.358087], [-74.469513, 40.35867], [-74.46896, 40.359908], [-74.468574, 40.360808], [-74.468089, 40.361966], [-74.465991, 40.367124], [-74.46556, 40.368183], [-74.464511, 40.370763], [-74.463899, 40.372268], [-74.463479, 40.373294], [-74.463398, 40.373492], [-74.46306, 40.374318], [-74.462931, 40.374642], [-74.461849, 40.377298], [-74.460213, 40.381316], [-74.460102, 40.38159], [-74.459988, 40.381868], [-74.455303, 40.393355], [-74.454811, 40.394562], [-74.454595, 40.39509], [-74.454498, 40.395329], [-74.452948, 40.39912], [-74.452079, 40.401273], [-74.451725, 40.40222], [-74.450923, 40.404399], [-74.450643, 40.405162], [-74.450558, 40.405396], [-74.450019, 40.406853], [-74.449807, 40.407414], [-74.449563, 40.408031], [-74.44927, 40.408748], [-74.448965, 40.409483], [-74.448624, 40.410276], [-74.44838, 40.410831], [-74.448114, 40.411426], [-74.44753, 40.412546], [-74.446325, 40.414854], [-74.446236, 40.415103], [-74.446154, 40.41528], [-74.446076, 40.415463], [-74.4457, 40.416137], [-74.445185, 40.417013], [-74.444432, 40.418257], [-74.443901, 40.419088], [-74.442935, 40.42055], [-74.442302, 40.421462], [-74.441749, 40.422228], [-74.439698, 40.425036], [-74.438748, 40.426343], [-74.437328, 40.428169], [-74.435535, 40.430457], [-74.435092, 40.43102], [-74.434301, 40.43208], [-74.429127, 40.439188], [-74.428724, 40.439756], [-74.428335, 40.440319], [-74.427939, 40.440916], [-74.427568, 40.441508], [-74.42754, 40.441554], [-74.427193, 40.44212], [-74.426212, 40.443769], [-74.426154, 40.443868], [-74.424961, 40.4459], [-74.424153, 40.447276], [-74.422749, 40.449653], [-74.419891, 40.454491], [-74.419744, 40.45474], [-74.419267, 40.45553], [-74.419156, 40.455715], [-74.416466, 40.460293], [-74.415449, 40.462014], [-74.41527, 40.462316], [-74.415147, 40.462495], [-74.414973, 40.462746], [-74.412009, 40.467544], [-74.411479, 40.468403], [-74.410139, 40.470576], [-74.409807, 40.47109], [-74.409496, 40.471564], [-74.409249, 40.471927], [-74.408915, 40.472396], [-74.408735, 40.472619], [-74.408541, 40.472845], [-74.407261, 40.474218]]}, "properties": {"name": "New Jersey Turnpike", "kind": "Turnpike", "source": "OpenStreetMap / OSRM car-routing geometry; coach access unverified", "cache": "8a-amc-osrm.json", "ref": "I 95; NJTP", "concept": "c3", "variant": "optional"}}, {"type": "Feature", "geometry": {"type": "LineString", "coordinates": [[-74.407261, 40.474218], [-74.407153, 40.474302], [-74.406955, 40.47452], [-74.406878, 40.474606], [-74.406798, 40.474681], [-74.406639, 40.474839], [-74.406431, 40.475045], [-74.406299, 40.475174], [-74.406208, 40.475271], [-74.406114, 40.475377], [-74.406022, 40.475482], [-74.40593, 40.475582], [-74.405807, 40.475701], [-74.405638, 40.475839], [-74.40546, 40.475965], [-74.40527, 40.476069], [-74.405083, 40.476145], [-74.404877, 40.476213], [-74.403767, 40.476561], [-74.403644, 40.476625], [-74.403428, 40.476714], [-74.403286, 40.476787], [-74.403175, 40.476855], [-74.403061, 40.47694], [-74.402947, 40.477035], [-74.402854, 40.477128], [-74.402784, 40.477234], [-74.402746, 40.47732], [-74.402725, 40.477405], [-74.402717, 40.477505], [-74.402728, 40.477599], [-74.402752, 40.477683], [-74.402792, 40.477773], [-74.402846, 40.477848], [-74.402918, 40.477924], [-74.402996, 40.477985], [-74.403098, 40.478052], [-74.403213, 40.478117], [-74.403336, 40.478175], [-74.403532, 40.478252], [-74.403745, 40.478321], [-74.404005, 40.478397], [-74.40423, 40.478444], [-74.404466, 40.478482], [-74.404719, 40.478511], [-74.404976, 40.478525], [-74.40522, 40.478525], [-74.405456, 40.478511], [-74.405684, 40.478489], [-74.406388, 40.478436], [-74.406703, 40.478404], [-74.406756, 40.478401], [-74.406812, 40.478398], [-74.406879, 40.478397], [-74.406944, 40.478401], [-74.407172, 40.478436], [-74.40736, 40.478464], [-74.407902, 40.478375], [-74.408272, 40.478314], [-74.408348, 40.478301], [-74.40843, 40.478287], [-74.408775, 40.478227], [-74.408898, 40.478207], [-74.409016, 40.478183], [-74.409153, 40.478148], [-74.409277, 40.47811]]}, "properties": {"name": "Ramp / site access road", "kind": "Road connector", "source": "OpenStreetMap / OSRM car-routing geometry; coach access unverified", "cache": "8a-amc-osrm.json", "ref": "", "concept": "c3", "variant": "optional"}}, {"type": "Feature", "geometry": {"type": "LineString", "coordinates": [[-74.409277, 40.47811], [-74.409392, 40.478106], [-74.409466, 40.478106], [-74.409545, 40.47811], [-74.409634, 40.478118], [-74.409714, 40.478129], [-74.409784, 40.478146], [-74.409851, 40.478168], [-74.409912, 40.478193], [-74.409967, 40.478222], [-74.410013, 40.478255], [-74.410057, 40.478294], [-74.410094, 40.478335], [-74.410131, 40.478386], [-74.410167, 40.478438], [-74.410246, 40.478557], [-74.410327, 40.478685], [-74.410394, 40.478796], [-74.410468, 40.478924], [-74.410534, 40.479053], [-74.410593, 40.479179], [-74.410646, 40.47931], [-74.410696, 40.479437], [-74.410747, 40.479579], [-74.411053, 40.480342], [-74.411116, 40.480492], [-74.411183, 40.480633]]}, "properties": {"name": "Ramp / site access road", "kind": "Road connector", "source": "OpenStreetMap / OSRM car-routing geometry; coach access unverified", "cache": "8a-amc-osrm.json", "ref": "", "concept": "c3", "variant": "optional"}}, {"type": "Feature", "geometry": {"type": "LineString", "coordinates": [[-74.411183, 40.480633], [-74.411258, 40.480758], [-74.411332, 40.480873], [-74.411393, 40.480963], [-74.411459, 40.481051], [-74.411538, 40.481152], [-74.411777, 40.481392]]}, "properties": {"name": "Ramp / site access road", "kind": "Road connector", "source": "OpenStreetMap / OSRM car-routing geometry; coach access unverified", "cache": "8a-amc-osrm.json", "ref": "", "concept": "c3", "variant": "optional"}}, {"type": "Feature", "geometry": {"type": "LineString", "coordinates": [[-74.411777, 40.481392], [-74.411855, 40.481484], [-74.411929, 40.48157], [-74.412021, 40.481671], [-74.412101, 40.481759], [-74.412184, 40.481849], [-74.412272, 40.481939], [-74.412348, 40.482017], [-74.412468, 40.482137], [-74.412562, 40.482228], [-74.412672, 40.482331], [-74.41278, 40.48243], [-74.412865, 40.482504], [-74.412971, 40.482591], [-74.413076, 40.482678], [-74.413189, 40.482763], [-74.413303, 40.482839]]}, "properties": {"name": "State Route 18", "kind": "Road connector", "source": "OpenStreetMap / OSRM car-routing geometry; coach access unverified", "cache": "8a-amc-osrm.json", "ref": "NJ 18; CR 527", "concept": "c3", "variant": "optional"}}, {"type": "Feature", "geometry": {"type": "LineString", "coordinates": [[-74.413303, 40.482839], [-74.41369, 40.483144], [-74.4138, 40.483207], [-74.413938, 40.483286], [-74.414087, 40.483364], [-74.414221, 40.483431], [-74.414364, 40.483498], [-74.41451, 40.483563], [-74.414641, 40.483616], [-74.414778, 40.483669], [-74.414906, 40.483716], [-74.415051, 40.483765], [-74.415219, 40.483817], [-74.415404, 40.483872], [-74.415598, 40.483927], [-74.415732, 40.483961], [-74.415857, 40.48399], [-74.415983, 40.484018], [-74.416091, 40.484039], [-74.416203, 40.484059], [-74.416261, 40.48407], [-74.416316, 40.484082], [-74.416372, 40.484097], [-74.416417, 40.484113], [-74.416441, 40.484122], [-74.416509, 40.484158], [-74.416545, 40.484181], [-74.416586, 40.484213], [-74.416621, 40.484244], [-74.416654, 40.484278], [-74.416689, 40.484318], [-74.416724, 40.484362], [-74.416744, 40.484397], [-74.416763, 40.484441], [-74.416774, 40.484479], [-74.416783, 40.484517], [-74.416787, 40.484559], [-74.416787, 40.484595], [-74.416782, 40.484634], [-74.41677, 40.48469], [-74.416725, 40.4848], [-74.416666, 40.484986]]}, "properties": {"name": "Ramp / site access road", "kind": "Road connector", "source": "OpenStreetMap / OSRM car-routing geometry; coach access unverified", "cache": "8a-amc-osrm.json", "ref": "", "concept": "c3", "variant": "optional"}}, {"type": "Feature", "geometry": {"type": "LineString", "coordinates": [[-74.416666, 40.484986], [-74.416588, 40.485068], [-74.416453, 40.485223], [-74.41636, 40.485331], [-74.415691, 40.486107], [-74.415347, 40.486504], [-74.415097, 40.486789], [-74.414486, 40.48753], [-74.414266, 40.487815], [-74.414086, 40.488068], [-74.413922, 40.488325], [-74.413783, 40.488595], [-74.413662, 40.488878], [-74.413568, 40.48917], [-74.413496, 40.489455], [-74.413434, 40.489731], [-74.412685, 40.493361], [-74.412372, 40.494875], [-74.4123, 40.495197], [-74.41223, 40.495469], [-74.41216, 40.495707], [-74.411983, 40.496156], [-74.411795, 40.496499], [-74.411601, 40.496762]]}, "properties": {"name": "US 1", "kind": "Road connector", "source": "OpenStreetMap / OSRM car-routing geometry; coach access unverified", "cache": "8a-amc-osrm.json", "ref": "US 1", "concept": "c3", "variant": "optional"}}, {"type": "Feature", "geometry": {"type": "LineString", "coordinates": [[-74.411601, 40.496762], [-74.411569, 40.496805], [-74.411194, 40.49725], [-74.410931, 40.497502], [-74.410836, 40.497578], [-74.410594, 40.497772], [-74.410218, 40.498009], [-74.409904, 40.498202], [-74.40929, 40.498535], [-74.409152, 40.498613]]}, "properties": {"name": "US 1", "kind": "Road connector", "source": "OpenStreetMap / OSRM car-routing geometry; coach access unverified", "cache": "8a-amc-osrm.json", "ref": "US 1", "concept": "c3", "variant": "optional"}}, {"type": "Feature", "geometry": {"type": "LineString", "coordinates": [[-74.409152, 40.498613], [-74.409124, 40.498629], [-74.408215, 40.499115], [-74.407891, 40.499289], [-74.406892, 40.499824], [-74.406435, 40.500064], [-74.406031, 40.500278], [-74.40581, 40.500394], [-74.405726, 40.500438], [-74.405615, 40.500497]]}, "properties": {"name": "US 1", "kind": "Road connector", "source": "OpenStreetMap / OSRM car-routing geometry; coach access unverified", "cache": "8a-amc-osrm.json", "ref": "US 1", "concept": "c3", "variant": "optional"}}, {"type": "Feature", "geometry": {"type": "LineString", "coordinates": [[-74.405615, 40.500497], [-74.405245, 40.50059], [-74.405074, 40.500619], [-74.40487, 40.500634], [-74.404387, 40.500652], [-74.404284, 40.500645], [-74.403825, 40.500615], [-74.403669, 40.500605]]}, "properties": {"name": "Ramp / site access road", "kind": "Road connector", "source": "OpenStreetMap / OSRM car-routing geometry; coach access unverified", "cache": "8a-amc-osrm.json", "ref": "", "concept": "c3", "variant": "optional"}}, {"type": "Feature", "geometry": {"type": "LineString", "coordinates": [[-74.403669, 40.500605], [-74.403514, 40.500487], [-74.403466, 40.500449], [-74.403424, 40.500406], [-74.403377, 40.500338], [-74.40333, 40.500244], [-74.403297, 40.499771], [-74.403324, 40.499687], [-74.403366, 40.499629], [-74.403445, 40.499576], [-74.403507, 40.499552], [-74.403579, 40.499524], [-74.403666, 40.499497], [-74.403744, 40.499474], [-74.404076, 40.499412]]}, "properties": {"name": "Ramp / site access road", "kind": "Road connector", "source": "OpenStreetMap / OSRM car-routing geometry; coach access unverified", "cache": "8a-amc-osrm.json", "ref": "", "concept": "c3", "variant": "optional"}}, {"type": "Feature", "geometry": {"type": "LineString", "coordinates": [[-74.404076, 40.499412], [-74.404478, 40.499412], [-74.404891, 40.499429], [-74.405293, 40.499473], [-74.405653, 40.499526], [-74.406712, 40.499791], [-74.407265, 40.49993], [-74.407685, 40.500031], [-74.407938, 40.500113]]}, "properties": {"name": "Woodbridge Ave Extension", "kind": "Road connector", "source": "OpenStreetMap / OSRM car-routing geometry; coach access unverified", "cache": "8a-amc-osrm.json", "ref": "CR 514", "concept": "c3", "variant": "optional"}}, {"type": "Feature", "geometry": {"type": "LineString", "coordinates": [[-74.407938, 40.500113], [-74.408197, 40.500274], [-74.408231, 40.50031], [-74.40826, 40.50034], [-74.408287, 40.500376], [-74.408313, 40.500421], [-74.408347, 40.500494], [-74.408353, 40.500576], [-74.40834, 40.500693], [-74.408277, 40.500763], [-74.408207, 40.500808], [-74.408146, 40.500838], [-74.408121, 40.50085], [-74.407944, 40.5009]]}, "properties": {"name": "Ramp / site access road", "kind": "Road connector", "source": "OpenStreetMap / OSRM car-routing geometry; coach access unverified", "cache": "8a-amc-osrm.json", "ref": "", "concept": "c3", "variant": "optional"}}, {"type": "Feature", "geometry": {"type": "LineString", "coordinates": [[-74.407944, 40.5009], [-74.40739, 40.500865], [-74.407, 40.500836], [-74.406764, 40.500819]]}, "properties": {"name": "Woodbridge Avenue", "kind": "Road connector", "source": "OpenStreetMap / OSRM car-routing geometry; coach access unverified", "cache": "8a-amc-osrm.json", "ref": "", "concept": "c3", "variant": "optional"}}, {"type": "Feature", "geometry": {"type": "LineString", "coordinates": [[-74.406764, 40.500819], [-74.406628, 40.50077], [-74.406536, 40.50072], [-74.406478, 40.500655], [-74.406429, 40.500539], [-74.406429, 40.500447], [-74.406449, 40.500373], [-74.406512, 40.50029], [-74.406785, 40.500036]]}, "properties": {"name": "Ramp / site access road", "kind": "Road connector", "source": "OpenStreetMap / OSRM car-routing geometry; coach access unverified", "cache": "8a-amc-osrm.json", "ref": "", "concept": "c3", "variant": "optional"}}, {"type": "Feature", "geometry": {"type": "LineString", "coordinates": [[-74.406785, 40.500036], [-74.407546, 40.499657], [-74.409202, 40.498779], [-74.410009, 40.498359], [-74.41029, 40.498202], [-74.410573, 40.498018], [-74.41098, 40.497698], [-74.411414, 40.497298], [-74.411744, 40.496914], [-74.411795, 40.496854], [-74.412128, 40.496372], [-74.412436, 40.495783], [-74.41256, 40.495487], [-74.412658, 40.495232], [-74.412716, 40.495061], [-74.412765, 40.494932], [-74.412865, 40.494548], [-74.413097, 40.493328], [-74.413229, 40.49274], [-74.413856, 40.48973], [-74.413955, 40.48933], [-74.414031, 40.489051], [-74.414109, 40.488817], [-74.414198, 40.488568], [-74.414304, 40.488338], [-74.414432, 40.488083], [-74.414578, 40.487828], [-74.414665, 40.487677]]}, "properties": {"name": "US 1", "kind": "Road connector", "source": "OpenStreetMap / OSRM car-routing geometry; coach access unverified", "cache": "8a-amc-osrm.json", "ref": "US 1", "concept": "c3", "variant": "optional"}}, {"type": "Feature", "geometry": {"type": "LineString", "coordinates": [[-74.414665, 40.487677], [-74.414894, 40.487544], [-74.414988, 40.487521], [-74.415061, 40.487519], [-74.415137, 40.487525], [-74.415345, 40.48755], [-74.415542, 40.487646], [-74.415915, 40.487898], [-74.415957, 40.487927]]}, "properties": {"name": "Ramp / site access road", "kind": "Road connector", "source": "OpenStreetMap / OSRM car-routing geometry; coach access unverified", "cache": "8a-amc-osrm.json", "ref": "", "concept": "c3", "variant": "optional"}}, {"type": "Feature", "geometry": {"type": "LineString", "coordinates": [[-74.415957, 40.487927], [-74.415936, 40.487946], [-74.415924, 40.487969], [-74.415922, 40.487994], [-74.415931, 40.488018], [-74.415949, 40.488038], [-74.415975, 40.488053]]}, "properties": {"name": "Ramp / site access road", "kind": "Road connector", "source": "OpenStreetMap / OSRM car-routing geometry; coach access unverified", "cache": "8a-amc-osrm.json", "ref": "", "concept": "c3", "variant": "optional"}}, {"type": "Feature", "geometry": {"type": "LineString", "coordinates": [[-74.415975, 40.488053], [-74.415947, 40.488076], [-74.415892, 40.488121], [-74.415764, 40.488219], [-74.41566, 40.488292]]}, "properties": {"name": "Ramp / site access road", "kind": "Road connector", "source": "OpenStreetMap / OSRM car-routing geometry; coach access unverified", "cache": "8a-amc-osrm.json", "ref": "", "concept": "c3", "variant": "optional"}}, {"type": "Feature", "geometry": {"type": "LineString", "coordinates": [[-74.41566, 40.488292], [-74.415753, 40.488348], [-74.415872, 40.488421], [-74.416027, 40.488517], [-74.416203, 40.488625], [-74.416338, 40.488708], [-74.41639, 40.488739]]}, "properties": {"name": "Ramp / site access road", "kind": "Road connector", "source": "OpenStreetMap / OSRM car-routing geometry; coach access unverified", "cache": "8a-amc-osrm.json", "ref": "", "concept": "c3", "variant": "optional"}}, {"type": "Feature", "geometry": {"type": "LineString", "coordinates": [[-74.41639, 40.488739], [-74.41631, 40.488811], [-74.416174, 40.488931], [-74.416034, 40.489056]]}, "properties": {"name": "Ramp / site access road", "kind": "Road connector", "source": "OpenStreetMap / OSRM car-routing geometry; coach access unverified", "cache": "8a-amc-osrm.json", "ref": "", "concept": "c3", "variant": "optional"}}, {"type": "Feature", "geometry": {"type": "LineString", "coordinates": [[-74.416034, 40.489056], [-74.415896, 40.489179], [-74.415754, 40.489306], [-74.415708, 40.489347], [-74.415622, 40.489424], [-74.41547, 40.489561], [-74.415218, 40.489784], [-74.415166, 40.48983]]}, "properties": {"name": "Ramp / site access road", "kind": "Road connector", "source": "OpenStreetMap / OSRM car-routing geometry; coach access unverified", "cache": "amc-turnpike9-osrm.json", "ref": "", "concept": "c3", "variant": "optional"}}, {"type": "Feature", "geometry": {"type": "LineString", "coordinates": [[-74.415166, 40.48983], [-74.41505, 40.489752], [-74.414875, 40.489632], [-74.414695, 40.489509], [-74.414529, 40.489396], [-74.414458, 40.489348]]}, "properties": {"name": "Ramp / site access road", "kind": "Road connector", "source": "OpenStreetMap / OSRM car-routing geometry; coach access unverified", "cache": "amc-turnpike9-osrm.json", "ref": "", "concept": "c3", "variant": "optional"}}, {"type": "Feature", "geometry": {"type": "LineString", "coordinates": [[-74.414458, 40.489348], [-74.414606, 40.489218], [-74.414733, 40.489107], [-74.414886, 40.48897], [-74.415016, 40.488853], [-74.415092, 40.488786], [-74.415164, 40.488725], [-74.41531, 40.488594], [-74.415443, 40.488477], [-74.415584, 40.488352], [-74.41566, 40.488292], [-74.415764, 40.488219], [-74.415892, 40.488121], [-74.415947, 40.488076], [-74.415975, 40.488053]]}, "properties": {"name": "Ramp / site access road", "kind": "Road connector", "source": "OpenStreetMap / OSRM car-routing geometry; coach access unverified", "cache": "amc-turnpike9-osrm.json", "ref": "", "concept": "c3", "variant": "optional"}}, {"type": "Feature", "geometry": {"type": "LineString", "coordinates": [[-74.415975, 40.488053], [-74.416002, 40.488061], [-74.416031, 40.488062], [-74.416059, 40.488058], [-74.416084, 40.488047], [-74.416104, 40.488031]]}, "properties": {"name": "Ramp / site access road", "kind": "Road connector", "source": "OpenStreetMap / OSRM car-routing geometry; coach access unverified", "cache": "amc-turnpike9-osrm.json", "ref": "", "concept": "c3", "variant": "optional"}}, {"type": "Feature", "geometry": {"type": "LineString", "coordinates": [[-74.416104, 40.488031], [-74.416118, 40.488012], [-74.416124, 40.48799], [-74.416122, 40.487968], [-74.416111, 40.487947], [-74.416093, 40.48793]]}, "properties": {"name": "Ramp / site access road", "kind": "Road connector", "source": "OpenStreetMap / OSRM car-routing geometry; coach access unverified", "cache": "amc-turnpike9-osrm.json", "ref": "", "concept": "c3", "variant": "optional"}}, {"type": "Feature", "geometry": {"type": "LineString", "coordinates": [[-74.416093, 40.48793], [-74.416069, 40.487916], [-74.416041, 40.487909], [-74.416011, 40.487909], [-74.415982, 40.487915], [-74.415957, 40.487927]]}, "properties": {"name": "Ramp / site access road", "kind": "Road connector", "source": "OpenStreetMap / OSRM car-routing geometry; coach access unverified", "cache": "amc-turnpike9-osrm.json", "ref": "", "concept": "c3", "variant": "optional"}}, {"type": "Feature", "geometry": {"type": "LineString", "coordinates": [[-74.415957, 40.487927], [-74.415915, 40.487898], [-74.415542, 40.487646], [-74.415345, 40.48755], [-74.415168, 40.487439], [-74.415109, 40.487386], [-74.415083, 40.487341], [-74.41506, 40.487269], [-74.415065, 40.487197], [-74.415125, 40.487015]]}, "properties": {"name": "Ramp / site access road", "kind": "Road connector", "source": "OpenStreetMap / OSRM car-routing geometry; coach access unverified", "cache": "amc-turnpike9-osrm.json", "ref": "", "concept": "c3", "variant": "optional"}}, {"type": "Feature", "geometry": {"type": "LineString", "coordinates": [[-74.415125, 40.487015], [-74.415237, 40.486883], [-74.415506, 40.486572], [-74.415799, 40.486224], [-74.416209, 40.485754], [-74.416253, 40.485696], [-74.416465, 40.485457]]}, "properties": {"name": "US 1", "kind": "Road connector", "source": "OpenStreetMap / OSRM car-routing geometry; coach access unverified", "cache": "amc-turnpike9-osrm.json", "ref": "US 1", "concept": "c3", "variant": "optional"}}, {"type": "Feature", "geometry": {"type": "LineString", "coordinates": [[-74.416465, 40.485457], [-74.416588, 40.485369], [-74.416677, 40.485306], [-74.416759, 40.485247], [-74.416832, 40.485199], [-74.416907, 40.485155], [-74.416991, 40.485113], [-74.417104, 40.485065], [-74.41722, 40.485022], [-74.417323, 40.48499], [-74.417414, 40.484966], [-74.417525, 40.484944], [-74.417649, 40.484922], [-74.41835, 40.484811], [-74.418477, 40.484794], [-74.418541, 40.484784]]}, "properties": {"name": "Ramp / site access road", "kind": "Road connector", "source": "OpenStreetMap / OSRM car-routing geometry; coach access unverified", "cache": "amc-turnpike9-osrm.json", "ref": "", "concept": "c3", "variant": "optional"}}, {"type": "Feature", "geometry": {"type": "LineString", "coordinates": [[-74.418541, 40.484784], [-74.418739, 40.484732], [-74.418809, 40.484711], [-74.418875, 40.484688], [-74.418936, 40.484662], [-74.418993, 40.484635], [-74.419045, 40.484604], [-74.419094, 40.484567], [-74.419134, 40.484532], [-74.419167, 40.484495], [-74.419196, 40.484455], [-74.419224, 40.484414], [-74.41925, 40.484367], [-74.419269, 40.484322], [-74.419283, 40.484276], [-74.419292, 40.484231], [-74.419295, 40.484186], [-74.419295, 40.484139], [-74.419288, 40.484096], [-74.419276, 40.484052], [-74.419258, 40.484009], [-74.419236, 40.483967], [-74.419207, 40.483925], [-74.419168, 40.483879], [-74.419114, 40.483818], [-74.419062, 40.483763], [-74.418971, 40.483677], [-74.418873, 40.483598], [-74.418766, 40.483516], [-74.418525, 40.483302]]}, "properties": {"name": "Ramp / site access road", "kind": "Road connector", "source": "OpenStreetMap / OSRM car-routing geometry; coach access unverified", "cache": "amc-turnpike9-osrm.json", "ref": "", "concept": "c3", "variant": "optional"}}, {"type": "Feature", "geometry": {"type": "LineString", "coordinates": [[-74.418525, 40.483302], [-74.418408, 40.483231], [-74.418291, 40.483164], [-74.41815, 40.483086], [-74.418047, 40.483033], [-74.417938, 40.482983], [-74.417812, 40.482926], [-74.417684, 40.482875], [-74.417543, 40.482823], [-74.417409, 40.482781], [-74.417282, 40.482745], [-74.417145, 40.482712], [-74.417001, 40.482682], [-74.416859, 40.482659], [-74.416713, 40.482639], [-74.416528, 40.48262], [-74.416065, 40.482572], [-74.415753, 40.482541], [-74.41503, 40.482465], [-74.414287, 40.482386], [-74.41414, 40.482369], [-74.413996, 40.482346], [-74.41384, 40.482316], [-74.413727, 40.48229], [-74.4136, 40.482257], [-74.413473, 40.482219], [-74.413351, 40.48218], [-74.413239, 40.482139], [-74.413097, 40.482082], [-74.412969, 40.482026], [-74.412868, 40.481977], [-74.412759, 40.481919], [-74.412666, 40.481868], [-74.412573, 40.481811], [-74.412467, 40.481739], [-74.412351, 40.481656], [-74.412254, 40.481581], [-74.41216, 40.481506], [-74.412074, 40.481429], [-74.412001, 40.481355], [-74.41192, 40.481271], [-74.411837, 40.481178], [-74.411764, 40.481091], [-74.411693, 40.480993], [-74.41163, 40.480898], [-74.411574, 40.480801], [-74.411522, 40.480702], [-74.411471, 40.480597], [-74.411431, 40.480497], [-74.411387, 40.480392], [-74.411263, 40.480079], [-74.411114, 40.479652], [-74.410927, 40.479113], [-74.410717, 40.47857], [-74.410673, 40.478459], [-74.410607, 40.47829], [-74.410553, 40.478151]]}, "properties": {"name": "State Route 18", "kind": "Road connector", "source": "OpenStreetMap / OSRM car-routing geometry; coach access unverified", "cache": "amc-turnpike9-osrm.json", "ref": "NJ 18; CR 527", "concept": "c3", "variant": "optional"}}, {"type": "Feature", "geometry": {"type": "LineString", "coordinates": [[-74.410553, 40.478151], [-74.410534, 40.477977], [-74.410528, 40.477922], [-74.410399, 40.477578], [-74.410373, 40.47751], [-74.410355, 40.477459], [-74.410344, 40.477404], [-74.410336, 40.477348], [-74.410335, 40.477294], [-74.410338, 40.477239], [-74.410347, 40.477177], [-74.410358, 40.477123], [-74.410376, 40.477074], [-74.410405, 40.47702], [-74.410437, 40.476973], [-74.410477, 40.476926], [-74.410523, 40.476887], [-74.410575, 40.476849], [-74.410631, 40.476817], [-74.410691, 40.47679], [-74.410759, 40.476765], [-74.41082, 40.476752], [-74.410881, 40.476744], [-74.410945, 40.47674], [-74.411005, 40.47674], [-74.411071, 40.476748], [-74.41113, 40.476758], [-74.411189, 40.476776], [-74.411257, 40.476802], [-74.411317, 40.47683], [-74.411371, 40.476864], [-74.411418, 40.476905], [-74.411459, 40.476945], [-74.411491, 40.476988], [-74.411519, 40.477038], [-74.41154, 40.47709], [-74.411553, 40.477138], [-74.411559, 40.477185], [-74.411555, 40.47724], [-74.411546, 40.477285], [-74.41153, 40.477332], [-74.411511, 40.477377], [-74.411478, 40.477425], [-74.411437, 40.477472], [-74.411388, 40.477518], [-74.411335, 40.477554], [-74.411278, 40.477585], [-74.411218, 40.477612], [-74.411154, 40.477634], [-74.411069, 40.477652], [-74.410982, 40.477668], [-74.410879, 40.477684], [-74.409847, 40.477822], [-74.409761, 40.477832], [-74.409687, 40.477838], [-74.409599, 40.477844], [-74.409503, 40.47785], [-74.409406, 40.477851], [-74.409317, 40.477849], [-74.409231, 40.477846], [-74.409145, 40.477839], [-74.409059, 40.477826], [-74.40834, 40.477959], [-74.408268, 40.477972], [-74.40818, 40.477988], [-74.407833, 40.478052], [-74.407599, 40.47809]]}, "properties": {"name": "Ramp / site access road", "kind": "Road connector", "source": "OpenStreetMap / OSRM car-routing geometry; coach access unverified", "cache": "amc-turnpike9-osrm.json", "ref": "", "concept": "c3", "variant": "optional"}}, {"type": "Feature", "geometry": {"type": "LineString", "coordinates": [[-74.407599, 40.47809], [-74.406511, 40.478284], [-74.406044, 40.47836], [-74.405743, 40.478405], [-74.405488, 40.478434], [-74.40522, 40.47845], [-74.404995, 40.478452], [-74.404753, 40.478438], [-74.404611, 40.478428], [-74.404494, 40.478415], [-74.404383, 40.478399], [-74.404261, 40.478376], [-74.404005, 40.478319], [-74.403783, 40.478258], [-74.403562, 40.478181], [-74.403385, 40.478105], [-74.403232, 40.478028], [-74.403113, 40.477954], [-74.402992, 40.477851], [-74.40291, 40.477755], [-74.402867, 40.47767], [-74.402836, 40.477568], [-74.402832, 40.477479]]}, "properties": {"name": "Ramp / site access road", "kind": "Road connector", "source": "OpenStreetMap / OSRM car-routing geometry; coach access unverified", "cache": "amc-turnpike9-osrm.json", "ref": "", "concept": "c3", "variant": "optional"}}, {"type": "Feature", "geometry": {"type": "LineString", "coordinates": [[-74.402832, 40.477479], [-74.402888, 40.477383], [-74.402945, 40.477277], [-74.403028, 40.477179], [-74.403134, 40.477093], [-74.40328, 40.477018], [-74.403441, 40.476977], [-74.403607, 40.476961], [-74.403779, 40.476975], [-74.403951, 40.477026], [-74.404087, 40.477097], [-74.404203, 40.477187], [-74.404283, 40.477291], [-74.404337, 40.477403], [-74.404353, 40.477522], [-74.404348, 40.477646], [-74.404308, 40.477791], [-74.404228, 40.477968], [-74.404123, 40.478152], [-74.403208, 40.479714], [-74.40293, 40.480208], [-74.402828, 40.4804], [-74.402624, 40.480833]]}, "properties": {"name": "Ramp / site access road", "kind": "Road connector", "source": "OpenStreetMap / OSRM car-routing geometry; coach access unverified", "cache": "amc-turnpike9-osrm.json", "ref": "", "concept": "c3", "variant": "optional"}}, {"type": "Feature", "geometry": {"type": "LineString", "coordinates": [[-74.402624, 40.480833], [-74.402248, 40.48142], [-74.401934, 40.481888], [-74.401548, 40.482406], [-74.401167, 40.482885], [-74.400778, 40.483369], [-74.400384, 40.483836], [-74.399979, 40.484299], [-74.399593, 40.484725], [-74.399169, 40.485178], [-74.398633, 40.485719], [-74.398179, 40.486163], [-74.397736, 40.486583], [-74.397355, 40.486929], [-74.396968, 40.487285], [-74.395077, 40.488979], [-74.392047, 40.491667], [-74.391673, 40.492], [-74.391532, 40.492127], [-74.382875, 40.499857], [-74.377423, 40.504724], [-74.377016, 40.505085], [-74.376562, 40.505489], [-74.371434, 40.510059], [-74.368851, 40.51236], [-74.368288, 40.512843], [-74.367687, 40.513339], [-74.367092, 40.513812], [-74.366502, 40.51426], [-74.366256, 40.514438], [-74.365826, 40.51475], [-74.365212, 40.515176], [-74.364608, 40.515582], [-74.363897, 40.516038], [-74.363232, 40.516446], [-74.362548, 40.516856], [-74.361851, 40.517247], [-74.361105, 40.517653], [-74.360359, 40.51804], [-74.35941, 40.518505], [-74.358948, 40.518721], [-74.358256, 40.519037], [-74.357529, 40.519349], [-74.356714, 40.519691], [-74.356301, 40.519851], [-74.353772, 40.520811], [-74.352948, 40.521119], [-74.351021, 40.521822], [-74.35012, 40.522146], [-74.349184, 40.522476], [-74.347751, 40.52297], [-74.344936, 40.523984], [-74.344818, 40.524031], [-74.344383, 40.524187], [-74.343744, 40.524435], [-74.343109, 40.524694], [-74.342505, 40.524955], [-74.341886, 40.525241], [-74.341234, 40.525561], [-74.340579, 40.525893], [-74.339893, 40.526268], [-74.338536, 40.527083], [-74.336875, 40.528099], [-74.336073, 40.528607], [-74.334877, 40.529396], [-74.333415, 40.530382], [-74.333008, 40.53066], [-74.33059, 40.532297], [-74.330193, 40.532566], [-74.329332, 40.533153], [-74.328755, 40.533526], [-74.328157, 40.533895], [-74.327471, 40.534313], [-74.326765, 40.534716], [-74.326086, 40.535089], [-74.325416, 40.535446], [-74.324686, 40.535817], [-74.323959, 40.536168], [-74.323222, 40.536514], [-74.322481, 40.53684], [-74.321838, 40.537112], [-74.321199, 40.537375], [-74.320569, 40.537619], [-74.319877, 40.537876], [-74.31926, 40.538094], [-74.318718, 40.53828], [-74.318169, 40.538461], [-74.317592, 40.538647], [-74.317002, 40.53883], [-74.315671, 40.539232], [-74.314427, 40.539592], [-74.313807, 40.539762], [-74.313117, 40.539944], [-74.31237, 40.540129], [-74.311713, 40.540286], [-74.310974, 40.540466], [-74.310278, 40.540598], [-74.30962, 40.540715], [-74.308965, 40.540827], [-74.307977, 40.540954], [-74.307468, 40.541015], [-74.306913, 40.541073], [-74.306211, 40.541146], [-74.305162, 40.541231], [-74.304501, 40.541292], [-74.30286, 40.541427], [-74.302122, 40.541495], [-74.301752, 40.541529], [-74.300636, 40.541639], [-74.299647, 40.541753], [-74.297469, 40.54203], [-74.297343, 40.542047], [-74.296984, 40.542103], [-74.29634, 40.542204], [-74.295945, 40.542269], [-74.295497, 40.542346], [-74.295041, 40.542432], [-74.294558, 40.542525], [-74.293955, 40.54265], [-74.293386, 40.542778], [-74.289119, 40.543803], [-74.289102, 40.543808], [-74.286812, 40.544366], [-74.28615, 40.544547], [-74.285509, 40.544753], [-74.284972, 40.544953], [-74.284393, 40.545187], [-74.28383, 40.545448], [-74.28328, 40.545721], [-74.280699, 40.547063], [-74.279927, 40.547466], [-74.278864, 40.548056], [-74.278221, 40.548412], [-74.277481, 40.548836], [-74.276676, 40.549319], [-74.274278, 40.550785], [-74.273868, 40.551035], [-74.273385, 40.551321], [-74.272811, 40.551657], [-74.270649, 40.552902], [-74.270015, 40.553286], [-74.269936, 40.553334], [-74.269382, 40.55372], [-74.26816, 40.554515], [-74.267972, 40.55464], [-74.267644, 40.554867], [-74.267518, 40.554949], [-74.267411, 40.555019], [-74.267255, 40.555124], [-74.266769, 40.555478], [-74.266241, 40.55588], [-74.265616, 40.556373], [-74.265055, 40.556834], [-74.264444, 40.557357], [-74.26387, 40.557871], [-74.263336, 40.558366], [-74.262784, 40.558894], [-74.262258, 40.559432], [-74.261668, 40.560051], [-74.260858, 40.560923], [-74.25919, 40.562779], [-74.258138, 40.563947], [-74.257586, 40.564557], [-74.257032, 40.565159], [-74.255718, 40.566561], [-74.253795, 40.568605], [-74.253499, 40.568917], [-74.252207, 40.57029], [-74.247769, 40.575009], [-74.247117, 40.575718], [-74.246454, 40.576451], [-74.245698, 40.577331], [-74.245001, 40.578177], [-74.244424, 40.578894], [-74.243896, 40.579582], [-74.243169, 40.580568], [-74.242511, 40.581495], [-74.241932, 40.582355], [-74.240032, 40.585262], [-74.237872, 40.588578], [-74.237734, 40.58879], [-74.236862, 40.590113], [-74.23572, 40.591815], [-74.235648, 40.591943], [-74.235251, 40.592574], [-74.234677, 40.593444], [-74.233778, 40.594825], [-74.233088, 40.595868], [-74.232468, 40.596811], [-74.232163, 40.597302], [-74.231893, 40.597719], [-74.23177, 40.597939], [-74.231566, 40.598296], [-74.230839, 40.599562], [-74.230272, 40.600551], [-74.230119, 40.600821], [-74.228426, 40.603666], [-74.2276, 40.605026], [-74.226166, 40.607396], [-74.225919, 40.607804], [-74.224535, 40.610094], [-74.223735, 40.611409], [-74.223627, 40.611587], [-74.223431, 40.611912], [-74.220879, 40.616139], [-74.220811, 40.616251], [-74.216967, 40.622589], [-74.215855, 40.624376], [-74.215719, 40.624626], [-74.215017, 40.625826], [-74.21381, 40.627853], [-74.213395, 40.628495], [-74.213121, 40.628922], [-74.212667, 40.629619], [-74.211726, 40.631062], [-74.211507, 40.631412], [-74.211099, 40.632035], [-74.210576, 40.632883], [-74.208862, 40.63568], [-74.20829, 40.636627], [-74.20771, 40.637703], [-74.206966, 40.639019], [-74.206467, 40.639888], [-74.205896, 40.640855], [-74.205378, 40.641701], [-74.204378, 40.643315], [-74.203355, 40.644927], [-74.202943, 40.645572], [-74.201878, 40.647243], [-74.201642, 40.647583], [-74.201401, 40.647901], [-74.201167, 40.648175], [-74.200862, 40.648499], [-74.20069, 40.648662], [-74.20054, 40.648805], [-74.200369, 40.648964], [-74.200173, 40.649135], [-74.200109, 40.64918], [-74.200012, 40.649241], [-74.199046, 40.649916], [-74.198683, 40.650133], [-74.19832, 40.650334], [-74.196865, 40.651128], [-74.196427, 40.651367], [-74.196052, 40.651571], [-74.195579, 40.651829], [-74.195231, 40.652019], [-74.194827, 40.65224], [-74.194467, 40.652436], [-74.194068, 40.652654], [-74.1937, 40.652854], [-74.193315, 40.653065], [-74.192935, 40.653272], [-74.192557, 40.653478], [-74.192165, 40.653692], [-74.191803, 40.653889], [-74.191318, 40.654154], [-74.19101, 40.654322], [-74.190565, 40.654584], [-74.190168, 40.654835], [-74.189825, 40.655076], [-74.189506, 40.655311], [-74.189162, 40.655579], [-74.188843, 40.655848], [-74.188721, 40.655958], [-74.188537, 40.656126], [-74.188218, 40.656436], [-74.187955, 40.656704], [-74.187797, 40.656878], [-74.187625, 40.657071], [-74.187464, 40.657256], [-74.187311, 40.657441], [-74.187142, 40.657657], [-74.186973, 40.657884], [-74.186614, 40.658391], [-74.185874, 40.659456], [-74.185187, 40.660428], [-74.18485, 40.660878], [-74.184674, 40.661121], [-74.184343, 40.661581], [-74.184295, 40.661652], [-74.184253, 40.661718], [-74.184195, 40.661812], [-74.184015, 40.662054], [-74.183836, 40.662292], [-74.183651, 40.662538], [-74.183483, 40.662758], [-74.183296, 40.663001], [-74.183109, 40.663238], [-74.182917, 40.663481], [-74.182728, 40.663718], [-74.182532, 40.663959], [-74.182341, 40.66419], [-74.182142, 40.664427], [-74.181945, 40.664661], [-74.181754, 40.664882], [-74.181556, 40.665112], [-74.181353, 40.665346], [-74.181148, 40.665577], [-74.180943, 40.665806], [-74.180759, 40.666008], [-74.180547, 40.66624], [-74.180334, 40.666468], [-74.180118, 40.6667], [-74.17991, 40.666924], [-74.179697, 40.667151], [-74.179484, 40.667379], [-74.179273, 40.667602], [-74.179057, 40.667831], [-74.178849, 40.668053], [-74.178801, 40.668105], [-74.178632, 40.668284], [-74.177251, 40.669753], [-74.175011, 40.67214], [-74.1748, 40.672364], [-74.174586, 40.672592], [-74.174374, 40.67282], [-74.174163, 40.67305], [-74.173956, 40.67328], [-74.173747, 40.673514], [-74.173547, 40.673743], [-74.173346, 40.673977], [-74.173148, 40.674211], [-74.172951, 40.674447], [-74.172756, 40.674682], [-74.172629, 40.674838], [-74.172563, 40.67492], [-74.172372, 40.675158], [-74.172183, 40.675399], [-74.171996, 40.675638], [-74.17181, 40.675879], [-74.171629, 40.67612], [-74.171447, 40.676365], [-74.171271, 40.676605], [-74.171099, 40.676846], [-74.170498, 40.677678], [-74.170058, 40.678301], [-74.168642, 40.680353], [-74.168016, 40.681289], [-74.16699, 40.682769], [-74.166114, 40.68391], [-74.163719, 40.687495], [-74.163575, 40.687703], [-74.162393, 40.689405], [-74.162189, 40.6897], [-74.161959, 40.69003], [-74.161793, 40.690269], [-74.161622, 40.690513], [-74.161447, 40.690759], [-74.161275, 40.690999], [-74.161102, 40.691242], [-74.160925, 40.691486], [-74.160749, 40.691726], [-74.160573, 40.691968], [-74.160397, 40.692207], [-74.160224, 40.692442], [-74.160045, 40.692687], [-74.15987, 40.692926], [-74.15969, 40.693172], [-74.159516, 40.693411], [-74.159341, 40.693653], [-74.157865, 40.695674], [-74.157441, 40.696277], [-74.156689, 40.697286], [-74.156246, 40.697887], [-74.155548, 40.698902], [-74.155329, 40.699236], [-74.155096, 40.6996], [-74.154861, 40.699981], [-74.15464, 40.700341], [-74.15442, 40.700716], [-74.154289, 40.700944], [-74.153407, 40.702584], [-74.152903, 40.703548], [-74.152651, 40.704013], [-74.152605, 40.704099], [-74.1522, 40.704811], [-74.151441, 40.706071], [-74.150778, 40.707179], [-74.150533, 40.707572], [-74.150305, 40.707911], [-74.150067, 40.708234], [-74.149819, 40.708538], [-74.149641, 40.708738], [-74.149402, 40.708989], [-74.149173, 40.709212], [-74.148956, 40.709407], [-74.148713, 40.709609], [-74.148468, 40.709803], [-74.148208, 40.709998], [-74.147941, 40.710187], [-74.147677, 40.710363], [-74.147402, 40.710537], [-74.147103, 40.710712], [-74.146821, 40.71087], [-74.14652, 40.71103], [-74.146223, 40.711179], [-74.145913, 40.711322], [-74.145593, 40.711461], [-74.145276, 40.711592], [-74.144958, 40.711715], [-74.144532, 40.711878], [-74.142791, 40.712538], [-74.141396, 40.713079], [-74.140721, 40.71335], [-74.140561, 40.713416], [-74.140407, 40.713484], [-74.140243, 40.713558], [-74.140096, 40.713627], [-74.139954, 40.713695], [-74.139805, 40.713767], [-74.139661, 40.71384], [-74.139517, 40.713914], [-74.139369, 40.71399], [-74.139219, 40.71407], [-74.139074, 40.714147], [-74.138631, 40.714397]]}, "properties": {"name": "New Jersey Turnpike", "kind": "Turnpike", "source": "OpenStreetMap / OSRM driving geometry; bus suitability not certified", "ref": "I 95; NJTP", "concept": "c3", "variant": "optional"}}, {"type": "Feature", "geometry": {"type": "LineString", "coordinates": [[-74.138631, 40.714397], [-74.13821, 40.714598], [-74.138062, 40.714683], [-74.137937, 40.714757], [-74.137926, 40.714763], [-74.137792, 40.714845], [-74.137657, 40.71493], [-74.13756, 40.714993], [-74.13744, 40.71507], [-74.137295, 40.715164], [-74.137172, 40.715247], [-74.137108, 40.715291], [-74.137019, 40.715353], [-74.136899, 40.715439], [-74.136768, 40.715533], [-74.136645, 40.715623], [-74.136521, 40.715718], [-74.136397, 40.715814], [-74.136277, 40.715913], [-74.136156, 40.716016], [-74.136045, 40.716115], [-74.135931, 40.716222], [-74.13582, 40.716332], [-74.135715, 40.716441], [-74.135617, 40.716543], [-74.135517, 40.716653], [-74.13542, 40.716767], [-74.135328, 40.71688], [-74.135235, 40.716999], [-74.135148, 40.717113], [-74.135063, 40.717232], [-74.134983, 40.717354], [-74.134907, 40.717476], [-74.134835, 40.717602], [-74.134766, 40.717731], [-74.134703, 40.717856], [-74.134642, 40.717988], [-74.134583, 40.718117], [-74.134529, 40.718246], [-74.134476, 40.718381], [-74.13443, 40.718509], [-74.134387, 40.718642], [-74.134345, 40.71878], [-74.134308, 40.718914], [-74.134275, 40.719046], [-74.134244, 40.719174], [-74.134211, 40.719314], [-74.134181, 40.719449], [-74.134054, 40.719987], [-74.134023, 40.720121], [-74.13399, 40.720249], [-74.133956, 40.720383], [-74.133923, 40.720509], [-74.13387, 40.720712], [-74.133812, 40.720916], [-74.133772, 40.721049], [-74.133732, 40.721182], [-74.133691, 40.72132], [-74.133649, 40.72145], [-74.133603, 40.721584], [-74.133559, 40.721713], [-74.133513, 40.721844], [-74.133464, 40.721978], [-74.133418, 40.722105], [-74.13337, 40.722238], [-74.133324, 40.722368], [-74.133275, 40.722499], [-74.133226, 40.722631], [-74.133176, 40.722765], [-74.133126, 40.722901], [-74.133031, 40.723314], [-74.132979, 40.72344], [-74.132923, 40.72357], [-74.132865, 40.7237], [-74.132807, 40.723828], [-74.132744, 40.723957], [-74.132677, 40.72409], [-74.132614, 40.724212], [-74.132546, 40.724339], [-74.132474, 40.724464], [-74.132402, 40.724587], [-74.132325, 40.72471], [-74.132247, 40.724835], [-74.132175, 40.724946], [-74.13198, 40.725221], [-74.131841, 40.72541], [-74.131681, 40.725612], [-74.131531, 40.725795], [-74.131375, 40.725979], [-74.131166, 40.726212], [-74.131005, 40.726381], [-74.130853, 40.726532], [-74.130681, 40.7267], [-74.130514, 40.726851], [-74.130362, 40.726981], [-74.129959, 40.727307], [-74.129468, 40.727694], [-74.128875, 40.72815], [-74.128147, 40.728704], [-74.12756, 40.729149], [-74.126532, 40.729974], [-74.126344, 40.730134], [-74.126158, 40.730288], [-74.12598, 40.730448], [-74.125809, 40.730608], [-74.125652, 40.730763], [-74.125483, 40.730941], [-74.125334, 40.731106], [-74.125181, 40.731282], [-74.125045, 40.731449], [-74.124912, 40.731626], [-74.124785, 40.731804], [-74.124658, 40.731991], [-74.124587, 40.7321], [-74.124541, 40.732172], [-74.124429, 40.732364], [-74.124328, 40.732544], [-74.124225, 40.732738], [-74.12413, 40.73293], [-74.124042, 40.733127], [-74.123962, 40.733317], [-74.123885, 40.733512], [-74.123823, 40.733685], [-74.123765, 40.733864], [-74.123721, 40.734017], [-74.123679, 40.734174], [-74.123642, 40.734323], [-74.123611, 40.734465], [-74.123582, 40.734619], [-74.123553, 40.734786], [-74.123527, 40.734971], [-74.123508, 40.735158], [-74.123495, 40.735319], [-74.123483, 40.735479], [-74.123472, 40.735665], [-74.123464, 40.735815], [-74.123351, 40.738381], [-74.123341, 40.738562], [-74.123332, 40.738694], [-74.123321, 40.73884], [-74.123305, 40.739011], [-74.123282, 40.739187], [-74.123257, 40.739363], [-74.123224, 40.739538], [-74.123193, 40.739684], [-74.123158, 40.73984], [-74.123115, 40.740006], [-74.123064, 40.740183], [-74.123014, 40.740347], [-74.122957, 40.740527], [-74.122895, 40.740716], [-74.122834, 40.740893], [-74.121915, 40.743637], [-74.121859, 40.743795], [-74.121809, 40.74393], [-74.121755, 40.744068], [-74.121683, 40.744248], [-74.121606, 40.74443], [-74.121536, 40.744594], [-74.121464, 40.744748], [-74.121375, 40.74493], [-74.121294, 40.745091], [-74.121213, 40.74525], [-74.121107, 40.745445], [-74.121031, 40.745581], [-74.120958, 40.745705], [-74.120885, 40.745828], [-74.120806, 40.745959], [-74.12072, 40.746099], [-74.120634, 40.746235], [-74.120522, 40.7464], [-74.120411, 40.746563], [-74.120304, 40.746714], [-74.12018, 40.746884], [-74.120054, 40.747048], [-74.119933, 40.747206], [-74.119799, 40.747368], [-74.119666, 40.747529], [-74.119539, 40.747682], [-74.119395, 40.747844], [-74.11926, 40.747991], [-74.119121, 40.748141], [-74.11898, 40.748288], [-74.11883, 40.74844], [-74.11868, 40.748586], [-74.118526, 40.748735], [-74.118371, 40.748878], [-74.118223, 40.749014], [-74.118052, 40.749166], [-74.117894, 40.7493], [-74.117751, 40.749419], [-74.117585, 40.749553], [-74.117428, 40.749678], [-74.117255, 40.749813], [-74.1171, 40.749929], [-74.116945, 40.750043], [-74.116794, 40.750148], [-74.116629, 40.750266], [-74.116455, 40.750385], [-74.116285, 40.750497], [-74.116133, 40.750596], [-74.115963, 40.750703], [-74.115832, 40.750784], [-74.115718, 40.750852], [-74.115604, 40.75092], [-74.115449, 40.75101], [-74.115292, 40.751102], [-74.115137, 40.751189], [-74.114818, 40.751361], [-74.114494, 40.751534], [-74.114178, 40.751697], [-74.113857, 40.751864], [-74.113534, 40.75203], [-74.113211, 40.752195], [-74.112885, 40.752359], [-74.11256, 40.752519], [-74.112233, 40.752681], [-74.111921, 40.752835], [-74.11163, 40.752975], [-74.111444, 40.753066], [-74.111001, 40.753278], [-74.110683, 40.753425], [-74.110409, 40.753553], [-74.109964, 40.753756], [-74.109592, 40.753926], [-74.109521, 40.753958], [-74.109202, 40.754101], [-74.108838, 40.754263], [-74.108506, 40.754408], [-74.10814, 40.754568], [-74.1078, 40.754715], [-74.107466, 40.754857], [-74.107127, 40.754999], [-74.106953, 40.755072], [-74.10679, 40.755141], [-74.106611, 40.755215], [-74.106445, 40.755283], [-74.106272, 40.755354], [-74.106105, 40.755421], [-74.105927, 40.755492], [-74.105757, 40.755559], [-74.105664, 40.755595], [-74.105618, 40.755612], [-74.105479, 40.755663], [-74.105329, 40.755717], [-74.105155, 40.755778], [-74.104984, 40.755837], [-74.104818, 40.755892], [-74.104633, 40.755952], [-74.104465, 40.756005], [-74.104304, 40.756054], [-74.10414, 40.756102], [-74.103968, 40.756151], [-74.103793, 40.7562], [-74.10361, 40.756249], [-74.103442, 40.756292], [-74.103261, 40.756339], [-74.103086, 40.756381], [-74.10292, 40.756421], [-74.102747, 40.75646], [-74.102569, 40.756498], [-74.102402, 40.756533], [-74.102229, 40.756568], [-74.102055, 40.756602], [-74.101881, 40.756634], [-74.101698, 40.756666], [-74.101514, 40.756697], [-74.10134, 40.756725], [-74.101167, 40.756751], [-74.100985, 40.756777], [-74.100809, 40.756802], [-74.100651, 40.756822], [-74.100478, 40.756843], [-74.100291, 40.756865], [-74.100111, 40.756884], [-74.099931, 40.756902], [-74.099739, 40.756919], [-74.099559, 40.756934], [-74.099388, 40.756947], [-74.099203, 40.756959], [-74.099027, 40.75697], [-74.098842, 40.75698], [-74.098667, 40.756987], [-74.098477, 40.756994], [-74.098304, 40.756998], [-74.098118, 40.757002], [-74.097932, 40.757006], [-74.09774, 40.757008], [-74.090532, 40.757109], [-74.090336, 40.757112], [-74.090155, 40.757116], [-74.089956, 40.757123], [-74.089786, 40.757131], [-74.089595, 40.757141], [-74.089434, 40.75715], [-74.089262, 40.757163], [-74.08908, 40.757178], [-74.088906, 40.757192], [-74.088725, 40.75721], [-74.088543, 40.757231], [-74.08836, 40.757253], [-74.088183, 40.757276], [-74.088007, 40.757301], [-74.087819, 40.75733], [-74.087655, 40.757356], [-74.087485, 40.757384], [-74.087293, 40.757418], [-74.087122, 40.75745], [-74.086948, 40.757485], [-74.086771, 40.757521], [-74.0866, 40.757559], [-74.086436, 40.757596], [-74.086258, 40.757639], [-74.08609, 40.757681], [-74.08591, 40.757728], [-74.085781, 40.757764], [-74.085558, 40.757828], [-74.085393, 40.757876], [-74.085225, 40.757928], [-74.085056, 40.757982], [-74.084881, 40.758039], [-74.084718, 40.758094], [-74.084553, 40.758152], [-74.08439, 40.758212], [-74.084227, 40.758273], [-74.084066, 40.758334], [-74.083906, 40.758398], [-74.083744, 40.758464], [-74.08359, 40.758531], [-74.083436, 40.758598], [-74.083276, 40.758669], [-74.083119, 40.758742], [-74.082968, 40.758814], [-74.082512, 40.75903], [-74.08235, 40.759107], [-74.082198, 40.75918], [-74.082054, 40.759248], [-74.08189, 40.759326], [-74.081741, 40.759397], [-74.081591, 40.759471], [-74.081438, 40.759544], [-74.081288, 40.759617]]}, "properties": {"name": "New Jersey Turnpike Eastern Spur", "kind": "Turnpike", "source": "OpenStreetMap / OSRM driving geometry; bus suitability not certified", "ref": "I 95; NJTP", "concept": "c3", "variant": "optional"}}, {"type": "Feature", "geometry": {"type": "LineString", "coordinates": [[-74.081288, 40.759617], [-74.080764, 40.759787], [-74.080374, 40.759975], [-74.080295, 40.760008], [-74.080222, 40.760037], [-74.080153, 40.760062], [-74.080059, 40.760095], [-74.079952, 40.760126], [-74.07985, 40.760153], [-74.079748, 40.760179], [-74.079407, 40.760266], [-74.079231, 40.760312], [-74.079047, 40.760364], [-74.078893, 40.76041], [-74.078758, 40.760454], [-74.078649, 40.760496], [-74.078531, 40.760544], [-74.078419, 40.760594], [-74.078284, 40.760662], [-74.078154, 40.760732], [-74.078028, 40.760804], [-74.077722, 40.760965], [-74.077646, 40.761001], [-74.077567, 40.761033], [-74.077487, 40.761062], [-74.077395, 40.76109], [-74.077304, 40.761113], [-74.077223, 40.761125], [-74.077143, 40.761134], [-74.077068, 40.761134], [-74.076986, 40.761131], [-74.076907, 40.761121], [-74.076833, 40.761105], [-74.076762, 40.761085], [-74.076702, 40.761061], [-74.076643, 40.761031], [-74.076587, 40.760992], [-74.076529, 40.760948], [-74.076458, 40.760895], [-74.076395, 40.760841], [-74.07634, 40.760788], [-74.076293, 40.760741], [-74.076228, 40.760671], [-74.076169, 40.760599], [-74.076096, 40.760512], [-74.075573, 40.759871], [-74.075385, 40.759655], [-74.075272, 40.75949], [-74.075097, 40.759232], [-74.074986, 40.759064], [-74.074877, 40.758881], [-74.074676, 40.758535], [-74.074479, 40.758175], [-74.074399, 40.758022], [-74.074314, 40.757851], [-74.074245, 40.757702], [-74.074183, 40.757571], [-74.074161, 40.75752], [-74.07413, 40.757458], [-74.074085, 40.757359], [-74.07405, 40.757284], [-74.074032, 40.757249], [-74.074011, 40.757209], [-74.073991, 40.75717], [-74.07397, 40.757133], [-74.073846, 40.756916], [-74.073818, 40.756867], [-74.073789, 40.756817], [-74.073641, 40.756558], [-74.073521, 40.756351], [-74.073442, 40.756225], [-74.073332, 40.756055], [-74.073238, 40.755909], [-74.073156, 40.755774], [-74.073076, 40.755638], [-74.072984, 40.755469], [-74.072322, 40.754272], [-74.070859, 40.751632], [-74.070793, 40.751514], [-74.070757, 40.751451], [-74.070718, 40.751386], [-74.070677, 40.751323], [-74.070634, 40.751263], [-74.070589, 40.751203], [-74.070543, 40.751145], [-74.070496, 40.751089], [-74.070449, 40.751033], [-74.070395, 40.750975], [-74.070342, 40.750919], [-74.070288, 40.750866], [-74.070229, 40.750812], [-74.070166, 40.750756], [-74.070098, 40.750699], [-74.070047, 40.750659], [-74.069991, 40.750617], [-74.069924, 40.750568], [-74.069854, 40.75052], [-74.069785, 40.750474], [-74.069716, 40.750432], [-74.069645, 40.750392], [-74.069573, 40.750354], [-74.069496, 40.750319], [-74.069413, 40.750284], [-74.069331, 40.750253], [-74.069251, 40.750228], [-74.069166, 40.750205], [-74.069079, 40.750188], [-74.068987, 40.750175], [-74.068895, 40.750168], [-74.068807, 40.750169], [-74.068719, 40.750176], [-74.068633, 40.750189], [-74.068552, 40.750207], [-74.068472, 40.75023], [-74.068396, 40.750257], [-74.068312, 40.750296], [-74.068235, 40.750341], [-74.068168, 40.750387], [-74.068108, 40.750438], [-74.068054, 40.750493], [-74.068004, 40.750559], [-74.067966, 40.750618], [-74.067936, 40.750681], [-74.067913, 40.750743], [-74.067896, 40.750809], [-74.067888, 40.750878], [-74.06789, 40.750948], [-74.0679, 40.75102], [-74.067921, 40.751095], [-74.067944, 40.751154], [-74.067974, 40.751215], [-74.068009, 40.751276], [-74.068051, 40.751337], [-74.068094, 40.751395], [-74.068143, 40.751454], [-74.068193, 40.751506], [-74.068251, 40.751563], [-74.068303, 40.75161], [-74.0692, 40.752383], [-74.069257, 40.752434], [-74.069312, 40.752485], [-74.069368, 40.752541], [-74.069421, 40.752597], [-74.069471, 40.752651], [-74.069518, 40.752707], [-74.069569, 40.752769], [-74.069614, 40.752828], [-74.069657, 40.752889], [-74.069697, 40.752946], [-74.069766, 40.753055], [-74.069777, 40.753074], [-74.069812, 40.753138], [-74.069848, 40.753206], [-74.069878, 40.753267], [-74.069905, 40.753328], [-74.06993, 40.753395], [-74.069953, 40.753458], [-74.069975, 40.753525], [-74.069996, 40.753591], [-74.070039, 40.753727], [-74.071877, 40.759739], [-74.072072, 40.760416], [-74.072148, 40.76069], [-74.072379, 40.761525], [-74.072434, 40.761716], [-74.07262, 40.762344]]}, "properties": {"name": "Ramp / connecting roadway", "kind": "Road connector", "source": "OpenStreetMap / OSRM driving geometry; bus suitability not certified", "ref": "", "concept": "c3", "variant": "optional"}}, {"type": "Feature", "geometry": {"type": "LineString", "coordinates": [[-74.07262, 40.762344], [-74.072602, 40.762336]]}, "properties": {"name": "GTFS shape join (under 35 m)", "kind": "Shape join", "source": "Short geometry alignment join; operational review required", "concept": "c3", "variant": "optional"}}, {"type": "Feature", "geometry": {"type": "LineString", "coordinates": [[-74.072602, 40.762336], [-74.072783, 40.762286], [-74.073164, 40.762166], [-74.073892, 40.761856]]}, "properties": {"name": "Secaucus Junction approach (NJ TRANSIT 124)", "kind": "GTFS", "feed": "njt", "routes": ["124"], "shape_id": "375", "start_vertex": 465, "end_vertex": 468, "concept": "c3", "variant": "optional"}}, {"type": "Feature", "geometry": {"type": "LineString", "coordinates": [[-74.4893161, 40.3212089], [-74.4901707, 40.3208776]]}, "properties": {"name": "Proposed pickup to rear gate (assumed access)", "kind": "Assumed access", "source": "OSM ways 88982888, 614254063 (private), 42676561; gated access opening assumed by user; not approved/public access", "concept": "c3", "variant": "optional_8a"}}, {"type": "Feature", "geometry": {"type": "LineString", "coordinates": [[-74.4901707, 40.3208776], [-74.4902766, 40.3208354], [-74.4903708, 40.3207861], [-74.4904574, 40.3207162], [-74.490496, 40.3206665], [-74.4905155, 40.3206413], [-74.4905499, 40.3205525], [-74.4905687, 40.3204543], [-74.4906244, 40.3197321], [-74.4906299, 40.3195479], [-74.4906242, 40.3193424], [-74.4906255, 40.3192639], [-74.4906112, 40.3190158], [-74.4905919, 40.3189319], [-74.4905504, 40.3188408], [-74.4904728, 40.3187424], [-74.4902838, 40.3185035]]}, "properties": {"name": "Private rear service road: assumed gate opening", "kind": "Assumed access", "source": "OSM ways 88982888, 614254063 (private), 42676561; gated access opening assumed by user; not approved/public access", "concept": "c3", "variant": "optional_8a"}}, {"type": "Feature", "geometry": {"type": "LineString", "coordinates": [[-74.4902838, 40.3185035], [-74.4903509, 40.3184593], [-74.4904035, 40.3184149], [-74.490451, 40.3183658], [-74.4904869, 40.318314], [-74.4905189, 40.3182317], [-74.490529, 40.3181528], [-74.4905444, 40.3178169], [-74.4905452, 40.3177987], [-74.4905591, 40.3175756], [-74.4905721, 40.3173422], [-74.4905982, 40.3164971], [-74.4906035, 40.3164404], [-74.4906136, 40.316333], [-74.4906307, 40.3162586], [-74.4906387, 40.3162236], [-74.4907027, 40.3160906], [-74.4907614, 40.3159692], [-74.4907918, 40.3158951], [-74.4908129, 40.3158423], [-74.4908274, 40.3157894], [-74.4908417, 40.3156963], [-74.4908484, 40.3154961], [-74.4908435, 40.3151722]]}, "properties": {"name": "Service road to Half Acre Road: assumed gate/security changes", "kind": "Assumed access", "source": "OSM ways 88982888, 614254063 (private), 42676561; gated access opening assumed by user; not approved/public access", "concept": "c3", "variant": "optional_8a"}}, {"type": "Feature", "geometry": {"type": "LineString", "coordinates": [[-74.4908435, 40.3151722], [-74.490844, 40.315172]]}, "properties": {"name": "Short source alignment join", "kind": "Shape join", "source": "Geometry alignment under 35 m", "concept": "c3", "variant": "optional_8a"}}, {"type": "Feature", "geometry": {"type": "LineString", "coordinates": [[-74.490844, 40.315172], [-74.491391, 40.315131], [-74.492187, 40.315085], [-74.492864, 40.315076], [-74.49375, 40.315106], [-74.494799, 40.315163], [-74.496154, 40.315237], [-74.497698, 40.315321], [-74.498839, 40.315379], [-74.500982, 40.3155], [-74.50149, 40.315531], [-74.501625, 40.31554], [-74.501662, 40.315541], [-74.502693, 40.315582], [-74.503253, 40.315605], [-74.503432, 40.315614], [-74.504085, 40.315651], [-74.504757, 40.315695], [-74.505515, 40.315745], [-74.506444, 40.315805], [-74.507445, 40.315869], [-74.507519, 40.315874], [-74.508672, 40.315948]]}, "properties": {"name": "Half Acre Road", "kind": "Road connector", "source": "OSM / OSRM car-routing geometry; coach suitability unverified", "cache": "molly-local-exit8-to-8a-pickup-v2-osrm.json", "ref": "", "concept": "c3", "variant": "optional_8a"}}, {"type": "Feature", "geometry": {"type": "LineString", "coordinates": [[-74.508672, 40.315948], [-74.508887, 40.315958], [-74.508948, 40.315635], [-74.508994, 40.315392], [-74.50907, 40.314985], [-74.509159, 40.314511], [-74.509262, 40.313961], [-74.509354, 40.313472], [-74.509447, 40.312958], [-74.509468, 40.312844], [-74.509497, 40.312692], [-74.509882, 40.310664], [-74.509931, 40.310417], [-74.510532, 40.307169], [-74.510615, 40.306883], [-74.510751, 40.306138], [-74.510788, 40.305952], [-74.510953, 40.305133], [-74.511112, 40.304436], [-74.511478, 40.303284], [-74.511854, 40.30238], [-74.512303, 40.301503], [-74.512342, 40.301437]]}, "properties": {"name": "US 130", "kind": "Road connector", "source": "OSM / OSRM car-routing geometry; coach suitability unverified", "cache": "molly-local-exit8-to-8a-pickup-v2-osrm.json", "ref": "US 130", "concept": "c3", "variant": "optional_8a"}}, {"type": "Feature", "geometry": {"type": "LineString", "coordinates": [[-74.512342, 40.301437], [-74.5124, 40.301336], [-74.512708, 40.300806], [-74.512764, 40.30071], [-74.512808, 40.300646], [-74.513624, 40.299458], [-74.514241, 40.298722], [-74.516833, 40.295945], [-74.518727, 40.293916], [-74.519145, 40.293467], [-74.519228, 40.293382], [-74.5196, 40.292996], [-74.520112, 40.292572], [-74.520323, 40.292401], [-74.520498, 40.292238], [-74.520556, 40.292181], [-74.520703, 40.292042], [-74.520857, 40.291873], [-74.521027, 40.291634], [-74.521332, 40.291161], [-74.521572, 40.290825], [-74.521757, 40.290597], [-74.521981, 40.290349], [-74.5221, 40.290223], [-74.523712, 40.288537], [-74.523724, 40.288525], [-74.524727, 40.287485], [-74.524849, 40.287354], [-74.525212, 40.286963], [-74.525304, 40.286864], [-74.525619, 40.286527], [-74.526021, 40.286096], [-74.526997, 40.285045], [-74.529217, 40.282655], [-74.529933, 40.281882]]}, "properties": {"name": "US 130", "kind": "Road connector", "source": "OSM / OSRM car-routing geometry; coach suitability unverified", "cache": "molly-local-exit8-to-8a-pickup-v2-osrm.json", "ref": "US 130", "concept": "c3", "variant": "optional_8a"}}, {"type": "Feature", "geometry": {"type": "LineString", "coordinates": [[-74.529933, 40.281882], [-74.530243, 40.281634], [-74.530428, 40.281498], [-74.530565, 40.281416], [-74.530697, 40.281354], [-74.530807, 40.281313], [-74.531025, 40.28125], [-74.531165, 40.28123], [-74.531293, 40.281228], [-74.531419, 40.281241], [-74.531549, 40.281271], [-74.531672, 40.281315], [-74.531798, 40.281379], [-74.531899, 40.281448], [-74.531995, 40.281538], [-74.532056, 40.281615], [-74.532086, 40.281696], [-74.532098, 40.28178], [-74.532093, 40.281864], [-74.532068, 40.281956], [-74.532016, 40.282051], [-74.531947, 40.282132], [-74.53185, 40.282213], [-74.53175, 40.282274], [-74.531641, 40.282325], [-74.531507, 40.282367], [-74.531302, 40.282411], [-74.531093, 40.282439], [-74.530919, 40.282454], [-74.530761, 40.282456], [-74.530458, 40.282452], [-74.529906, 40.282439]]}, "properties": {"name": "Interchange ramp", "kind": "Road connector", "source": "OSM / OSRM car-routing geometry; coach suitability unverified", "cache": "molly-local-exit8-to-8a-pickup-v2-osrm.json", "ref": "", "concept": "c3", "variant": "optional_8a"}}, {"type": "Feature", "geometry": {"type": "LineString", "coordinates": [[-74.529906, 40.282439], [-74.529762, 40.282429], [-74.528923, 40.282362], [-74.528817, 40.282354], [-74.525088, 40.282061], [-74.524068, 40.281979], [-74.521467, 40.281771], [-74.521098, 40.281742], [-74.520652, 40.281706], [-74.520113, 40.281645], [-74.519824, 40.2816], [-74.519395, 40.281518], [-74.518973, 40.281419], [-74.518695, 40.281344], [-74.518322, 40.281229], [-74.518041, 40.281132], [-74.517765, 40.281028], [-74.517494, 40.280917], [-74.517096, 40.280736], [-74.516712, 40.28054], [-74.516342, 40.280328], [-74.515986, 40.280102], [-74.515647, 40.279862], [-74.515481, 40.279735], [-74.515226, 40.279524], [-74.514031, 40.27854], [-74.513938, 40.278464], [-74.513644, 40.278221], [-74.513567, 40.278159], [-74.512836, 40.277572], [-74.512512, 40.277338], [-74.512241, 40.277153], [-74.511818, 40.276891], [-74.511526, 40.276726], [-74.511079, 40.276494], [-74.510739, 40.27634], [-74.51033, 40.276156], [-74.510108, 40.27606], [-74.509706, 40.275905], [-74.509298, 40.275761], [-74.508883, 40.275627], [-74.507498, 40.275209], [-74.506144, 40.274782], [-74.503679, 40.274013], [-74.50266, 40.273696], [-74.502524, 40.273652], [-74.5024, 40.273611], [-74.502281, 40.27357], [-74.502149, 40.273521], [-74.502012, 40.273466], [-74.501892, 40.273414], [-74.501769, 40.273355], [-74.501648, 40.273293], [-74.501534, 40.27323], [-74.501419, 40.273164], [-74.50131, 40.273096], [-74.501181, 40.27301], [-74.50105, 40.272918], [-74.500952, 40.27284], [-74.500856, 40.27276], [-74.500761, 40.272677], [-74.500673, 40.272595], [-74.500585, 40.272508], [-74.500505, 40.272419], [-74.500423, 40.272327], [-74.50035, 40.272236], [-74.50028, 40.272142], [-74.50021, 40.272047], [-74.500143, 40.271949]]}, "properties": {"name": "Hightstown Bypass", "kind": "Road connector", "source": "OSM / OSRM car-routing geometry; coach suitability unverified", "cache": "molly-local-exit8-to-8a-pickup-v2-osrm.json", "ref": "NJ 133", "concept": "c3", "variant": "optional_8a"}}, {"type": "Feature", "geometry": {"type": "LineString", "coordinates": [[-74.500143, 40.271949], [-74.500088, 40.271852], [-74.500033, 40.271754], [-74.499966, 40.27162], [-74.499912, 40.271504], [-74.499863, 40.271387], [-74.499825, 40.271273], [-74.499788, 40.271153], [-74.499755, 40.271037], [-74.499724, 40.270903], [-74.4997, 40.270758], [-74.499679, 40.27061], [-74.499662, 40.270471], [-74.499652, 40.270335], [-74.499646, 40.270199], [-74.499645, 40.270058], [-74.49965, 40.269924], [-74.49966, 40.26979], [-74.499675, 40.269643], [-74.499694, 40.269517], [-74.499719, 40.269379], [-74.49975, 40.269245], [-74.499785, 40.269106], [-74.49983, 40.268953], [-74.49987, 40.268828], [-74.499924, 40.268691], [-74.499987, 40.268546], [-74.500037, 40.268434], [-74.500097, 40.268315], [-74.500153, 40.268211], [-74.500234, 40.268073], [-74.500312, 40.26795], [-74.500403, 40.267814], [-74.50049, 40.267691], [-74.500598, 40.267552], [-74.500701, 40.267428], [-74.500824, 40.267289], [-74.500959, 40.26715], [-74.5011, 40.267015], [-74.501249, 40.26688], [-74.501393, 40.26676], [-74.501535, 40.266652], [-74.50168, 40.266544], [-74.501823, 40.266442], [-74.502025, 40.266314], [-74.502237, 40.266189], [-74.502912, 40.265831], [-74.504341, 40.264994], [-74.50506, 40.264589], [-74.505137, 40.264547], [-74.505511, 40.264344], [-74.505822, 40.264159], [-74.505876, 40.264124], [-74.505935, 40.264092], [-74.506216, 40.26392], [-74.506334, 40.263843], [-74.506453, 40.263755], [-74.506577, 40.263661], [-74.506809, 40.263499], [-74.506965, 40.263401], [-74.507101, 40.263323], [-74.507155, 40.263295], [-74.507192, 40.263277], [-74.507306, 40.263224], [-74.50746, 40.263159]]}, "properties": {"name": "Hightstown Bypass", "kind": "Road connector", "source": "OSM / OSRM car-routing geometry; coach suitability unverified", "cache": "molly-local-exit8-to-8a-pickup-v2-osrm.json", "ref": "NJ 133", "concept": "c3", "variant": "optional_8a"}}, {"type": "Feature", "geometry": {"type": "LineString", "coordinates": [[-74.50746, 40.263159], [-74.507814, 40.263058], [-74.507918, 40.263032], [-74.508008, 40.263013], [-74.508113, 40.262993], [-74.508214, 40.262979], [-74.50832, 40.26297], [-74.508454, 40.262964], [-74.508565, 40.262966], [-74.508667, 40.262972], [-74.508775, 40.262982], [-74.508879, 40.262998], [-74.508976, 40.263018], [-74.50908, 40.263043], [-74.509173, 40.263068], [-74.509277, 40.263104], [-74.509383, 40.263148], [-74.509481, 40.263194], [-74.509583, 40.263245], [-74.509676, 40.263302], [-74.509763, 40.263358]]}, "properties": {"name": "Interchange ramp", "kind": "Road connector", "source": "OSM / OSRM car-routing geometry; coach suitability unverified", "cache": "molly-local-exit8-to-8a-pickup-v2-osrm.json", "ref": "", "concept": "c3", "variant": "optional_8a"}}, {"type": "Feature", "geometry": {"type": "LineString", "coordinates": [[-74.509763, 40.263358], [-74.509936, 40.263514], [-74.510009, 40.263597], [-74.510066, 40.263674], [-74.510124, 40.263756], [-74.51018, 40.263853], [-74.510226, 40.263956], [-74.510259, 40.26405], [-74.510285, 40.264154], [-74.510302, 40.264264], [-74.510311, 40.264372], [-74.510312, 40.264482], [-74.510302, 40.264592], [-74.510283, 40.264699], [-74.510254, 40.264811], [-74.510216, 40.264933], [-74.510025, 40.265511], [-74.509083, 40.268361], [-74.509054, 40.268637]]}, "properties": {"name": "Interchange ramp", "kind": "Road connector", "source": "OSM / OSRM car-routing geometry; coach suitability unverified", "cache": "molly-local-exit8-to-8a-pickup-v2-osrm.json", "ref": "", "concept": "c3", "variant": "optional_8a"}}, {"type": "Feature", "geometry": {"type": "LineString", "coordinates": [[-74.509054, 40.268637], [-74.508799, 40.269385], [-74.508525, 40.270217], [-74.508386, 40.270607], [-74.508032, 40.271533], [-74.507864, 40.271949], [-74.506738, 40.274555], [-74.504367, 40.279906], [-74.504141, 40.280429], [-74.504023, 40.280695], [-74.503306, 40.28231], [-74.501111, 40.287279], [-74.500876, 40.2878], [-74.50079, 40.287991], [-74.499015, 40.291926], [-74.497136, 40.296246], [-74.496838, 40.296935], [-74.495309, 40.300451], [-74.493683, 40.304102], [-74.492058, 40.307903], [-74.492, 40.30804], [-74.49136, 40.30955], [-74.488842, 40.314917], [-74.486799, 40.319225], [-74.486675, 40.319523], [-74.485956, 40.321154], [-74.485691, 40.321855], [-74.485475, 40.322412], [-74.485331, 40.322822], [-74.48501, 40.323664], [-74.48467, 40.324618], [-74.484543, 40.324989], [-74.484207, 40.325881], [-74.483432, 40.327761], [-74.482506, 40.329866]]}, "properties": {"name": "New Jersey Turnpike", "kind": "Turnpike", "source": "OSM / OSRM car-routing geometry; coach suitability unverified", "cache": "molly-local-exit8-to-8a-pickup-v2-osrm.json", "ref": "I 95; NJTP", "concept": "c3", "variant": "optional_8a"}}, {"type": "Feature", "geometry": {"type": "LineString", "coordinates": [[-74.482506, 40.329866], [-74.480416, 40.334393], [-74.479558, 40.336339], [-74.478341, 40.339063], [-74.477577, 40.340763], [-74.477203, 40.341585], [-74.476523, 40.343058], [-74.475983, 40.344202], [-74.475905, 40.344358], [-74.475416, 40.345305], [-74.474334, 40.347395]]}, "properties": {"name": "New Jersey Turnpike", "kind": "Turnpike", "source": "OSM / OSRM car-routing geometry; coach suitability unverified", "cache": "molly-local-exit8-to-8a-pickup-v2-osrm.json", "ref": "I 95; NJTP", "concept": "c3", "variant": "optional_8a"}}, {"type": "Feature", "geometry": {"type": "LineString", "coordinates": [[-74.474334, 40.347395], [-74.474275, 40.347474], [-74.474251, 40.347514], [-74.474231, 40.347558], [-74.474172, 40.347662], [-74.474097, 40.347795], [-74.47399, 40.347928], [-74.473864, 40.348067], [-74.473719, 40.348198], [-74.473569, 40.34831], [-74.473413, 40.348398], [-74.473239, 40.348473], [-74.472907, 40.348588], [-74.472078, 40.348874], [-74.471876, 40.34895], [-74.471716, 40.349025], [-74.471525, 40.349124], [-74.471375, 40.349213], [-74.471254, 40.349316], [-74.471166, 40.34941], [-74.471085, 40.349526], [-74.471026, 40.349651], [-74.470994, 40.349776], [-74.470981, 40.349915], [-74.470989, 40.35006], [-74.471024, 40.350195], [-74.471074, 40.350311], [-74.47115, 40.350424], [-74.471246, 40.350532], [-74.471361, 40.350626], [-74.471522, 40.35074], [-74.471691, 40.350839], [-74.471882, 40.350926], [-74.472064, 40.350994], [-74.472255, 40.351053], [-74.474038, 40.351523], [-74.475422, 40.351891], [-74.475618, 40.351932], [-74.475797, 40.351958], [-74.47604, 40.351989], [-74.476149, 40.35199], [-74.476256, 40.351985], [-74.476581, 40.351944], [-74.476764, 40.351904], [-74.476933, 40.351847], [-74.477088, 40.351771], [-74.477246, 40.351677], [-74.477386, 40.35155], [-74.477472, 40.351425], [-74.477533, 40.351298], [-74.477765, 40.350637], [-74.478161, 40.349508], [-74.478262, 40.349218], [-74.478281, 40.349171], [-74.478297, 40.349121], [-74.478392, 40.348851], [-74.478523, 40.34848], [-74.478574, 40.34832], [-74.478698, 40.347931]]}, "properties": {"name": "Exit 8A", "kind": "Road connector", "source": "OSM / OSRM car-routing geometry; coach suitability unverified", "cache": "molly-local-exit8-to-8a-pickup-v2-osrm.json", "ref": "Exit 8A", "concept": "c3", "variant": "optional_8a"}}, {"type": "Feature", "geometry": {"type": "LineString", "coordinates": [[-74.478698, 40.347931], [-74.478803, 40.347736], [-74.478843, 40.347643], [-74.478889, 40.347543], [-74.478972, 40.347403], [-74.479023, 40.347321], [-74.479088, 40.347231], [-74.479154, 40.34715], [-74.479224, 40.347067], [-74.479312, 40.346979], [-74.47943, 40.346887], [-74.479528, 40.346834], [-74.479592, 40.34681], [-74.47967, 40.346781], [-74.479767, 40.34676], [-74.479837, 40.346754], [-74.47992, 40.346753], [-74.480046, 40.346771], [-74.480148, 40.346798], [-74.480229, 40.346832], [-74.480286, 40.346867], [-74.480357, 40.346912], [-74.480417, 40.346976], [-74.480457, 40.347052], [-74.480478, 40.347101], [-74.480494, 40.347162], [-74.480498, 40.347207], [-74.480494, 40.347267], [-74.48048, 40.347324], [-74.480455, 40.347384], [-74.480277, 40.347653], [-74.479917, 40.348169], [-74.479646, 40.348586], [-74.47941, 40.348938], [-74.479305, 40.349114], [-74.479295, 40.349278], [-74.47935, 40.349424], [-74.479466, 40.349542], [-74.479591, 40.34963], [-74.479827, 40.349691], [-74.479995, 40.349726], [-74.480792, 40.349893]]}, "properties": {"name": "Interchange ramp", "kind": "Road connector", "source": "OSM / OSRM car-routing geometry; coach suitability unverified", "cache": "molly-local-exit8-to-8a-pickup-v2-osrm.json", "ref": "", "concept": "c3", "variant": "optional_8a"}}, {"type": "Feature", "geometry": {"type": "LineString", "coordinates": [[-74.480792, 40.349893], [-74.480919, 40.349739], [-74.481565, 40.347962], [-74.481674, 40.347693], [-74.481794, 40.347378], [-74.481941, 40.34697]]}, "properties": {"name": "Cranbury-South River Road", "kind": "Road connector", "source": "OSM / OSRM car-routing geometry; coach suitability unverified", "cache": "molly-local-exit8-to-8a-pickup-v2-osrm.json", "ref": "CR 535", "concept": "c3", "variant": "optional_8a"}}, {"type": "Feature", "geometry": {"type": "LineString", "coordinates": [[-74.481941, 40.34697], [-74.482213, 40.346706], [-74.482284, 40.346645], [-74.482371, 40.346593], [-74.482466, 40.346548], [-74.482576, 40.346511], [-74.482723, 40.346493], [-74.482874, 40.346484], [-74.483251, 40.346503], [-74.484561, 40.346762], [-74.486218, 40.347122], [-74.486653, 40.347216], [-74.487512, 40.347384], [-74.487941, 40.347469], [-74.48954, 40.347782], [-74.49022, 40.347916], [-74.49038, 40.347945], [-74.4924, 40.348336], [-74.492834, 40.348436], [-74.493266, 40.348553], [-74.493588, 40.34867], [-74.493868, 40.348805], [-74.494177, 40.348981], [-74.494445, 40.349185], [-74.494657, 40.349364], [-74.49485, 40.349555], [-74.494985, 40.349719], [-74.495486, 40.350363], [-74.49573, 40.350669], [-74.495811, 40.350754], [-74.495885, 40.35081], [-74.495982, 40.35086], [-74.496066, 40.350887], [-74.496208, 40.350922], [-74.496593, 40.350986]]}, "properties": {"name": "Forsgate Drive", "kind": "Road connector", "source": "OSM / OSRM car-routing geometry; coach suitability unverified", "cache": "molly-local-exit8-to-8a-pickup-v2-osrm.json", "ref": "NJ 32", "concept": "c3", "variant": "optional_8a"}}, {"type": "Feature", "geometry": {"type": "LineString", "coordinates": [[-74.496593, 40.350986], [-74.496777, 40.351017], [-74.496969, 40.350411], [-74.496998, 40.350318], [-74.49745, 40.348892]]}, "properties": {"name": "US 130", "kind": "Road connector", "source": "OSM / OSRM car-routing geometry; coach suitability unverified", "cache": "molly-local-exit8-to-8a-pickup-v2-osrm.json", "ref": "US 130", "concept": "c3", "variant": "optional_8a"}}, {"type": "Feature", "geometry": {"type": "LineString", "coordinates": [[-74.49745, 40.348892], [-74.497538, 40.348759], [-74.497626, 40.348663], [-74.497739, 40.348572], [-74.49874, 40.347816], [-74.498884, 40.347678]]}, "properties": {"name": "Interchange ramp", "kind": "Road connector", "source": "OSM / OSRM car-routing geometry; coach suitability unverified", "cache": "molly-local-exit8-to-8a-pickup-v2-osrm.json", "ref": "", "concept": "c3", "variant": "optional_8a"}}, {"type": "Feature", "geometry": {"type": "LineString", "coordinates": [[-74.498884, 40.347678], [-74.49914, 40.347935], [-74.499336, 40.348191], [-74.499813, 40.348815]]}, "properties": {"name": "Interchange ramp", "kind": "Road connector", "source": "OSM / OSRM car-routing geometry; coach suitability unverified", "cache": "molly-local-exit8-to-8a-pickup-v2-osrm.json", "ref": "", "concept": "c3", "variant": "optional_8a"}}, {"type": "Feature", "geometry": {"type": "LineString", "coordinates": [[-74.499813, 40.348815], [-74.499527, 40.348935], [-74.499502, 40.348946], [-74.499306, 40.349038], [-74.499177, 40.349045], [-74.49901, 40.348999], [-74.498953, 40.348931], [-74.498883, 40.348834]]}, "properties": {"name": "Interchange ramp", "kind": "Road connector", "source": "OSM / OSRM car-routing geometry; coach suitability unverified", "cache": "molly-local-exit8-to-8a-pickup-v2-osrm.json", "ref": "", "concept": "c3", "variant": "optional_8a"}}, {"type": "Feature", "geometry": {"type": "LineString", "coordinates": [[-74.498883, 40.348834], [-74.498786, 40.348702], [-74.498745, 40.348581], [-74.498749, 40.348493], [-74.498813, 40.348431], [-74.499023, 40.348341], [-74.499081, 40.348316], [-74.499336, 40.348191]]}, "properties": {"name": "Ramp / connecting roadway", "kind": "Road connector", "source": "OpenStreetMap / OSRM driving geometry; bus suitability not certified", "ref": "", "concept": "c3", "variant": "optional_8a"}}, {"type": "Feature", "geometry": {"type": "LineString", "coordinates": [[-74.499336, 40.348191], [-74.49914, 40.347935], [-74.498884, 40.347678], [-74.498764, 40.347595], [-74.498672, 40.34755], [-74.498553, 40.347495], [-74.49834, 40.347428], [-74.497949, 40.347334]]}, "properties": {"name": "Ramp / connecting roadway", "kind": "Road connector", "source": "OpenStreetMap / OSRM driving geometry; bus suitability not certified", "ref": "", "concept": "c3", "variant": "optional_8a"}}, {"type": "Feature", "geometry": {"type": "LineString", "coordinates": [[-74.497949, 40.347334], [-74.497775, 40.347296], [-74.497404, 40.347215], [-74.497253, 40.347195], [-74.497117, 40.347191], [-74.497028, 40.347196], [-74.496926, 40.347212], [-74.49677, 40.347263]]}, "properties": {"name": "Ramp / connecting roadway", "kind": "Road connector", "source": "OpenStreetMap / OSRM driving geometry; bus suitability not certified", "ref": "", "concept": "c3", "variant": "optional_8a"}}, {"type": "Feature", "geometry": {"type": "LineString", "coordinates": [[-74.49677, 40.347263], [-74.496583, 40.347342], [-74.495695, 40.34776], [-74.495311, 40.347929], [-74.495078, 40.348025], [-74.494828, 40.348109], [-74.49458, 40.348174], [-74.494337, 40.348226], [-74.494195, 40.348248], [-74.493895, 40.34828], [-74.493509, 40.348298], [-74.493133, 40.348281], [-74.492826, 40.348247], [-74.492464, 40.348179], [-74.490437, 40.347789], [-74.49027, 40.347754], [-74.486874, 40.347086], [-74.484305, 40.34655], [-74.48339, 40.346359], [-74.483153, 40.34631], [-74.483081, 40.346295], [-74.482542, 40.346177], [-74.482242, 40.346117], [-74.482084, 40.346081], [-74.481547, 40.345938]]}, "properties": {"name": "Forsgate Drive", "kind": "Road connector", "source": "OpenStreetMap / OSRM driving geometry; bus suitability not certified", "ref": "NJ 32", "concept": "c3", "variant": "optional_8a"}}, {"type": "Feature", "geometry": {"type": "LineString", "coordinates": [[-74.481547, 40.345938], [-74.481388, 40.345801], [-74.481326, 40.345765], [-74.481273, 40.34573], [-74.48122, 40.345686], [-74.481172, 40.345636], [-74.481135, 40.34558], [-74.481095, 40.345512], [-74.481032, 40.345365], [-74.480915, 40.345053], [-74.480859, 40.344922], [-74.480831, 40.344871], [-74.480802, 40.344823], [-74.480755, 40.344756], [-74.480712, 40.344709], [-74.480644, 40.344644], [-74.480595, 40.344601], [-74.480551, 40.344567], [-74.480449, 40.344502], [-74.480387, 40.344465], [-74.4803, 40.344428], [-74.480199, 40.344396], [-74.480127, 40.344384], [-74.480046, 40.344381], [-74.479977, 40.344382], [-74.479911, 40.344388], [-74.479832, 40.344408], [-74.479771, 40.344427], [-74.479697, 40.344456], [-74.479643, 40.344485], [-74.479563, 40.344544], [-74.479515, 40.34459], [-74.479469, 40.344637], [-74.479416, 40.344697], [-74.479372, 40.344748], [-74.479333, 40.344805], [-74.479296, 40.344879], [-74.479268, 40.344944], [-74.479243, 40.345016], [-74.479211, 40.345116], [-74.47918, 40.345217], [-74.479067, 40.345696], [-74.478814, 40.347014], [-74.478755, 40.347292], [-74.47874, 40.347348], [-74.478717, 40.34742], [-74.47866, 40.34757], [-74.478484, 40.347956], [-74.478306, 40.348429]]}, "properties": {"name": "Ramp / connecting roadway", "kind": "Road connector", "source": "OpenStreetMap / OSRM driving geometry; bus suitability not certified", "ref": "", "concept": "c3", "variant": "optional_8a"}}, {"type": "Feature", "geometry": {"type": "LineString", "coordinates": [[-74.478306, 40.348429], [-74.478166, 40.348801], [-74.478151, 40.348839], [-74.478072, 40.349075], [-74.478053, 40.349134], [-74.478038, 40.349174], [-74.477945, 40.349453], [-74.477678, 40.350258]]}, "properties": {"name": "Ramp / connecting roadway", "kind": "Road connector", "source": "OpenStreetMap / OSRM driving geometry; bus suitability not certified", "ref": "", "concept": "c3", "variant": "optional_8a"}}, {"type": "Feature", "geometry": {"type": "LineString", "coordinates": [[-74.477678, 40.350258], [-74.477555, 40.350781], [-74.477418, 40.351262], [-74.477345, 40.351417], [-74.477254, 40.351529], [-74.477128, 40.351638], [-74.476978, 40.351732], [-74.476804, 40.351797], [-74.476619, 40.351844], [-74.476434, 40.351877], [-74.476222, 40.351901], [-74.476026, 40.351908], [-74.475833, 40.351897], [-74.47564, 40.351875], [-74.475444, 40.351838], [-74.474057, 40.351474], [-74.472276, 40.351004], [-74.47208, 40.350947], [-74.471895, 40.350873], [-74.471716, 40.350783], [-74.471557, 40.350685], [-74.471418, 40.350587]]}, "properties": {"name": "Ramp / connecting roadway", "kind": "Road connector", "source": "OpenStreetMap / OSRM driving geometry; bus suitability not certified", "ref": "", "concept": "c3", "variant": "optional_8a"}}, {"type": "Feature", "geometry": {"type": "LineString", "coordinates": [[-74.471418, 40.350587], [-74.471324, 40.350487], [-74.471251, 40.350383], [-74.471217, 40.350299], [-74.471184, 40.350211], [-74.471166, 40.350115], [-74.471155, 40.350002], [-74.471163, 40.349902], [-74.471187, 40.349806], [-74.471235, 40.3497], [-74.471286, 40.349618], [-74.471367, 40.349524], [-74.471471, 40.349446], [-74.471587, 40.349389], [-74.471713, 40.349352], [-74.471855, 40.349332], [-74.471984, 40.349328], [-74.472137, 40.349346], [-74.472276, 40.349385], [-74.472397, 40.34944], [-74.472499, 40.349512], [-74.472585, 40.3496], [-74.472649, 40.349694], [-74.472695, 40.349802], [-74.472727, 40.349915], [-74.47274, 40.350025], [-74.472735, 40.350135], [-74.472716, 40.350248], [-74.472684, 40.350364], [-74.472622, 40.350544], [-74.47248, 40.350951], [-74.471321, 40.354311], [-74.471243, 40.354563], [-74.471117, 40.35504]]}, "properties": {"name": "Ramp / connecting roadway", "kind": "Road connector", "source": "OpenStreetMap / OSRM driving geometry; bus suitability not certified", "ref": "", "concept": "c3", "variant": "optional_8a"}}, {"type": "Feature", "geometry": {"type": "LineString", "coordinates": [[-74.471117, 40.35504], [-74.470905, 40.355561], [-74.470653, 40.356141], [-74.470366, 40.356775], [-74.47022, 40.357102], [-74.469773, 40.358087], [-74.469513, 40.35867], [-74.46896, 40.359908], [-74.468574, 40.360808], [-74.468089, 40.361966], [-74.465991, 40.367124], [-74.46556, 40.368183], [-74.464511, 40.370763], [-74.463899, 40.372268], [-74.463479, 40.373294], [-74.463398, 40.373492], [-74.46306, 40.374318], [-74.462931, 40.374642], [-74.461849, 40.377298], [-74.460213, 40.381316], [-74.460102, 40.38159], [-74.459988, 40.381868], [-74.455303, 40.393355], [-74.454811, 40.394562], [-74.454595, 40.39509], [-74.454498, 40.395329], [-74.452948, 40.39912], [-74.452079, 40.401273], [-74.451725, 40.40222], [-74.450923, 40.404399], [-74.450643, 40.405162], [-74.450558, 40.405396], [-74.450019, 40.406853], [-74.449807, 40.407414], [-74.449563, 40.408031], [-74.44927, 40.408748], [-74.448965, 40.409483], [-74.448624, 40.410276], [-74.44838, 40.410831], [-74.448114, 40.411426], [-74.44753, 40.412546], [-74.446325, 40.414854], [-74.446236, 40.415103], [-74.446154, 40.41528], [-74.446076, 40.415463], [-74.4457, 40.416137], [-74.445185, 40.417013], [-74.444432, 40.418257], [-74.443901, 40.419088], [-74.442935, 40.42055], [-74.442302, 40.421462], [-74.441749, 40.422228], [-74.439698, 40.425036], [-74.438748, 40.426343], [-74.437328, 40.428169], [-74.435535, 40.430457], [-74.435092, 40.43102], [-74.434301, 40.43208], [-74.429127, 40.439188], [-74.428724, 40.439756], [-74.428335, 40.440319], [-74.427939, 40.440916], [-74.427568, 40.441508], [-74.42754, 40.441554], [-74.427193, 40.44212], [-74.426212, 40.443769], [-74.426154, 40.443868], [-74.424961, 40.4459], [-74.424153, 40.447276], [-74.422749, 40.449653], [-74.419891, 40.454491], [-74.419744, 40.45474], [-74.419267, 40.45553], [-74.419156, 40.455715], [-74.416466, 40.460293], [-74.415449, 40.462014], [-74.41527, 40.462316], [-74.415147, 40.462495], [-74.414973, 40.462746], [-74.412009, 40.467544], [-74.411479, 40.468403], [-74.410139, 40.470576], [-74.409807, 40.47109], [-74.409496, 40.471564], [-74.409249, 40.471927], [-74.408915, 40.472396], [-74.408735, 40.472619], [-74.408541, 40.472845], [-74.407261, 40.474218], [-74.407189, 40.474323], [-74.406416, 40.47523], [-74.406017, 40.4757], [-74.405639, 40.476183], [-74.405295, 40.476638], [-74.404941, 40.47714], [-74.404622, 40.47763], [-74.403305, 40.479737], [-74.402997, 40.480233], [-74.402624, 40.480833], [-74.402248, 40.48142], [-74.401934, 40.481888], [-74.401548, 40.482406], [-74.401167, 40.482885], [-74.400778, 40.483369], [-74.400384, 40.483836], [-74.399979, 40.484299], [-74.399593, 40.484725], [-74.399169, 40.485178], [-74.398633, 40.485719], [-74.398179, 40.486163], [-74.397736, 40.486583], [-74.397355, 40.486929], [-74.396968, 40.487285], [-74.395077, 40.488979], [-74.392047, 40.491667], [-74.391673, 40.492], [-74.391532, 40.492127], [-74.382875, 40.499857], [-74.377423, 40.504724], [-74.377016, 40.505085], [-74.376562, 40.505489], [-74.371434, 40.510059], [-74.368851, 40.51236], [-74.368288, 40.512843], [-74.367687, 40.513339], [-74.367092, 40.513812], [-74.366502, 40.51426], [-74.366256, 40.514438], [-74.365826, 40.51475], [-74.365212, 40.515176], [-74.364608, 40.515582], [-74.363897, 40.516038], [-74.363232, 40.516446], [-74.362548, 40.516856], [-74.361851, 40.517247], [-74.361105, 40.517653], [-74.360359, 40.51804], [-74.35941, 40.518505], [-74.358948, 40.518721], [-74.358256, 40.519037], [-74.357529, 40.519349], [-74.356714, 40.519691], [-74.356301, 40.519851], [-74.353772, 40.520811], [-74.352948, 40.521119], [-74.351021, 40.521822], [-74.35012, 40.522146], [-74.349184, 40.522476], [-74.347751, 40.52297], [-74.344936, 40.523984], [-74.344818, 40.524031], [-74.344383, 40.524187], [-74.343744, 40.524435], [-74.343109, 40.524694], [-74.342505, 40.524955], [-74.341886, 40.525241], [-74.341234, 40.525561], [-74.340579, 40.525893], [-74.339893, 40.526268], [-74.338536, 40.527083], [-74.336875, 40.528099], [-74.336073, 40.528607], [-74.334877, 40.529396], [-74.333415, 40.530382], [-74.333008, 40.53066], [-74.33059, 40.532297], [-74.330193, 40.532566], [-74.329332, 40.533153], [-74.328755, 40.533526], [-74.328157, 40.533895], [-74.327471, 40.534313], [-74.326765, 40.534716], [-74.326086, 40.535089], [-74.325416, 40.535446], [-74.324686, 40.535817], [-74.323959, 40.536168], [-74.323222, 40.536514], [-74.322481, 40.53684], [-74.321838, 40.537112], [-74.321199, 40.537375], [-74.320569, 40.537619], [-74.319877, 40.537876], [-74.31926, 40.538094], [-74.318718, 40.53828], [-74.318169, 40.538461], [-74.317592, 40.538647], [-74.317002, 40.53883], [-74.315671, 40.539232], [-74.314427, 40.539592], [-74.313807, 40.539762], [-74.313117, 40.539944], [-74.31237, 40.540129], [-74.311713, 40.540286], [-74.310974, 40.540466], [-74.310278, 40.540598], [-74.30962, 40.540715], [-74.308965, 40.540827], [-74.307977, 40.540954], [-74.307468, 40.541015], [-74.306913, 40.541073], [-74.306211, 40.541146], [-74.305162, 40.541231], [-74.304501, 40.541292], [-74.30286, 40.541427], [-74.302122, 40.541495], [-74.301752, 40.541529], [-74.300636, 40.541639], [-74.299647, 40.541753], [-74.297469, 40.54203], [-74.297343, 40.542047], [-74.296984, 40.542103], [-74.29634, 40.542204], [-74.295945, 40.542269], [-74.295497, 40.542346], [-74.295041, 40.542432], [-74.294558, 40.542525], [-74.293955, 40.54265], [-74.293386, 40.542778], [-74.289119, 40.543803], [-74.289102, 40.543808], [-74.286812, 40.544366], [-74.28615, 40.544547], [-74.285509, 40.544753], [-74.284972, 40.544953], [-74.284393, 40.545187], [-74.28383, 40.545448], [-74.28328, 40.545721], [-74.280699, 40.547063], [-74.279927, 40.547466], [-74.278864, 40.548056], [-74.278221, 40.548412], [-74.277481, 40.548836], [-74.276676, 40.549319], [-74.274278, 40.550785], [-74.273868, 40.551035], [-74.273385, 40.551321], [-74.272811, 40.551657], [-74.270649, 40.552902], [-74.270015, 40.553286], [-74.269936, 40.553334], [-74.269382, 40.55372], [-74.26816, 40.554515], [-74.267972, 40.55464], [-74.267644, 40.554867], [-74.267518, 40.554949], [-74.267411, 40.555019], [-74.267255, 40.555124], [-74.266769, 40.555478], [-74.266241, 40.55588], [-74.265616, 40.556373], [-74.265055, 40.556834], [-74.264444, 40.557357], [-74.26387, 40.557871], [-74.263336, 40.558366], [-74.262784, 40.558894], [-74.262258, 40.559432], [-74.261668, 40.560051], [-74.260858, 40.560923], [-74.25919, 40.562779], [-74.258138, 40.563947], [-74.257586, 40.564557], [-74.257032, 40.565159], [-74.255718, 40.566561], [-74.253795, 40.568605], [-74.253499, 40.568917], [-74.252207, 40.57029], [-74.247769, 40.575009], [-74.247117, 40.575718], [-74.246454, 40.576451], [-74.245698, 40.577331], [-74.245001, 40.578177], [-74.244424, 40.578894], [-74.243896, 40.579582], [-74.243169, 40.580568], [-74.242511, 40.581495], [-74.241932, 40.582355], [-74.240032, 40.585262], [-74.237872, 40.588578], [-74.237734, 40.58879], [-74.236862, 40.590113], [-74.23572, 40.591815], [-74.235648, 40.591943], [-74.235251, 40.592574], [-74.234677, 40.593444], [-74.233778, 40.594825], [-74.233088, 40.595868], [-74.232468, 40.596811], [-74.232163, 40.597302], [-74.231893, 40.597719], [-74.23177, 40.597939], [-74.231566, 40.598296], [-74.230839, 40.599562], [-74.230272, 40.600551], [-74.230119, 40.600821], [-74.228426, 40.603666], [-74.2276, 40.605026], [-74.226166, 40.607396], [-74.225919, 40.607804], [-74.224535, 40.610094], [-74.223735, 40.611409], [-74.223627, 40.611587], [-74.223431, 40.611912], [-74.220879, 40.616139], [-74.220811, 40.616251], [-74.216967, 40.622589], [-74.215855, 40.624376], [-74.215719, 40.624626], [-74.215017, 40.625826], [-74.21381, 40.627853], [-74.213395, 40.628495], [-74.213121, 40.628922], [-74.212667, 40.629619], [-74.211726, 40.631062], [-74.211507, 40.631412], [-74.211099, 40.632035], [-74.210576, 40.632883], [-74.208862, 40.63568], [-74.20829, 40.636627], [-74.20771, 40.637703], [-74.206966, 40.639019], [-74.206467, 40.639888], [-74.205896, 40.640855], [-74.205378, 40.641701], [-74.204378, 40.643315], [-74.203355, 40.644927], [-74.202943, 40.645572], [-74.201878, 40.647243], [-74.201642, 40.647583], [-74.201401, 40.647901], [-74.201167, 40.648175], [-74.200862, 40.648499], [-74.20069, 40.648662], [-74.20054, 40.648805], [-74.200369, 40.648964], [-74.200173, 40.649135], [-74.200109, 40.64918], [-74.200012, 40.649241], [-74.199046, 40.649916], [-74.198683, 40.650133], [-74.19832, 40.650334], [-74.196865, 40.651128], [-74.196427, 40.651367], [-74.196052, 40.651571], [-74.195579, 40.651829], [-74.195231, 40.652019], [-74.194827, 40.65224], [-74.194467, 40.652436], [-74.194068, 40.652654], [-74.1937, 40.652854], [-74.193315, 40.653065], [-74.192935, 40.653272], [-74.192557, 40.653478], [-74.192165, 40.653692], [-74.191803, 40.653889], [-74.191318, 40.654154], [-74.19101, 40.654322], [-74.190565, 40.654584], [-74.190168, 40.654835], [-74.189825, 40.655076], [-74.189506, 40.655311], [-74.189162, 40.655579], [-74.188843, 40.655848], [-74.188721, 40.655958], [-74.188537, 40.656126], [-74.188218, 40.656436], [-74.187955, 40.656704], [-74.187797, 40.656878], [-74.187625, 40.657071], [-74.187464, 40.657256], [-74.187311, 40.657441], [-74.187142, 40.657657], [-74.186973, 40.657884], [-74.186614, 40.658391], [-74.185874, 40.659456], [-74.185187, 40.660428], [-74.18485, 40.660878], [-74.184674, 40.661121], [-74.184343, 40.661581], [-74.184295, 40.661652], [-74.184253, 40.661718], [-74.184195, 40.661812], [-74.184015, 40.662054], [-74.183836, 40.662292], [-74.183651, 40.662538], [-74.183483, 40.662758], [-74.183296, 40.663001], [-74.183109, 40.663238], [-74.182917, 40.663481], [-74.182728, 40.663718], [-74.182532, 40.663959], [-74.182341, 40.66419], [-74.182142, 40.664427], [-74.181945, 40.664661], [-74.181754, 40.664882], [-74.181556, 40.665112], [-74.181353, 40.665346], [-74.181148, 40.665577], [-74.180943, 40.665806], [-74.180759, 40.666008], [-74.180547, 40.66624], [-74.180334, 40.666468], [-74.180118, 40.6667], [-74.17991, 40.666924], [-74.179697, 40.667151], [-74.179484, 40.667379], [-74.179273, 40.667602], [-74.179057, 40.667831], [-74.178849, 40.668053], [-74.178801, 40.668105], [-74.178632, 40.668284], [-74.177251, 40.669753], [-74.175011, 40.67214], [-74.1748, 40.672364], [-74.174586, 40.672592], [-74.174374, 40.67282], [-74.174163, 40.67305], [-74.173956, 40.67328], [-74.173747, 40.673514], [-74.173547, 40.673743], [-74.173346, 40.673977], [-74.173148, 40.674211], [-74.172951, 40.674447], [-74.172756, 40.674682], [-74.172629, 40.674838], [-74.172563, 40.67492], [-74.172372, 40.675158], [-74.172183, 40.675399], [-74.171996, 40.675638], [-74.17181, 40.675879], [-74.171629, 40.67612], [-74.171447, 40.676365], [-74.171271, 40.676605], [-74.171099, 40.676846], [-74.170498, 40.677678], [-74.170058, 40.678301], [-74.168642, 40.680353], [-74.168016, 40.681289], [-74.16699, 40.682769], [-74.166114, 40.68391], [-74.163719, 40.687495], [-74.163575, 40.687703], [-74.162393, 40.689405], [-74.162189, 40.6897], [-74.161959, 40.69003], [-74.161793, 40.690269], [-74.161622, 40.690513], [-74.161447, 40.690759], [-74.161275, 40.690999], [-74.161102, 40.691242], [-74.160925, 40.691486], [-74.160749, 40.691726], [-74.160573, 40.691968], [-74.160397, 40.692207], [-74.160224, 40.692442], [-74.160045, 40.692687], [-74.15987, 40.692926], [-74.15969, 40.693172], [-74.159516, 40.693411], [-74.159341, 40.693653], [-74.157865, 40.695674], [-74.157441, 40.696277], [-74.156689, 40.697286], [-74.156246, 40.697887], [-74.155548, 40.698902], [-74.155329, 40.699236], [-74.155096, 40.6996], [-74.154861, 40.699981], [-74.15464, 40.700341], [-74.15442, 40.700716], [-74.154289, 40.700944], [-74.153407, 40.702584], [-74.152903, 40.703548], [-74.152651, 40.704013], [-74.152605, 40.704099], [-74.1522, 40.704811], [-74.151441, 40.706071], [-74.150778, 40.707179], [-74.150533, 40.707572], [-74.150305, 40.707911], [-74.150067, 40.708234], [-74.149819, 40.708538], [-74.149641, 40.708738], [-74.149402, 40.708989], [-74.149173, 40.709212], [-74.148956, 40.709407], [-74.148713, 40.709609], [-74.148468, 40.709803], [-74.148208, 40.709998], [-74.147941, 40.710187], [-74.147677, 40.710363], [-74.147402, 40.710537], [-74.147103, 40.710712], [-74.146821, 40.71087], [-74.14652, 40.71103], [-74.146223, 40.711179], [-74.145913, 40.711322], [-74.145593, 40.711461], [-74.145276, 40.711592], [-74.144958, 40.711715], [-74.144532, 40.711878], [-74.142791, 40.712538], [-74.141396, 40.713079], [-74.140721, 40.71335], [-74.140561, 40.713416], [-74.140407, 40.713484], [-74.140243, 40.713558], [-74.140096, 40.713627], [-74.139954, 40.713695], [-74.139805, 40.713767], [-74.139661, 40.71384], [-74.139517, 40.713914], [-74.139369, 40.71399], [-74.139219, 40.71407], [-74.139074, 40.714147], [-74.138631, 40.714397]]}, "properties": {"name": "New Jersey Turnpike", "kind": "Turnpike", "source": "OpenStreetMap / OSRM driving geometry; bus suitability not certified", "ref": "I 95; NJTP", "concept": "c3", "variant": "optional_8a"}}, {"type": "Feature", "geometry": {"type": "LineString", "coordinates": [[-74.138631, 40.714397], [-74.13821, 40.714598], [-74.138062, 40.714683], [-74.137937, 40.714757], [-74.137926, 40.714763], [-74.137792, 40.714845], [-74.137657, 40.71493], [-74.13756, 40.714993], [-74.13744, 40.71507], [-74.137295, 40.715164], [-74.137172, 40.715247], [-74.137108, 40.715291], [-74.137019, 40.715353], [-74.136899, 40.715439], [-74.136768, 40.715533], [-74.136645, 40.715623], [-74.136521, 40.715718], [-74.136397, 40.715814], [-74.136277, 40.715913], [-74.136156, 40.716016], [-74.136045, 40.716115], [-74.135931, 40.716222], [-74.13582, 40.716332], [-74.135715, 40.716441], [-74.135617, 40.716543], [-74.135517, 40.716653], [-74.13542, 40.716767], [-74.135328, 40.71688], [-74.135235, 40.716999], [-74.135148, 40.717113], [-74.135063, 40.717232], [-74.134983, 40.717354], [-74.134907, 40.717476], [-74.134835, 40.717602], [-74.134766, 40.717731], [-74.134703, 40.717856], [-74.134642, 40.717988], [-74.134583, 40.718117], [-74.134529, 40.718246], [-74.134476, 40.718381], [-74.13443, 40.718509], [-74.134387, 40.718642], [-74.134345, 40.71878], [-74.134308, 40.718914], [-74.134275, 40.719046], [-74.134244, 40.719174], [-74.134211, 40.719314], [-74.134181, 40.719449], [-74.134054, 40.719987], [-74.134023, 40.720121], [-74.13399, 40.720249], [-74.133956, 40.720383], [-74.133923, 40.720509], [-74.13387, 40.720712], [-74.133812, 40.720916], [-74.133772, 40.721049], [-74.133732, 40.721182], [-74.133691, 40.72132], [-74.133649, 40.72145], [-74.133603, 40.721584], [-74.133559, 40.721713], [-74.133513, 40.721844], [-74.133464, 40.721978], [-74.133418, 40.722105], [-74.13337, 40.722238], [-74.133324, 40.722368], [-74.133275, 40.722499], [-74.133226, 40.722631], [-74.133176, 40.722765], [-74.133126, 40.722901], [-74.133031, 40.723314], [-74.132979, 40.72344], [-74.132923, 40.72357], [-74.132865, 40.7237], [-74.132807, 40.723828], [-74.132744, 40.723957], [-74.132677, 40.72409], [-74.132614, 40.724212], [-74.132546, 40.724339], [-74.132474, 40.724464], [-74.132402, 40.724587], [-74.132325, 40.72471], [-74.132247, 40.724835], [-74.132175, 40.724946], [-74.13198, 40.725221], [-74.131841, 40.72541], [-74.131681, 40.725612], [-74.131531, 40.725795], [-74.131375, 40.725979], [-74.131166, 40.726212], [-74.131005, 40.726381], [-74.130853, 40.726532], [-74.130681, 40.7267], [-74.130514, 40.726851], [-74.130362, 40.726981], [-74.129959, 40.727307], [-74.129468, 40.727694], [-74.128875, 40.72815], [-74.128147, 40.728704], [-74.12756, 40.729149], [-74.126532, 40.729974], [-74.126344, 40.730134], [-74.126158, 40.730288], [-74.12598, 40.730448], [-74.125809, 40.730608], [-74.125652, 40.730763], [-74.125483, 40.730941], [-74.125334, 40.731106], [-74.125181, 40.731282], [-74.125045, 40.731449], [-74.124912, 40.731626], [-74.124785, 40.731804], [-74.124658, 40.731991], [-74.124587, 40.7321], [-74.124541, 40.732172], [-74.124429, 40.732364], [-74.124328, 40.732544], [-74.124225, 40.732738], [-74.12413, 40.73293], [-74.124042, 40.733127], [-74.123962, 40.733317], [-74.123885, 40.733512], [-74.123823, 40.733685], [-74.123765, 40.733864], [-74.123721, 40.734017], [-74.123679, 40.734174], [-74.123642, 40.734323], [-74.123611, 40.734465], [-74.123582, 40.734619], [-74.123553, 40.734786], [-74.123527, 40.734971], [-74.123508, 40.735158], [-74.123495, 40.735319], [-74.123483, 40.735479], [-74.123472, 40.735665], [-74.123464, 40.735815], [-74.123351, 40.738381], [-74.123341, 40.738562], [-74.123332, 40.738694], [-74.123321, 40.73884], [-74.123305, 40.739011], [-74.123282, 40.739187], [-74.123257, 40.739363], [-74.123224, 40.739538], [-74.123193, 40.739684], [-74.123158, 40.73984], [-74.123115, 40.740006], [-74.123064, 40.740183], [-74.123014, 40.740347], [-74.122957, 40.740527], [-74.122895, 40.740716], [-74.122834, 40.740893], [-74.121915, 40.743637], [-74.121859, 40.743795], [-74.121809, 40.74393], [-74.121755, 40.744068], [-74.121683, 40.744248], [-74.121606, 40.74443], [-74.121536, 40.744594], [-74.121464, 40.744748], [-74.121375, 40.74493], [-74.121294, 40.745091], [-74.121213, 40.74525], [-74.121107, 40.745445], [-74.121031, 40.745581], [-74.120958, 40.745705], [-74.120885, 40.745828], [-74.120806, 40.745959], [-74.12072, 40.746099], [-74.120634, 40.746235], [-74.120522, 40.7464], [-74.120411, 40.746563], [-74.120304, 40.746714], [-74.12018, 40.746884], [-74.120054, 40.747048], [-74.119933, 40.747206], [-74.119799, 40.747368], [-74.119666, 40.747529], [-74.119539, 40.747682], [-74.119395, 40.747844], [-74.11926, 40.747991], [-74.119121, 40.748141], [-74.11898, 40.748288], [-74.11883, 40.74844], [-74.11868, 40.748586], [-74.118526, 40.748735], [-74.118371, 40.748878], [-74.118223, 40.749014], [-74.118052, 40.749166], [-74.117894, 40.7493], [-74.117751, 40.749419], [-74.117585, 40.749553], [-74.117428, 40.749678], [-74.117255, 40.749813], [-74.1171, 40.749929], [-74.116945, 40.750043], [-74.116794, 40.750148], [-74.116629, 40.750266], [-74.116455, 40.750385], [-74.116285, 40.750497], [-74.116133, 40.750596], [-74.115963, 40.750703], [-74.115832, 40.750784], [-74.115718, 40.750852], [-74.115604, 40.75092], [-74.115449, 40.75101], [-74.115292, 40.751102], [-74.115137, 40.751189], [-74.114818, 40.751361], [-74.114494, 40.751534], [-74.114178, 40.751697], [-74.113857, 40.751864], [-74.113534, 40.75203], [-74.113211, 40.752195], [-74.112885, 40.752359], [-74.11256, 40.752519], [-74.112233, 40.752681], [-74.111921, 40.752835], [-74.11163, 40.752975], [-74.111444, 40.753066], [-74.111001, 40.753278], [-74.110683, 40.753425], [-74.110409, 40.753553], [-74.109964, 40.753756], [-74.109592, 40.753926], [-74.109521, 40.753958], [-74.109202, 40.754101], [-74.108838, 40.754263], [-74.108506, 40.754408], [-74.10814, 40.754568], [-74.1078, 40.754715], [-74.107466, 40.754857], [-74.107127, 40.754999], [-74.106953, 40.755072], [-74.10679, 40.755141], [-74.106611, 40.755215], [-74.106445, 40.755283], [-74.106272, 40.755354], [-74.106105, 40.755421], [-74.105927, 40.755492], [-74.105757, 40.755559], [-74.105664, 40.755595], [-74.105618, 40.755612], [-74.105479, 40.755663], [-74.105329, 40.755717], [-74.105155, 40.755778], [-74.104984, 40.755837], [-74.104818, 40.755892], [-74.104633, 40.755952], [-74.104465, 40.756005], [-74.104304, 40.756054], [-74.10414, 40.756102], [-74.103968, 40.756151], [-74.103793, 40.7562], [-74.10361, 40.756249], [-74.103442, 40.756292], [-74.103261, 40.756339], [-74.103086, 40.756381], [-74.10292, 40.756421], [-74.102747, 40.75646], [-74.102569, 40.756498], [-74.102402, 40.756533], [-74.102229, 40.756568], [-74.102055, 40.756602], [-74.101881, 40.756634], [-74.101698, 40.756666], [-74.101514, 40.756697], [-74.10134, 40.756725], [-74.101167, 40.756751], [-74.100985, 40.756777], [-74.100809, 40.756802], [-74.100651, 40.756822], [-74.100478, 40.756843], [-74.100291, 40.756865], [-74.100111, 40.756884], [-74.099931, 40.756902], [-74.099739, 40.756919], [-74.099559, 40.756934], [-74.099388, 40.756947], [-74.099203, 40.756959], [-74.099027, 40.75697], [-74.098842, 40.75698], [-74.098667, 40.756987], [-74.098477, 40.756994], [-74.098304, 40.756998], [-74.098118, 40.757002], [-74.097932, 40.757006], [-74.09774, 40.757008], [-74.090532, 40.757109], [-74.090336, 40.757112], [-74.090155, 40.757116], [-74.089956, 40.757123], [-74.089786, 40.757131], [-74.089595, 40.757141], [-74.089434, 40.75715], [-74.089262, 40.757163], [-74.08908, 40.757178], [-74.088906, 40.757192], [-74.088725, 40.75721], [-74.088543, 40.757231], [-74.08836, 40.757253], [-74.088183, 40.757276], [-74.088007, 40.757301], [-74.087819, 40.75733], [-74.087655, 40.757356], [-74.087485, 40.757384], [-74.087293, 40.757418], [-74.087122, 40.75745], [-74.086948, 40.757485], [-74.086771, 40.757521], [-74.0866, 40.757559], [-74.086436, 40.757596], [-74.086258, 40.757639], [-74.08609, 40.757681], [-74.08591, 40.757728], [-74.085781, 40.757764], [-74.085558, 40.757828], [-74.085393, 40.757876], [-74.085225, 40.757928], [-74.085056, 40.757982], [-74.084881, 40.758039], [-74.084718, 40.758094], [-74.084553, 40.758152], [-74.08439, 40.758212], [-74.084227, 40.758273], [-74.084066, 40.758334], [-74.083906, 40.758398], [-74.083744, 40.758464], [-74.08359, 40.758531], [-74.083436, 40.758598], [-74.083276, 40.758669], [-74.083119, 40.758742], [-74.082968, 40.758814], [-74.082512, 40.75903], [-74.08235, 40.759107], [-74.082198, 40.75918], [-74.082054, 40.759248], [-74.08189, 40.759326], [-74.081741, 40.759397], [-74.081591, 40.759471], [-74.081438, 40.759544], [-74.081288, 40.759617]]}, "properties": {"name": "New Jersey Turnpike Eastern Spur", "kind": "Turnpike", "source": "OpenStreetMap / OSRM driving geometry; bus suitability not certified", "ref": "I 95; NJTP", "concept": "c3", "variant": "optional_8a"}}, {"type": "Feature", "geometry": {"type": "LineString", "coordinates": [[-74.081288, 40.759617], [-74.080764, 40.759787], [-74.080374, 40.759975], [-74.080295, 40.760008], [-74.080222, 40.760037], [-74.080153, 40.760062], [-74.080059, 40.760095], [-74.079952, 40.760126], [-74.07985, 40.760153], [-74.079748, 40.760179], [-74.079407, 40.760266], [-74.079231, 40.760312], [-74.079047, 40.760364], [-74.078893, 40.76041], [-74.078758, 40.760454], [-74.078649, 40.760496], [-74.078531, 40.760544], [-74.078419, 40.760594], [-74.078284, 40.760662], [-74.078154, 40.760732], [-74.078028, 40.760804], [-74.077722, 40.760965], [-74.077646, 40.761001], [-74.077567, 40.761033], [-74.077487, 40.761062], [-74.077395, 40.76109], [-74.077304, 40.761113], [-74.077223, 40.761125], [-74.077143, 40.761134], [-74.077068, 40.761134], [-74.076986, 40.761131], [-74.076907, 40.761121], [-74.076833, 40.761105], [-74.076762, 40.761085], [-74.076702, 40.761061], [-74.076643, 40.761031], [-74.076587, 40.760992], [-74.076529, 40.760948], [-74.076458, 40.760895], [-74.076395, 40.760841], [-74.07634, 40.760788], [-74.076293, 40.760741], [-74.076228, 40.760671], [-74.076169, 40.760599], [-74.076096, 40.760512], [-74.075573, 40.759871], [-74.075385, 40.759655], [-74.075272, 40.75949], [-74.075097, 40.759232], [-74.074986, 40.759064], [-74.074877, 40.758881], [-74.074676, 40.758535], [-74.074479, 40.758175], [-74.074399, 40.758022], [-74.074314, 40.757851], [-74.074245, 40.757702], [-74.074183, 40.757571], [-74.074161, 40.75752], [-74.07413, 40.757458], [-74.074085, 40.757359], [-74.07405, 40.757284], [-74.074032, 40.757249], [-74.074011, 40.757209], [-74.073991, 40.75717], [-74.07397, 40.757133], [-74.073846, 40.756916], [-74.073818, 40.756867], [-74.073789, 40.756817], [-74.073641, 40.756558], [-74.073521, 40.756351], [-74.073442, 40.756225], [-74.073332, 40.756055], [-74.073238, 40.755909], [-74.073156, 40.755774], [-74.073076, 40.755638], [-74.072984, 40.755469], [-74.072322, 40.754272], [-74.070859, 40.751632], [-74.070793, 40.751514], [-74.070757, 40.751451], [-74.070718, 40.751386], [-74.070677, 40.751323], [-74.070634, 40.751263], [-74.070589, 40.751203], [-74.070543, 40.751145], [-74.070496, 40.751089], [-74.070449, 40.751033], [-74.070395, 40.750975], [-74.070342, 40.750919], [-74.070288, 40.750866], [-74.070229, 40.750812], [-74.070166, 40.750756], [-74.070098, 40.750699], [-74.070047, 40.750659], [-74.069991, 40.750617], [-74.069924, 40.750568], [-74.069854, 40.75052], [-74.069785, 40.750474], [-74.069716, 40.750432], [-74.069645, 40.750392], [-74.069573, 40.750354], [-74.069496, 40.750319], [-74.069413, 40.750284], [-74.069331, 40.750253], [-74.069251, 40.750228], [-74.069166, 40.750205], [-74.069079, 40.750188], [-74.068987, 40.750175], [-74.068895, 40.750168], [-74.068807, 40.750169], [-74.068719, 40.750176], [-74.068633, 40.750189], [-74.068552, 40.750207], [-74.068472, 40.75023], [-74.068396, 40.750257], [-74.068312, 40.750296], [-74.068235, 40.750341], [-74.068168, 40.750387], [-74.068108, 40.750438], [-74.068054, 40.750493], [-74.068004, 40.750559], [-74.067966, 40.750618], [-74.067936, 40.750681], [-74.067913, 40.750743], [-74.067896, 40.750809], [-74.067888, 40.750878], [-74.06789, 40.750948], [-74.0679, 40.75102], [-74.067921, 40.751095], [-74.067944, 40.751154], [-74.067974, 40.751215], [-74.068009, 40.751276], [-74.068051, 40.751337], [-74.068094, 40.751395], [-74.068143, 40.751454], [-74.068193, 40.751506], [-74.068251, 40.751563], [-74.068303, 40.75161], [-74.0692, 40.752383], [-74.069257, 40.752434], [-74.069312, 40.752485], [-74.069368, 40.752541], [-74.069421, 40.752597], [-74.069471, 40.752651], [-74.069518, 40.752707], [-74.069569, 40.752769], [-74.069614, 40.752828], [-74.069657, 40.752889], [-74.069697, 40.752946], [-74.069766, 40.753055], [-74.069777, 40.753074], [-74.069812, 40.753138], [-74.069848, 40.753206], [-74.069878, 40.753267], [-74.069905, 40.753328], [-74.06993, 40.753395], [-74.069953, 40.753458], [-74.069975, 40.753525], [-74.069996, 40.753591], [-74.070039, 40.753727], [-74.071877, 40.759739], [-74.072072, 40.760416], [-74.072148, 40.76069], [-74.072379, 40.761525], [-74.072434, 40.761716], [-74.07262, 40.762344]]}, "properties": {"name": "Ramp / connecting roadway", "kind": "Road connector", "source": "OpenStreetMap / OSRM driving geometry; bus suitability not certified", "ref": "", "concept": "c3", "variant": "optional_8a"}}, {"type": "Feature", "geometry": {"type": "LineString", "coordinates": [[-74.07262, 40.762344], [-74.072602, 40.762336]]}, "properties": {"name": "GTFS shape join (under 35 m)", "kind": "Shape join", "source": "Short geometry alignment join; operational review required", "concept": "c3", "variant": "optional_8a"}}, {"type": "Feature", "geometry": {"type": "LineString", "coordinates": [[-74.072602, 40.762336], [-74.072783, 40.762286], [-74.073164, 40.762166], [-74.073892, 40.761856]]}, "properties": {"name": "Secaucus Junction approach (NJ TRANSIT 124)", "kind": "GTFS", "feed": "njt", "routes": ["124"], "shape_id": "375", "start_vertex": 465, "end_vertex": 468, "concept": "c3", "variant": "optional_8a"}}, {"type": "Feature", "geometry": {"type": "LineString", "coordinates": [[-74.4893161, 40.3212089], [-74.4901707, 40.3208776]]}, "properties": {"name": "Proposed pickup to rear gate (assumed access)", "kind": "Assumed access", "source": "OSM ways 88982888, 614254063 (private), 42676561; gated access opening assumed by user; not approved/public access", "concept": "c3", "variant": "optional_both"}}, {"type": "Feature", "geometry": {"type": "LineString", "coordinates": [[-74.4901707, 40.3208776], [-74.4902766, 40.3208354], [-74.4903708, 40.3207861], [-74.4904574, 40.3207162], [-74.490496, 40.3206665], [-74.4905155, 40.3206413], [-74.4905499, 40.3205525], [-74.4905687, 40.3204543], [-74.4906244, 40.3197321], [-74.4906299, 40.3195479], [-74.4906242, 40.3193424], [-74.4906255, 40.3192639], [-74.4906112, 40.3190158], [-74.4905919, 40.3189319], [-74.4905504, 40.3188408], [-74.4904728, 40.3187424], [-74.4902838, 40.3185035]]}, "properties": {"name": "Private rear service road: assumed gate opening", "kind": "Assumed access", "source": "OSM ways 88982888, 614254063 (private), 42676561; gated access opening assumed by user; not approved/public access", "concept": "c3", "variant": "optional_both"}}, {"type": "Feature", "geometry": {"type": "LineString", "coordinates": [[-74.4902838, 40.3185035], [-74.4903509, 40.3184593], [-74.4904035, 40.3184149], [-74.490451, 40.3183658], [-74.4904869, 40.318314], [-74.4905189, 40.3182317], [-74.490529, 40.3181528], [-74.4905444, 40.3178169], [-74.4905452, 40.3177987], [-74.4905591, 40.3175756], [-74.4905721, 40.3173422], [-74.4905982, 40.3164971], [-74.4906035, 40.3164404], [-74.4906136, 40.316333], [-74.4906307, 40.3162586], [-74.4906387, 40.3162236], [-74.4907027, 40.3160906], [-74.4907614, 40.3159692], [-74.4907918, 40.3158951], [-74.4908129, 40.3158423], [-74.4908274, 40.3157894], [-74.4908417, 40.3156963], [-74.4908484, 40.3154961], [-74.4908435, 40.3151722]]}, "properties": {"name": "Service road to Half Acre Road: assumed gate/security changes", "kind": "Assumed access", "source": "OSM ways 88982888, 614254063 (private), 42676561; gated access opening assumed by user; not approved/public access", "concept": "c3", "variant": "optional_both"}}, {"type": "Feature", "geometry": {"type": "LineString", "coordinates": [[-74.4908435, 40.3151722], [-74.490844, 40.315172]]}, "properties": {"name": "Short source alignment join", "kind": "Shape join", "source": "Geometry alignment under 35 m", "concept": "c3", "variant": "optional_both"}}, {"type": "Feature", "geometry": {"type": "LineString", "coordinates": [[-74.490844, 40.315172], [-74.491391, 40.315131], [-74.492187, 40.315085], [-74.492864, 40.315076], [-74.49375, 40.315106], [-74.494799, 40.315163], [-74.496154, 40.315237], [-74.497698, 40.315321], [-74.498839, 40.315379], [-74.500982, 40.3155], [-74.50149, 40.315531], [-74.501625, 40.31554], [-74.501662, 40.315541], [-74.502693, 40.315582], [-74.503253, 40.315605], [-74.503432, 40.315614], [-74.504085, 40.315651], [-74.504757, 40.315695], [-74.505515, 40.315745], [-74.506444, 40.315805], [-74.507445, 40.315869], [-74.507519, 40.315874], [-74.508672, 40.315948]]}, "properties": {"name": "Half Acre Road", "kind": "Road connector", "source": "OSM / OSRM car-routing geometry; coach suitability unverified", "cache": "molly-local-exit8-to-8a-pickup-v2-osrm.json", "ref": "", "concept": "c3", "variant": "optional_both"}}, {"type": "Feature", "geometry": {"type": "LineString", "coordinates": [[-74.508672, 40.315948], [-74.508887, 40.315958], [-74.508948, 40.315635], [-74.508994, 40.315392], [-74.50907, 40.314985], [-74.509159, 40.314511], [-74.509262, 40.313961], [-74.509354, 40.313472], [-74.509447, 40.312958], [-74.509468, 40.312844], [-74.509497, 40.312692], [-74.509882, 40.310664], [-74.509931, 40.310417], [-74.510532, 40.307169], [-74.510615, 40.306883], [-74.510751, 40.306138], [-74.510788, 40.305952], [-74.510953, 40.305133], [-74.511112, 40.304436], [-74.511478, 40.303284], [-74.511854, 40.30238], [-74.512303, 40.301503], [-74.512342, 40.301437]]}, "properties": {"name": "US 130", "kind": "Road connector", "source": "OSM / OSRM car-routing geometry; coach suitability unverified", "cache": "molly-local-exit8-to-8a-pickup-v2-osrm.json", "ref": "US 130", "concept": "c3", "variant": "optional_both"}}, {"type": "Feature", "geometry": {"type": "LineString", "coordinates": [[-74.512342, 40.301437], [-74.5124, 40.301336], [-74.512708, 40.300806], [-74.512764, 40.30071], [-74.512808, 40.300646], [-74.513624, 40.299458], [-74.514241, 40.298722], [-74.516833, 40.295945], [-74.518727, 40.293916], [-74.519145, 40.293467], [-74.519228, 40.293382], [-74.5196, 40.292996], [-74.520112, 40.292572], [-74.520323, 40.292401], [-74.520498, 40.292238], [-74.520556, 40.292181], [-74.520703, 40.292042], [-74.520857, 40.291873], [-74.521027, 40.291634], [-74.521332, 40.291161], [-74.521572, 40.290825], [-74.521757, 40.290597], [-74.521981, 40.290349], [-74.5221, 40.290223], [-74.523712, 40.288537], [-74.523724, 40.288525], [-74.524727, 40.287485], [-74.524849, 40.287354], [-74.525212, 40.286963], [-74.525304, 40.286864], [-74.525619, 40.286527], [-74.526021, 40.286096], [-74.526997, 40.285045], [-74.529217, 40.282655], [-74.529933, 40.281882]]}, "properties": {"name": "US 130", "kind": "Road connector", "source": "OSM / OSRM car-routing geometry; coach suitability unverified", "cache": "molly-local-exit8-to-8a-pickup-v2-osrm.json", "ref": "US 130", "concept": "c3", "variant": "optional_both"}}, {"type": "Feature", "geometry": {"type": "LineString", "coordinates": [[-74.529933, 40.281882], [-74.530243, 40.281634], [-74.530428, 40.281498], [-74.530565, 40.281416], [-74.530697, 40.281354], [-74.530807, 40.281313], [-74.531025, 40.28125], [-74.531165, 40.28123], [-74.531293, 40.281228], [-74.531419, 40.281241], [-74.531549, 40.281271], [-74.531672, 40.281315], [-74.531798, 40.281379], [-74.531899, 40.281448], [-74.531995, 40.281538], [-74.532056, 40.281615], [-74.532086, 40.281696], [-74.532098, 40.28178], [-74.532093, 40.281864], [-74.532068, 40.281956], [-74.532016, 40.282051], [-74.531947, 40.282132], [-74.53185, 40.282213], [-74.53175, 40.282274], [-74.531641, 40.282325], [-74.531507, 40.282367], [-74.531302, 40.282411], [-74.531093, 40.282439], [-74.530919, 40.282454], [-74.530761, 40.282456], [-74.530458, 40.282452], [-74.529906, 40.282439]]}, "properties": {"name": "Interchange ramp", "kind": "Road connector", "source": "OSM / OSRM car-routing geometry; coach suitability unverified", "cache": "molly-local-exit8-to-8a-pickup-v2-osrm.json", "ref": "", "concept": "c3", "variant": "optional_both"}}, {"type": "Feature", "geometry": {"type": "LineString", "coordinates": [[-74.529906, 40.282439], [-74.529762, 40.282429], [-74.528923, 40.282362], [-74.528817, 40.282354], [-74.525088, 40.282061], [-74.524068, 40.281979], [-74.521467, 40.281771], [-74.521098, 40.281742], [-74.520652, 40.281706], [-74.520113, 40.281645], [-74.519824, 40.2816], [-74.519395, 40.281518], [-74.518973, 40.281419], [-74.518695, 40.281344], [-74.518322, 40.281229], [-74.518041, 40.281132], [-74.517765, 40.281028], [-74.517494, 40.280917], [-74.517096, 40.280736], [-74.516712, 40.28054], [-74.516342, 40.280328], [-74.515986, 40.280102], [-74.515647, 40.279862], [-74.515481, 40.279735], [-74.515226, 40.279524], [-74.514031, 40.27854], [-74.513938, 40.278464], [-74.513644, 40.278221], [-74.513567, 40.278159], [-74.512836, 40.277572], [-74.512512, 40.277338], [-74.512241, 40.277153], [-74.511818, 40.276891], [-74.511526, 40.276726], [-74.511079, 40.276494], [-74.510739, 40.27634], [-74.51033, 40.276156], [-74.510108, 40.27606], [-74.509706, 40.275905], [-74.509298, 40.275761], [-74.508883, 40.275627], [-74.507498, 40.275209], [-74.506144, 40.274782], [-74.503679, 40.274013], [-74.50266, 40.273696], [-74.502524, 40.273652], [-74.5024, 40.273611], [-74.502281, 40.27357], [-74.502149, 40.273521], [-74.502012, 40.273466], [-74.501892, 40.273414], [-74.501769, 40.273355], [-74.501648, 40.273293], [-74.501534, 40.27323], [-74.501419, 40.273164], [-74.50131, 40.273096], [-74.501181, 40.27301], [-74.50105, 40.272918], [-74.500952, 40.27284], [-74.500856, 40.27276], [-74.500761, 40.272677], [-74.500673, 40.272595], [-74.500585, 40.272508], [-74.500505, 40.272419], [-74.500423, 40.272327], [-74.50035, 40.272236], [-74.50028, 40.272142], [-74.50021, 40.272047], [-74.500143, 40.271949]]}, "properties": {"name": "Hightstown Bypass", "kind": "Road connector", "source": "OSM / OSRM car-routing geometry; coach suitability unverified", "cache": "molly-local-exit8-to-8a-pickup-v2-osrm.json", "ref": "NJ 133", "concept": "c3", "variant": "optional_both"}}, {"type": "Feature", "geometry": {"type": "LineString", "coordinates": [[-74.500143, 40.271949], [-74.500088, 40.271852], [-74.500033, 40.271754], [-74.499966, 40.27162], [-74.499912, 40.271504], [-74.499863, 40.271387], [-74.499825, 40.271273], [-74.499788, 40.271153], [-74.499755, 40.271037], [-74.499724, 40.270903], [-74.4997, 40.270758], [-74.499679, 40.27061], [-74.499662, 40.270471], [-74.499652, 40.270335], [-74.499646, 40.270199], [-74.499645, 40.270058], [-74.49965, 40.269924], [-74.49966, 40.26979], [-74.499675, 40.269643], [-74.499694, 40.269517], [-74.499719, 40.269379], [-74.49975, 40.269245], [-74.499785, 40.269106], [-74.49983, 40.268953], [-74.49987, 40.268828], [-74.499924, 40.268691], [-74.499987, 40.268546], [-74.500037, 40.268434], [-74.500097, 40.268315], [-74.500153, 40.268211], [-74.500234, 40.268073], [-74.500312, 40.26795], [-74.500403, 40.267814], [-74.50049, 40.267691], [-74.500598, 40.267552], [-74.500701, 40.267428], [-74.500824, 40.267289], [-74.500959, 40.26715], [-74.5011, 40.267015], [-74.501249, 40.26688], [-74.501393, 40.26676], [-74.501535, 40.266652], [-74.50168, 40.266544], [-74.501823, 40.266442], [-74.502025, 40.266314], [-74.502237, 40.266189], [-74.502912, 40.265831], [-74.504341, 40.264994], [-74.50506, 40.264589], [-74.505137, 40.264547], [-74.505511, 40.264344], [-74.505822, 40.264159], [-74.505876, 40.264124], [-74.505935, 40.264092], [-74.506216, 40.26392], [-74.506334, 40.263843], [-74.506453, 40.263755], [-74.506577, 40.263661], [-74.506809, 40.263499], [-74.506965, 40.263401], [-74.507101, 40.263323], [-74.507155, 40.263295], [-74.507192, 40.263277], [-74.507306, 40.263224], [-74.50746, 40.263159]]}, "properties": {"name": "Hightstown Bypass", "kind": "Road connector", "source": "OSM / OSRM car-routing geometry; coach suitability unverified", "cache": "molly-local-exit8-to-8a-pickup-v2-osrm.json", "ref": "NJ 133", "concept": "c3", "variant": "optional_both"}}, {"type": "Feature", "geometry": {"type": "LineString", "coordinates": [[-74.50746, 40.263159], [-74.507814, 40.263058], [-74.507918, 40.263032], [-74.508008, 40.263013], [-74.508113, 40.262993], [-74.508214, 40.262979], [-74.50832, 40.26297], [-74.508454, 40.262964], [-74.508565, 40.262966], [-74.508667, 40.262972], [-74.508775, 40.262982], [-74.508879, 40.262998], [-74.508976, 40.263018], [-74.50908, 40.263043], [-74.509173, 40.263068], [-74.509277, 40.263104], [-74.509383, 40.263148], [-74.509481, 40.263194], [-74.509583, 40.263245], [-74.509676, 40.263302], [-74.509763, 40.263358]]}, "properties": {"name": "Interchange ramp", "kind": "Road connector", "source": "OSM / OSRM car-routing geometry; coach suitability unverified", "cache": "molly-local-exit8-to-8a-pickup-v2-osrm.json", "ref": "", "concept": "c3", "variant": "optional_both"}}, {"type": "Feature", "geometry": {"type": "LineString", "coordinates": [[-74.509763, 40.263358], [-74.509936, 40.263514], [-74.510009, 40.263597], [-74.510066, 40.263674], [-74.510124, 40.263756], [-74.51018, 40.263853], [-74.510226, 40.263956], [-74.510259, 40.26405], [-74.510285, 40.264154], [-74.510302, 40.264264], [-74.510311, 40.264372], [-74.510312, 40.264482], [-74.510302, 40.264592], [-74.510283, 40.264699], [-74.510254, 40.264811], [-74.510216, 40.264933], [-74.510025, 40.265511], [-74.509083, 40.268361], [-74.509054, 40.268637]]}, "properties": {"name": "Interchange ramp", "kind": "Road connector", "source": "OSM / OSRM car-routing geometry; coach suitability unverified", "cache": "molly-local-exit8-to-8a-pickup-v2-osrm.json", "ref": "", "concept": "c3", "variant": "optional_both"}}, {"type": "Feature", "geometry": {"type": "LineString", "coordinates": [[-74.509054, 40.268637], [-74.508799, 40.269385], [-74.508525, 40.270217], [-74.508386, 40.270607], [-74.508032, 40.271533], [-74.507864, 40.271949], [-74.506738, 40.274555], [-74.504367, 40.279906], [-74.504141, 40.280429], [-74.504023, 40.280695], [-74.503306, 40.28231], [-74.501111, 40.287279], [-74.500876, 40.2878], [-74.50079, 40.287991], [-74.499015, 40.291926], [-74.497136, 40.296246], [-74.496838, 40.296935], [-74.495309, 40.300451], [-74.493683, 40.304102], [-74.492058, 40.307903], [-74.492, 40.30804], [-74.49136, 40.30955], [-74.488842, 40.314917], [-74.486799, 40.319225], [-74.486675, 40.319523], [-74.485956, 40.321154], [-74.485691, 40.321855], [-74.485475, 40.322412], [-74.485331, 40.322822], [-74.48501, 40.323664], [-74.48467, 40.324618], [-74.484543, 40.324989], [-74.484207, 40.325881], [-74.483432, 40.327761], [-74.482506, 40.329866]]}, "properties": {"name": "New Jersey Turnpike", "kind": "Turnpike", "source": "OSM / OSRM car-routing geometry; coach suitability unverified", "cache": "molly-local-exit8-to-8a-pickup-v2-osrm.json", "ref": "I 95; NJTP", "concept": "c3", "variant": "optional_both"}}, {"type": "Feature", "geometry": {"type": "LineString", "coordinates": [[-74.482506, 40.329866], [-74.480416, 40.334393], [-74.479558, 40.336339], [-74.478341, 40.339063], [-74.477577, 40.340763], [-74.477203, 40.341585], [-74.476523, 40.343058], [-74.475983, 40.344202], [-74.475905, 40.344358], [-74.475416, 40.345305], [-74.474334, 40.347395]]}, "properties": {"name": "New Jersey Turnpike", "kind": "Turnpike", "source": "OSM / OSRM car-routing geometry; coach suitability unverified", "cache": "molly-local-exit8-to-8a-pickup-v2-osrm.json", "ref": "I 95; NJTP", "concept": "c3", "variant": "optional_both"}}, {"type": "Feature", "geometry": {"type": "LineString", "coordinates": [[-74.474334, 40.347395], [-74.474275, 40.347474], [-74.474251, 40.347514], [-74.474231, 40.347558], [-74.474172, 40.347662], [-74.474097, 40.347795], [-74.47399, 40.347928], [-74.473864, 40.348067], [-74.473719, 40.348198], [-74.473569, 40.34831], [-74.473413, 40.348398], [-74.473239, 40.348473], [-74.472907, 40.348588], [-74.472078, 40.348874], [-74.471876, 40.34895], [-74.471716, 40.349025], [-74.471525, 40.349124], [-74.471375, 40.349213], [-74.471254, 40.349316], [-74.471166, 40.34941], [-74.471085, 40.349526], [-74.471026, 40.349651], [-74.470994, 40.349776], [-74.470981, 40.349915], [-74.470989, 40.35006], [-74.471024, 40.350195], [-74.471074, 40.350311], [-74.47115, 40.350424], [-74.471246, 40.350532], [-74.471361, 40.350626], [-74.471522, 40.35074], [-74.471691, 40.350839], [-74.471882, 40.350926], [-74.472064, 40.350994], [-74.472255, 40.351053], [-74.474038, 40.351523], [-74.475422, 40.351891], [-74.475618, 40.351932], [-74.475797, 40.351958], [-74.47604, 40.351989], [-74.476149, 40.35199], [-74.476256, 40.351985], [-74.476581, 40.351944], [-74.476764, 40.351904], [-74.476933, 40.351847], [-74.477088, 40.351771], [-74.477246, 40.351677], [-74.477386, 40.35155], [-74.477472, 40.351425], [-74.477533, 40.351298], [-74.477765, 40.350637], [-74.478161, 40.349508], [-74.478262, 40.349218], [-74.478281, 40.349171], [-74.478297, 40.349121], [-74.478392, 40.348851], [-74.478523, 40.34848], [-74.478574, 40.34832], [-74.478698, 40.347931]]}, "properties": {"name": "Exit 8A", "kind": "Road connector", "source": "OSM / OSRM car-routing geometry; coach suitability unverified", "cache": "molly-local-exit8-to-8a-pickup-v2-osrm.json", "ref": "Exit 8A", "concept": "c3", "variant": "optional_both"}}, {"type": "Feature", "geometry": {"type": "LineString", "coordinates": [[-74.478698, 40.347931], [-74.478803, 40.347736], [-74.478843, 40.347643], [-74.478889, 40.347543], [-74.478972, 40.347403], [-74.479023, 40.347321], [-74.479088, 40.347231], [-74.479154, 40.34715], [-74.479224, 40.347067], [-74.479312, 40.346979], [-74.47943, 40.346887], [-74.479528, 40.346834], [-74.479592, 40.34681], [-74.47967, 40.346781], [-74.479767, 40.34676], [-74.479837, 40.346754], [-74.47992, 40.346753], [-74.480046, 40.346771], [-74.480148, 40.346798], [-74.480229, 40.346832], [-74.480286, 40.346867], [-74.480357, 40.346912], [-74.480417, 40.346976], [-74.480457, 40.347052], [-74.480478, 40.347101], [-74.480494, 40.347162], [-74.480498, 40.347207], [-74.480494, 40.347267], [-74.48048, 40.347324], [-74.480455, 40.347384], [-74.480277, 40.347653], [-74.479917, 40.348169], [-74.479646, 40.348586], [-74.47941, 40.348938], [-74.479305, 40.349114], [-74.479295, 40.349278], [-74.47935, 40.349424], [-74.479466, 40.349542], [-74.479591, 40.34963], [-74.479827, 40.349691], [-74.479995, 40.349726], [-74.480792, 40.349893]]}, "properties": {"name": "Interchange ramp", "kind": "Road connector", "source": "OSM / OSRM car-routing geometry; coach suitability unverified", "cache": "molly-local-exit8-to-8a-pickup-v2-osrm.json", "ref": "", "concept": "c3", "variant": "optional_both"}}, {"type": "Feature", "geometry": {"type": "LineString", "coordinates": [[-74.480792, 40.349893], [-74.480919, 40.349739], [-74.481565, 40.347962], [-74.481674, 40.347693], [-74.481794, 40.347378], [-74.481941, 40.34697]]}, "properties": {"name": "Cranbury-South River Road", "kind": "Road connector", "source": "OSM / OSRM car-routing geometry; coach suitability unverified", "cache": "molly-local-exit8-to-8a-pickup-v2-osrm.json", "ref": "CR 535", "concept": "c3", "variant": "optional_both"}}, {"type": "Feature", "geometry": {"type": "LineString", "coordinates": [[-74.481941, 40.34697], [-74.482213, 40.346706], [-74.482284, 40.346645], [-74.482371, 40.346593], [-74.482466, 40.346548], [-74.482576, 40.346511], [-74.482723, 40.346493], [-74.482874, 40.346484], [-74.483251, 40.346503], [-74.484561, 40.346762], [-74.486218, 40.347122], [-74.486653, 40.347216], [-74.487512, 40.347384], [-74.487941, 40.347469], [-74.48954, 40.347782], [-74.49022, 40.347916], [-74.49038, 40.347945], [-74.4924, 40.348336], [-74.492834, 40.348436], [-74.493266, 40.348553], [-74.493588, 40.34867], [-74.493868, 40.348805], [-74.494177, 40.348981], [-74.494445, 40.349185], [-74.494657, 40.349364], [-74.49485, 40.349555], [-74.494985, 40.349719], [-74.495486, 40.350363], [-74.49573, 40.350669], [-74.495811, 40.350754], [-74.495885, 40.35081], [-74.495982, 40.35086], [-74.496066, 40.350887], [-74.496208, 40.350922], [-74.496593, 40.350986]]}, "properties": {"name": "Forsgate Drive", "kind": "Road connector", "source": "OSM / OSRM car-routing geometry; coach suitability unverified", "cache": "molly-local-exit8-to-8a-pickup-v2-osrm.json", "ref": "NJ 32", "concept": "c3", "variant": "optional_both"}}, {"type": "Feature", "geometry": {"type": "LineString", "coordinates": [[-74.496593, 40.350986], [-74.496777, 40.351017], [-74.496969, 40.350411], [-74.496998, 40.350318], [-74.49745, 40.348892]]}, "properties": {"name": "US 130", "kind": "Road connector", "source": "OSM / OSRM car-routing geometry; coach suitability unverified", "cache": "molly-local-exit8-to-8a-pickup-v2-osrm.json", "ref": "US 130", "concept": "c3", "variant": "optional_both"}}, {"type": "Feature", "geometry": {"type": "LineString", "coordinates": [[-74.49745, 40.348892], [-74.497538, 40.348759], [-74.497626, 40.348663], [-74.497739, 40.348572], [-74.49874, 40.347816], [-74.498884, 40.347678]]}, "properties": {"name": "Interchange ramp", "kind": "Road connector", "source": "OSM / OSRM car-routing geometry; coach suitability unverified", "cache": "molly-local-exit8-to-8a-pickup-v2-osrm.json", "ref": "", "concept": "c3", "variant": "optional_both"}}, {"type": "Feature", "geometry": {"type": "LineString", "coordinates": [[-74.498884, 40.347678], [-74.49914, 40.347935], [-74.499336, 40.348191], [-74.499813, 40.348815]]}, "properties": {"name": "Interchange ramp", "kind": "Road connector", "source": "OSM / OSRM car-routing geometry; coach suitability unverified", "cache": "molly-local-exit8-to-8a-pickup-v2-osrm.json", "ref": "", "concept": "c3", "variant": "optional_both"}}, {"type": "Feature", "geometry": {"type": "LineString", "coordinates": [[-74.499813, 40.348815], [-74.499527, 40.348935], [-74.499502, 40.348946], [-74.499306, 40.349038], [-74.499177, 40.349045], [-74.49901, 40.348999], [-74.498953, 40.348931], [-74.498883, 40.348834]]}, "properties": {"name": "Interchange ramp", "kind": "Road connector", "source": "OSM / OSRM car-routing geometry; coach suitability unverified", "cache": "molly-local-exit8-to-8a-pickup-v2-osrm.json", "ref": "", "concept": "c3", "variant": "optional_both"}}, {"type": "Feature", "geometry": {"type": "LineString", "coordinates": [[-74.498883, 40.348834], [-74.498786, 40.348702], [-74.498745, 40.348581], [-74.498749, 40.348493], [-74.498813, 40.348431], [-74.499023, 40.348341], [-74.499081, 40.348316], [-74.499336, 40.348191]]}, "properties": {"name": "Ramp / site access road", "kind": "Road connector", "source": "OpenStreetMap / OSRM car-routing geometry; coach access unverified", "cache": "8a-amc-osrm.json", "ref": "", "concept": "c3", "variant": "optional_both"}}, {"type": "Feature", "geometry": {"type": "LineString", "coordinates": [[-74.499336, 40.348191], [-74.49914, 40.347935], [-74.498884, 40.347678], [-74.498764, 40.347595], [-74.498672, 40.34755], [-74.498553, 40.347495], [-74.49834, 40.347428], [-74.497949, 40.347334]]}, "properties": {"name": "Ramp / site access road", "kind": "Road connector", "source": "OpenStreetMap / OSRM car-routing geometry; coach access unverified", "cache": "8a-amc-osrm.json", "ref": "", "concept": "c3", "variant": "optional_both"}}, {"type": "Feature", "geometry": {"type": "LineString", "coordinates": [[-74.497949, 40.347334], [-74.497775, 40.347296], [-74.497404, 40.347215], [-74.497253, 40.347195], [-74.497117, 40.347191], [-74.497028, 40.347196], [-74.496926, 40.347212], [-74.49677, 40.347263]]}, "properties": {"name": "Ramp / site access road", "kind": "Road connector", "source": "OpenStreetMap / OSRM car-routing geometry; coach access unverified", "cache": "8a-amc-osrm.json", "ref": "", "concept": "c3", "variant": "optional_both"}}, {"type": "Feature", "geometry": {"type": "LineString", "coordinates": [[-74.49677, 40.347263], [-74.496583, 40.347342], [-74.495695, 40.34776], [-74.495311, 40.347929], [-74.495078, 40.348025], [-74.494828, 40.348109], [-74.49458, 40.348174], [-74.494337, 40.348226], [-74.494195, 40.348248], [-74.493895, 40.34828], [-74.493509, 40.348298], [-74.493133, 40.348281], [-74.492826, 40.348247], [-74.492464, 40.348179], [-74.490437, 40.347789], [-74.49027, 40.347754], [-74.486874, 40.347086], [-74.484305, 40.34655], [-74.48339, 40.346359], [-74.483153, 40.34631], [-74.483081, 40.346295], [-74.482542, 40.346177], [-74.482242, 40.346117], [-74.482084, 40.346081], [-74.481547, 40.345938]]}, "properties": {"name": "Forsgate Drive", "kind": "Road connector", "source": "OpenStreetMap / OSRM car-routing geometry; coach access unverified", "cache": "8a-amc-osrm.json", "ref": "NJ 32", "concept": "c3", "variant": "optional_both"}}, {"type": "Feature", "geometry": {"type": "LineString", "coordinates": [[-74.481547, 40.345938], [-74.481388, 40.345801], [-74.481326, 40.345765], [-74.481273, 40.34573], [-74.48122, 40.345686], [-74.481172, 40.345636], [-74.481135, 40.34558], [-74.481095, 40.345512], [-74.481032, 40.345365], [-74.480915, 40.345053], [-74.480859, 40.344922], [-74.480831, 40.344871], [-74.480802, 40.344823], [-74.480755, 40.344756], [-74.480712, 40.344709], [-74.480644, 40.344644], [-74.480595, 40.344601], [-74.480551, 40.344567], [-74.480449, 40.344502], [-74.480387, 40.344465], [-74.4803, 40.344428], [-74.480199, 40.344396], [-74.480127, 40.344384], [-74.480046, 40.344381], [-74.479977, 40.344382], [-74.479911, 40.344388], [-74.479832, 40.344408], [-74.479771, 40.344427], [-74.479697, 40.344456], [-74.479643, 40.344485], [-74.479563, 40.344544], [-74.479515, 40.34459], [-74.479469, 40.344637], [-74.479416, 40.344697], [-74.479372, 40.344748], [-74.479333, 40.344805], [-74.479296, 40.344879], [-74.479268, 40.344944], [-74.479243, 40.345016], [-74.479211, 40.345116], [-74.47918, 40.345217], [-74.479067, 40.345696], [-74.478814, 40.347014], [-74.478755, 40.347292], [-74.47874, 40.347348], [-74.478717, 40.34742], [-74.47866, 40.34757], [-74.478484, 40.347956], [-74.478306, 40.348429]]}, "properties": {"name": "Ramp / site access road", "kind": "Road connector", "source": "OpenStreetMap / OSRM car-routing geometry; coach access unverified", "cache": "8a-amc-osrm.json", "ref": "", "concept": "c3", "variant": "optional_both"}}, {"type": "Feature", "geometry": {"type": "LineString", "coordinates": [[-74.478306, 40.348429], [-74.478166, 40.348801], [-74.478151, 40.348839], [-74.478072, 40.349075], [-74.478053, 40.349134], [-74.478038, 40.349174], [-74.477945, 40.349453], [-74.477678, 40.350258]]}, "properties": {"name": "Ramp / site access road", "kind": "Road connector", "source": "OpenStreetMap / OSRM car-routing geometry; coach access unverified", "cache": "8a-amc-osrm.json", "ref": "", "concept": "c3", "variant": "optional_both"}}, {"type": "Feature", "geometry": {"type": "LineString", "coordinates": [[-74.477678, 40.350258], [-74.477555, 40.350781], [-74.477418, 40.351262], [-74.477345, 40.351417], [-74.477254, 40.351529], [-74.477128, 40.351638], [-74.476978, 40.351732], [-74.476804, 40.351797], [-74.476619, 40.351844], [-74.476434, 40.351877], [-74.476222, 40.351901], [-74.476026, 40.351908], [-74.475833, 40.351897], [-74.47564, 40.351875], [-74.475444, 40.351838], [-74.474057, 40.351474], [-74.472276, 40.351004], [-74.47208, 40.350947], [-74.471895, 40.350873], [-74.471716, 40.350783], [-74.471557, 40.350685], [-74.471418, 40.350587]]}, "properties": {"name": "Ramp / site access road", "kind": "Road connector", "source": "OpenStreetMap / OSRM car-routing geometry; coach access unverified", "cache": "8a-amc-osrm.json", "ref": "", "concept": "c3", "variant": "optional_both"}}, {"type": "Feature", "geometry": {"type": "LineString", "coordinates": [[-74.471418, 40.350587], [-74.471324, 40.350487], [-74.471251, 40.350383], [-74.471217, 40.350299], [-74.471184, 40.350211], [-74.471166, 40.350115], [-74.471155, 40.350002], [-74.471163, 40.349902], [-74.471187, 40.349806], [-74.471235, 40.3497], [-74.471286, 40.349618], [-74.471367, 40.349524], [-74.471471, 40.349446], [-74.471587, 40.349389], [-74.471713, 40.349352], [-74.471855, 40.349332], [-74.471984, 40.349328], [-74.472137, 40.349346], [-74.472276, 40.349385], [-74.472397, 40.34944], [-74.472499, 40.349512], [-74.472585, 40.3496], [-74.472649, 40.349694], [-74.472695, 40.349802], [-74.472727, 40.349915], [-74.47274, 40.350025], [-74.472735, 40.350135], [-74.472716, 40.350248], [-74.472684, 40.350364], [-74.472622, 40.350544], [-74.47248, 40.350951], [-74.471321, 40.354311], [-74.471243, 40.354563], [-74.471117, 40.35504]]}, "properties": {"name": "Ramp / site access road", "kind": "Road connector", "source": "OpenStreetMap / OSRM car-routing geometry; coach access unverified", "cache": "8a-amc-osrm.json", "ref": "", "concept": "c3", "variant": "optional_both"}}, {"type": "Feature", "geometry": {"type": "LineString", "coordinates": [[-74.471117, 40.35504], [-74.470905, 40.355561], [-74.470653, 40.356141], [-74.470366, 40.356775], [-74.47022, 40.357102], [-74.469773, 40.358087], [-74.469513, 40.35867], [-74.46896, 40.359908], [-74.468574, 40.360808], [-74.468089, 40.361966], [-74.465991, 40.367124], [-74.46556, 40.368183], [-74.464511, 40.370763], [-74.463899, 40.372268], [-74.463479, 40.373294], [-74.463398, 40.373492], [-74.46306, 40.374318], [-74.462931, 40.374642], [-74.461849, 40.377298], [-74.460213, 40.381316], [-74.460102, 40.38159], [-74.459988, 40.381868], [-74.455303, 40.393355], [-74.454811, 40.394562], [-74.454595, 40.39509], [-74.454498, 40.395329], [-74.452948, 40.39912], [-74.452079, 40.401273], [-74.451725, 40.40222], [-74.450923, 40.404399], [-74.450643, 40.405162], [-74.450558, 40.405396], [-74.450019, 40.406853], [-74.449807, 40.407414], [-74.449563, 40.408031], [-74.44927, 40.408748], [-74.448965, 40.409483], [-74.448624, 40.410276], [-74.44838, 40.410831], [-74.448114, 40.411426], [-74.44753, 40.412546], [-74.446325, 40.414854], [-74.446236, 40.415103], [-74.446154, 40.41528], [-74.446076, 40.415463], [-74.4457, 40.416137], [-74.445185, 40.417013], [-74.444432, 40.418257], [-74.443901, 40.419088], [-74.442935, 40.42055], [-74.442302, 40.421462], [-74.441749, 40.422228], [-74.439698, 40.425036], [-74.438748, 40.426343], [-74.437328, 40.428169], [-74.435535, 40.430457], [-74.435092, 40.43102], [-74.434301, 40.43208], [-74.429127, 40.439188], [-74.428724, 40.439756], [-74.428335, 40.440319], [-74.427939, 40.440916], [-74.427568, 40.441508], [-74.42754, 40.441554], [-74.427193, 40.44212], [-74.426212, 40.443769], [-74.426154, 40.443868], [-74.424961, 40.4459], [-74.424153, 40.447276], [-74.422749, 40.449653], [-74.419891, 40.454491], [-74.419744, 40.45474], [-74.419267, 40.45553], [-74.419156, 40.455715], [-74.416466, 40.460293], [-74.415449, 40.462014], [-74.41527, 40.462316], [-74.415147, 40.462495], [-74.414973, 40.462746], [-74.412009, 40.467544], [-74.411479, 40.468403], [-74.410139, 40.470576], [-74.409807, 40.47109], [-74.409496, 40.471564], [-74.409249, 40.471927], [-74.408915, 40.472396], [-74.408735, 40.472619], [-74.408541, 40.472845], [-74.407261, 40.474218]]}, "properties": {"name": "New Jersey Turnpike", "kind": "Turnpike", "source": "OpenStreetMap / OSRM car-routing geometry; coach access unverified", "cache": "8a-amc-osrm.json", "ref": "I 95; NJTP", "concept": "c3", "variant": "optional_both"}}, {"type": "Feature", "geometry": {"type": "LineString", "coordinates": [[-74.407261, 40.474218], [-74.407153, 40.474302], [-74.406955, 40.47452], [-74.406878, 40.474606], [-74.406798, 40.474681], [-74.406639, 40.474839], [-74.406431, 40.475045], [-74.406299, 40.475174], [-74.406208, 40.475271], [-74.406114, 40.475377], [-74.406022, 40.475482], [-74.40593, 40.475582], [-74.405807, 40.475701], [-74.405638, 40.475839], [-74.40546, 40.475965], [-74.40527, 40.476069], [-74.405083, 40.476145], [-74.404877, 40.476213], [-74.403767, 40.476561], [-74.403644, 40.476625], [-74.403428, 40.476714], [-74.403286, 40.476787], [-74.403175, 40.476855], [-74.403061, 40.47694], [-74.402947, 40.477035], [-74.402854, 40.477128], [-74.402784, 40.477234], [-74.402746, 40.47732], [-74.402725, 40.477405], [-74.402717, 40.477505], [-74.402728, 40.477599], [-74.402752, 40.477683], [-74.402792, 40.477773], [-74.402846, 40.477848], [-74.402918, 40.477924], [-74.402996, 40.477985], [-74.403098, 40.478052], [-74.403213, 40.478117], [-74.403336, 40.478175], [-74.403532, 40.478252], [-74.403745, 40.478321], [-74.404005, 40.478397], [-74.40423, 40.478444], [-74.404466, 40.478482], [-74.404719, 40.478511], [-74.404976, 40.478525], [-74.40522, 40.478525], [-74.405456, 40.478511], [-74.405684, 40.478489], [-74.406388, 40.478436], [-74.406703, 40.478404], [-74.406756, 40.478401], [-74.406812, 40.478398], [-74.406879, 40.478397], [-74.406944, 40.478401], [-74.407172, 40.478436], [-74.40736, 40.478464], [-74.407902, 40.478375], [-74.408272, 40.478314], [-74.408348, 40.478301], [-74.40843, 40.478287], [-74.408775, 40.478227], [-74.408898, 40.478207], [-74.409016, 40.478183], [-74.409153, 40.478148], [-74.409277, 40.47811]]}, "properties": {"name": "Ramp / site access road", "kind": "Road connector", "source": "OpenStreetMap / OSRM car-routing geometry; coach access unverified", "cache": "8a-amc-osrm.json", "ref": "", "concept": "c3", "variant": "optional_both"}}, {"type": "Feature", "geometry": {"type": "LineString", "coordinates": [[-74.409277, 40.47811], [-74.409392, 40.478106], [-74.409466, 40.478106], [-74.409545, 40.47811], [-74.409634, 40.478118], [-74.409714, 40.478129], [-74.409784, 40.478146], [-74.409851, 40.478168], [-74.409912, 40.478193], [-74.409967, 40.478222], [-74.410013, 40.478255], [-74.410057, 40.478294], [-74.410094, 40.478335], [-74.410131, 40.478386], [-74.410167, 40.478438], [-74.410246, 40.478557], [-74.410327, 40.478685], [-74.410394, 40.478796], [-74.410468, 40.478924], [-74.410534, 40.479053], [-74.410593, 40.479179], [-74.410646, 40.47931], [-74.410696, 40.479437], [-74.410747, 40.479579], [-74.411053, 40.480342], [-74.411116, 40.480492], [-74.411183, 40.480633]]}, "properties": {"name": "Ramp / site access road", "kind": "Road connector", "source": "OpenStreetMap / OSRM car-routing geometry; coach access unverified", "cache": "8a-amc-osrm.json", "ref": "", "concept": "c3", "variant": "optional_both"}}, {"type": "Feature", "geometry": {"type": "LineString", "coordinates": [[-74.411183, 40.480633], [-74.411258, 40.480758], [-74.411332, 40.480873], [-74.411393, 40.480963], [-74.411459, 40.481051], [-74.411538, 40.481152], [-74.411777, 40.481392]]}, "properties": {"name": "Ramp / site access road", "kind": "Road connector", "source": "OpenStreetMap / OSRM car-routing geometry; coach access unverified", "cache": "8a-amc-osrm.json", "ref": "", "concept": "c3", "variant": "optional_both"}}, {"type": "Feature", "geometry": {"type": "LineString", "coordinates": [[-74.411777, 40.481392], [-74.411855, 40.481484], [-74.411929, 40.48157], [-74.412021, 40.481671], [-74.412101, 40.481759], [-74.412184, 40.481849], [-74.412272, 40.481939], [-74.412348, 40.482017], [-74.412468, 40.482137], [-74.412562, 40.482228], [-74.412672, 40.482331], [-74.41278, 40.48243], [-74.412865, 40.482504], [-74.412971, 40.482591], [-74.413076, 40.482678], [-74.413189, 40.482763], [-74.413303, 40.482839]]}, "properties": {"name": "State Route 18", "kind": "Road connector", "source": "OpenStreetMap / OSRM car-routing geometry; coach access unverified", "cache": "8a-amc-osrm.json", "ref": "NJ 18; CR 527", "concept": "c3", "variant": "optional_both"}}, {"type": "Feature", "geometry": {"type": "LineString", "coordinates": [[-74.413303, 40.482839], [-74.41369, 40.483144], [-74.4138, 40.483207], [-74.413938, 40.483286], [-74.414087, 40.483364], [-74.414221, 40.483431], [-74.414364, 40.483498], [-74.41451, 40.483563], [-74.414641, 40.483616], [-74.414778, 40.483669], [-74.414906, 40.483716], [-74.415051, 40.483765], [-74.415219, 40.483817], [-74.415404, 40.483872], [-74.415598, 40.483927], [-74.415732, 40.483961], [-74.415857, 40.48399], [-74.415983, 40.484018], [-74.416091, 40.484039], [-74.416203, 40.484059], [-74.416261, 40.48407], [-74.416316, 40.484082], [-74.416372, 40.484097], [-74.416417, 40.484113], [-74.416441, 40.484122], [-74.416509, 40.484158], [-74.416545, 40.484181], [-74.416586, 40.484213], [-74.416621, 40.484244], [-74.416654, 40.484278], [-74.416689, 40.484318], [-74.416724, 40.484362], [-74.416744, 40.484397], [-74.416763, 40.484441], [-74.416774, 40.484479], [-74.416783, 40.484517], [-74.416787, 40.484559], [-74.416787, 40.484595], [-74.416782, 40.484634], [-74.41677, 40.48469], [-74.416725, 40.4848], [-74.416666, 40.484986]]}, "properties": {"name": "Ramp / site access road", "kind": "Road connector", "source": "OpenStreetMap / OSRM car-routing geometry; coach access unverified", "cache": "8a-amc-osrm.json", "ref": "", "concept": "c3", "variant": "optional_both"}}, {"type": "Feature", "geometry": {"type": "LineString", "coordinates": [[-74.416666, 40.484986], [-74.416588, 40.485068], [-74.416453, 40.485223], [-74.41636, 40.485331], [-74.415691, 40.486107], [-74.415347, 40.486504], [-74.415097, 40.486789], [-74.414486, 40.48753], [-74.414266, 40.487815], [-74.414086, 40.488068], [-74.413922, 40.488325], [-74.413783, 40.488595], [-74.413662, 40.488878], [-74.413568, 40.48917], [-74.413496, 40.489455], [-74.413434, 40.489731], [-74.412685, 40.493361], [-74.412372, 40.494875], [-74.4123, 40.495197], [-74.41223, 40.495469], [-74.41216, 40.495707], [-74.411983, 40.496156], [-74.411795, 40.496499], [-74.411601, 40.496762]]}, "properties": {"name": "US 1", "kind": "Road connector", "source": "OpenStreetMap / OSRM car-routing geometry; coach access unverified", "cache": "8a-amc-osrm.json", "ref": "US 1", "concept": "c3", "variant": "optional_both"}}, {"type": "Feature", "geometry": {"type": "LineString", "coordinates": [[-74.411601, 40.496762], [-74.411569, 40.496805], [-74.411194, 40.49725], [-74.410931, 40.497502], [-74.410836, 40.497578], [-74.410594, 40.497772], [-74.410218, 40.498009], [-74.409904, 40.498202], [-74.40929, 40.498535], [-74.409152, 40.498613]]}, "properties": {"name": "US 1", "kind": "Road connector", "source": "OpenStreetMap / OSRM car-routing geometry; coach access unverified", "cache": "8a-amc-osrm.json", "ref": "US 1", "concept": "c3", "variant": "optional_both"}}, {"type": "Feature", "geometry": {"type": "LineString", "coordinates": [[-74.409152, 40.498613], [-74.409124, 40.498629], [-74.408215, 40.499115], [-74.407891, 40.499289], [-74.406892, 40.499824], [-74.406435, 40.500064], [-74.406031, 40.500278], [-74.40581, 40.500394], [-74.405726, 40.500438], [-74.405615, 40.500497]]}, "properties": {"name": "US 1", "kind": "Road connector", "source": "OpenStreetMap / OSRM car-routing geometry; coach access unverified", "cache": "8a-amc-osrm.json", "ref": "US 1", "concept": "c3", "variant": "optional_both"}}, {"type": "Feature", "geometry": {"type": "LineString", "coordinates": [[-74.405615, 40.500497], [-74.405245, 40.50059], [-74.405074, 40.500619], [-74.40487, 40.500634], [-74.404387, 40.500652], [-74.404284, 40.500645], [-74.403825, 40.500615], [-74.403669, 40.500605]]}, "properties": {"name": "Ramp / site access road", "kind": "Road connector", "source": "OpenStreetMap / OSRM car-routing geometry; coach access unverified", "cache": "8a-amc-osrm.json", "ref": "", "concept": "c3", "variant": "optional_both"}}, {"type": "Feature", "geometry": {"type": "LineString", "coordinates": [[-74.403669, 40.500605], [-74.403514, 40.500487], [-74.403466, 40.500449], [-74.403424, 40.500406], [-74.403377, 40.500338], [-74.40333, 40.500244], [-74.403297, 40.499771], [-74.403324, 40.499687], [-74.403366, 40.499629], [-74.403445, 40.499576], [-74.403507, 40.499552], [-74.403579, 40.499524], [-74.403666, 40.499497], [-74.403744, 40.499474], [-74.404076, 40.499412]]}, "properties": {"name": "Ramp / site access road", "kind": "Road connector", "source": "OpenStreetMap / OSRM car-routing geometry; coach access unverified", "cache": "8a-amc-osrm.json", "ref": "", "concept": "c3", "variant": "optional_both"}}, {"type": "Feature", "geometry": {"type": "LineString", "coordinates": [[-74.404076, 40.499412], [-74.404478, 40.499412], [-74.404891, 40.499429], [-74.405293, 40.499473], [-74.405653, 40.499526], [-74.406712, 40.499791], [-74.407265, 40.49993], [-74.407685, 40.500031], [-74.407938, 40.500113]]}, "properties": {"name": "Woodbridge Ave Extension", "kind": "Road connector", "source": "OpenStreetMap / OSRM car-routing geometry; coach access unverified", "cache": "8a-amc-osrm.json", "ref": "CR 514", "concept": "c3", "variant": "optional_both"}}, {"type": "Feature", "geometry": {"type": "LineString", "coordinates": [[-74.407938, 40.500113], [-74.408197, 40.500274], [-74.408231, 40.50031], [-74.40826, 40.50034], [-74.408287, 40.500376], [-74.408313, 40.500421], [-74.408347, 40.500494], [-74.408353, 40.500576], [-74.40834, 40.500693], [-74.408277, 40.500763], [-74.408207, 40.500808], [-74.408146, 40.500838], [-74.408121, 40.50085], [-74.407944, 40.5009]]}, "properties": {"name": "Ramp / site access road", "kind": "Road connector", "source": "OpenStreetMap / OSRM car-routing geometry; coach access unverified", "cache": "8a-amc-osrm.json", "ref": "", "concept": "c3", "variant": "optional_both"}}, {"type": "Feature", "geometry": {"type": "LineString", "coordinates": [[-74.407944, 40.5009], [-74.40739, 40.500865], [-74.407, 40.500836], [-74.406764, 40.500819]]}, "properties": {"name": "Woodbridge Avenue", "kind": "Road connector", "source": "OpenStreetMap / OSRM car-routing geometry; coach access unverified", "cache": "8a-amc-osrm.json", "ref": "", "concept": "c3", "variant": "optional_both"}}, {"type": "Feature", "geometry": {"type": "LineString", "coordinates": [[-74.406764, 40.500819], [-74.406628, 40.50077], [-74.406536, 40.50072], [-74.406478, 40.500655], [-74.406429, 40.500539], [-74.406429, 40.500447], [-74.406449, 40.500373], [-74.406512, 40.50029], [-74.406785, 40.500036]]}, "properties": {"name": "Ramp / site access road", "kind": "Road connector", "source": "OpenStreetMap / OSRM car-routing geometry; coach access unverified", "cache": "8a-amc-osrm.json", "ref": "", "concept": "c3", "variant": "optional_both"}}, {"type": "Feature", "geometry": {"type": "LineString", "coordinates": [[-74.406785, 40.500036], [-74.407546, 40.499657], [-74.409202, 40.498779], [-74.410009, 40.498359], [-74.41029, 40.498202], [-74.410573, 40.498018], [-74.41098, 40.497698], [-74.411414, 40.497298], [-74.411744, 40.496914], [-74.411795, 40.496854], [-74.412128, 40.496372], [-74.412436, 40.495783], [-74.41256, 40.495487], [-74.412658, 40.495232], [-74.412716, 40.495061], [-74.412765, 40.494932], [-74.412865, 40.494548], [-74.413097, 40.493328], [-74.413229, 40.49274], [-74.413856, 40.48973], [-74.413955, 40.48933], [-74.414031, 40.489051], [-74.414109, 40.488817], [-74.414198, 40.488568], [-74.414304, 40.488338], [-74.414432, 40.488083], [-74.414578, 40.487828], [-74.414665, 40.487677]]}, "properties": {"name": "US 1", "kind": "Road connector", "source": "OpenStreetMap / OSRM car-routing geometry; coach access unverified", "cache": "8a-amc-osrm.json", "ref": "US 1", "concept": "c3", "variant": "optional_both"}}, {"type": "Feature", "geometry": {"type": "LineString", "coordinates": [[-74.414665, 40.487677], [-74.414894, 40.487544], [-74.414988, 40.487521], [-74.415061, 40.487519], [-74.415137, 40.487525], [-74.415345, 40.48755], [-74.415542, 40.487646], [-74.415915, 40.487898], [-74.415957, 40.487927]]}, "properties": {"name": "Ramp / site access road", "kind": "Road connector", "source": "OpenStreetMap / OSRM car-routing geometry; coach access unverified", "cache": "8a-amc-osrm.json", "ref": "", "concept": "c3", "variant": "optional_both"}}, {"type": "Feature", "geometry": {"type": "LineString", "coordinates": [[-74.415957, 40.487927], [-74.415936, 40.487946], [-74.415924, 40.487969], [-74.415922, 40.487994], [-74.415931, 40.488018], [-74.415949, 40.488038], [-74.415975, 40.488053]]}, "properties": {"name": "Ramp / site access road", "kind": "Road connector", "source": "OpenStreetMap / OSRM car-routing geometry; coach access unverified", "cache": "8a-amc-osrm.json", "ref": "", "concept": "c3", "variant": "optional_both"}}, {"type": "Feature", "geometry": {"type": "LineString", "coordinates": [[-74.415975, 40.488053], [-74.415947, 40.488076], [-74.415892, 40.488121], [-74.415764, 40.488219], [-74.41566, 40.488292]]}, "properties": {"name": "Ramp / site access road", "kind": "Road connector", "source": "OpenStreetMap / OSRM car-routing geometry; coach access unverified", "cache": "8a-amc-osrm.json", "ref": "", "concept": "c3", "variant": "optional_both"}}, {"type": "Feature", "geometry": {"type": "LineString", "coordinates": [[-74.41566, 40.488292], [-74.415753, 40.488348], [-74.415872, 40.488421], [-74.416027, 40.488517], [-74.416203, 40.488625], [-74.416338, 40.488708], [-74.41639, 40.488739]]}, "properties": {"name": "Ramp / site access road", "kind": "Road connector", "source": "OpenStreetMap / OSRM car-routing geometry; coach access unverified", "cache": "8a-amc-osrm.json", "ref": "", "concept": "c3", "variant": "optional_both"}}, {"type": "Feature", "geometry": {"type": "LineString", "coordinates": [[-74.41639, 40.488739], [-74.41631, 40.488811], [-74.416174, 40.488931], [-74.416034, 40.489056]]}, "properties": {"name": "Ramp / site access road", "kind": "Road connector", "source": "OpenStreetMap / OSRM car-routing geometry; coach access unverified", "cache": "8a-amc-osrm.json", "ref": "", "concept": "c3", "variant": "optional_both"}}, {"type": "Feature", "geometry": {"type": "LineString", "coordinates": [[-74.416034, 40.489056], [-74.415896, 40.489179], [-74.415754, 40.489306], [-74.415708, 40.489347], [-74.415622, 40.489424], [-74.41547, 40.489561], [-74.415218, 40.489784], [-74.415166, 40.48983]]}, "properties": {"name": "Ramp / site access road", "kind": "Road connector", "source": "OpenStreetMap / OSRM car-routing geometry; coach access unverified", "cache": "amc-turnpike9-osrm.json", "ref": "", "concept": "c3", "variant": "optional_both"}}, {"type": "Feature", "geometry": {"type": "LineString", "coordinates": [[-74.415166, 40.48983], [-74.41505, 40.489752], [-74.414875, 40.489632], [-74.414695, 40.489509], [-74.414529, 40.489396], [-74.414458, 40.489348]]}, "properties": {"name": "Ramp / site access road", "kind": "Road connector", "source": "OpenStreetMap / OSRM car-routing geometry; coach access unverified", "cache": "amc-turnpike9-osrm.json", "ref": "", "concept": "c3", "variant": "optional_both"}}, {"type": "Feature", "geometry": {"type": "LineString", "coordinates": [[-74.414458, 40.489348], [-74.414606, 40.489218], [-74.414733, 40.489107], [-74.414886, 40.48897], [-74.415016, 40.488853], [-74.415092, 40.488786], [-74.415164, 40.488725], [-74.41531, 40.488594], [-74.415443, 40.488477], [-74.415584, 40.488352], [-74.41566, 40.488292], [-74.415764, 40.488219], [-74.415892, 40.488121], [-74.415947, 40.488076], [-74.415975, 40.488053]]}, "properties": {"name": "Ramp / site access road", "kind": "Road connector", "source": "OpenStreetMap / OSRM car-routing geometry; coach access unverified", "cache": "amc-turnpike9-osrm.json", "ref": "", "concept": "c3", "variant": "optional_both"}}, {"type": "Feature", "geometry": {"type": "LineString", "coordinates": [[-74.415975, 40.488053], [-74.416002, 40.488061], [-74.416031, 40.488062], [-74.416059, 40.488058], [-74.416084, 40.488047], [-74.416104, 40.488031]]}, "properties": {"name": "Ramp / site access road", "kind": "Road connector", "source": "OpenStreetMap / OSRM car-routing geometry; coach access unverified", "cache": "amc-turnpike9-osrm.json", "ref": "", "concept": "c3", "variant": "optional_both"}}, {"type": "Feature", "geometry": {"type": "LineString", "coordinates": [[-74.416104, 40.488031], [-74.416118, 40.488012], [-74.416124, 40.48799], [-74.416122, 40.487968], [-74.416111, 40.487947], [-74.416093, 40.48793]]}, "properties": {"name": "Ramp / site access road", "kind": "Road connector", "source": "OpenStreetMap / OSRM car-routing geometry; coach access unverified", "cache": "amc-turnpike9-osrm.json", "ref": "", "concept": "c3", "variant": "optional_both"}}, {"type": "Feature", "geometry": {"type": "LineString", "coordinates": [[-74.416093, 40.48793], [-74.416069, 40.487916], [-74.416041, 40.487909], [-74.416011, 40.487909], [-74.415982, 40.487915], [-74.415957, 40.487927]]}, "properties": {"name": "Ramp / site access road", "kind": "Road connector", "source": "OpenStreetMap / OSRM car-routing geometry; coach access unverified", "cache": "amc-turnpike9-osrm.json", "ref": "", "concept": "c3", "variant": "optional_both"}}, {"type": "Feature", "geometry": {"type": "LineString", "coordinates": [[-74.415957, 40.487927], [-74.415915, 40.487898], [-74.415542, 40.487646], [-74.415345, 40.48755], [-74.415168, 40.487439], [-74.415109, 40.487386], [-74.415083, 40.487341], [-74.41506, 40.487269], [-74.415065, 40.487197], [-74.415125, 40.487015]]}, "properties": {"name": "Ramp / site access road", "kind": "Road connector", "source": "OpenStreetMap / OSRM car-routing geometry; coach access unverified", "cache": "amc-turnpike9-osrm.json", "ref": "", "concept": "c3", "variant": "optional_both"}}, {"type": "Feature", "geometry": {"type": "LineString", "coordinates": [[-74.415125, 40.487015], [-74.415237, 40.486883], [-74.415506, 40.486572], [-74.415799, 40.486224], [-74.416209, 40.485754], [-74.416253, 40.485696], [-74.416465, 40.485457]]}, "properties": {"name": "US 1", "kind": "Road connector", "source": "OpenStreetMap / OSRM car-routing geometry; coach access unverified", "cache": "amc-turnpike9-osrm.json", "ref": "US 1", "concept": "c3", "variant": "optional_both"}}, {"type": "Feature", "geometry": {"type": "LineString", "coordinates": [[-74.416465, 40.485457], [-74.416588, 40.485369], [-74.416677, 40.485306], [-74.416759, 40.485247], [-74.416832, 40.485199], [-74.416907, 40.485155], [-74.416991, 40.485113], [-74.417104, 40.485065], [-74.41722, 40.485022], [-74.417323, 40.48499], [-74.417414, 40.484966], [-74.417525, 40.484944], [-74.417649, 40.484922], [-74.41835, 40.484811], [-74.418477, 40.484794], [-74.418541, 40.484784]]}, "properties": {"name": "Ramp / site access road", "kind": "Road connector", "source": "OpenStreetMap / OSRM car-routing geometry; coach access unverified", "cache": "amc-turnpike9-osrm.json", "ref": "", "concept": "c3", "variant": "optional_both"}}, {"type": "Feature", "geometry": {"type": "LineString", "coordinates": [[-74.418541, 40.484784], [-74.418739, 40.484732], [-74.418809, 40.484711], [-74.418875, 40.484688], [-74.418936, 40.484662], [-74.418993, 40.484635], [-74.419045, 40.484604], [-74.419094, 40.484567], [-74.419134, 40.484532], [-74.419167, 40.484495], [-74.419196, 40.484455], [-74.419224, 40.484414], [-74.41925, 40.484367], [-74.419269, 40.484322], [-74.419283, 40.484276], [-74.419292, 40.484231], [-74.419295, 40.484186], [-74.419295, 40.484139], [-74.419288, 40.484096], [-74.419276, 40.484052], [-74.419258, 40.484009], [-74.419236, 40.483967], [-74.419207, 40.483925], [-74.419168, 40.483879], [-74.419114, 40.483818], [-74.419062, 40.483763], [-74.418971, 40.483677], [-74.418873, 40.483598], [-74.418766, 40.483516], [-74.418525, 40.483302]]}, "properties": {"name": "Ramp / site access road", "kind": "Road connector", "source": "OpenStreetMap / OSRM car-routing geometry; coach access unverified", "cache": "amc-turnpike9-osrm.json", "ref": "", "concept": "c3", "variant": "optional_both"}}, {"type": "Feature", "geometry": {"type": "LineString", "coordinates": [[-74.418525, 40.483302], [-74.418408, 40.483231], [-74.418291, 40.483164], [-74.41815, 40.483086], [-74.418047, 40.483033], [-74.417938, 40.482983], [-74.417812, 40.482926], [-74.417684, 40.482875], [-74.417543, 40.482823], [-74.417409, 40.482781], [-74.417282, 40.482745], [-74.417145, 40.482712], [-74.417001, 40.482682], [-74.416859, 40.482659], [-74.416713, 40.482639], [-74.416528, 40.48262], [-74.416065, 40.482572], [-74.415753, 40.482541], [-74.41503, 40.482465], [-74.414287, 40.482386], [-74.41414, 40.482369], [-74.413996, 40.482346], [-74.41384, 40.482316], [-74.413727, 40.48229], [-74.4136, 40.482257], [-74.413473, 40.482219], [-74.413351, 40.48218], [-74.413239, 40.482139], [-74.413097, 40.482082], [-74.412969, 40.482026], [-74.412868, 40.481977], [-74.412759, 40.481919], [-74.412666, 40.481868], [-74.412573, 40.481811], [-74.412467, 40.481739], [-74.412351, 40.481656], [-74.412254, 40.481581], [-74.41216, 40.481506], [-74.412074, 40.481429], [-74.412001, 40.481355], [-74.41192, 40.481271], [-74.411837, 40.481178], [-74.411764, 40.481091], [-74.411693, 40.480993], [-74.41163, 40.480898], [-74.411574, 40.480801], [-74.411522, 40.480702], [-74.411471, 40.480597], [-74.411431, 40.480497], [-74.411387, 40.480392], [-74.411263, 40.480079], [-74.411114, 40.479652], [-74.410927, 40.479113], [-74.410717, 40.47857], [-74.410673, 40.478459], [-74.410607, 40.47829], [-74.410553, 40.478151]]}, "properties": {"name": "State Route 18", "kind": "Road connector", "source": "OpenStreetMap / OSRM car-routing geometry; coach access unverified", "cache": "amc-turnpike9-osrm.json", "ref": "NJ 18; CR 527", "concept": "c3", "variant": "optional_both"}}, {"type": "Feature", "geometry": {"type": "LineString", "coordinates": [[-74.410553, 40.478151], [-74.410534, 40.477977], [-74.410528, 40.477922], [-74.410399, 40.477578], [-74.410373, 40.47751], [-74.410355, 40.477459], [-74.410344, 40.477404], [-74.410336, 40.477348], [-74.410335, 40.477294], [-74.410338, 40.477239], [-74.410347, 40.477177], [-74.410358, 40.477123], [-74.410376, 40.477074], [-74.410405, 40.47702], [-74.410437, 40.476973], [-74.410477, 40.476926], [-74.410523, 40.476887], [-74.410575, 40.476849], [-74.410631, 40.476817], [-74.410691, 40.47679], [-74.410759, 40.476765], [-74.41082, 40.476752], [-74.410881, 40.476744], [-74.410945, 40.47674], [-74.411005, 40.47674], [-74.411071, 40.476748], [-74.41113, 40.476758], [-74.411189, 40.476776], [-74.411257, 40.476802], [-74.411317, 40.47683], [-74.411371, 40.476864], [-74.411418, 40.476905], [-74.411459, 40.476945], [-74.411491, 40.476988], [-74.411519, 40.477038], [-74.41154, 40.47709], [-74.411553, 40.477138], [-74.411559, 40.477185], [-74.411555, 40.47724], [-74.411546, 40.477285], [-74.41153, 40.477332], [-74.411511, 40.477377], [-74.411478, 40.477425], [-74.411437, 40.477472], [-74.411388, 40.477518], [-74.411335, 40.477554], [-74.411278, 40.477585], [-74.411218, 40.477612], [-74.411154, 40.477634], [-74.411069, 40.477652], [-74.410982, 40.477668], [-74.410879, 40.477684], [-74.409847, 40.477822], [-74.409761, 40.477832], [-74.409687, 40.477838], [-74.409599, 40.477844], [-74.409503, 40.47785], [-74.409406, 40.477851], [-74.409317, 40.477849], [-74.409231, 40.477846], [-74.409145, 40.477839], [-74.409059, 40.477826], [-74.40834, 40.477959], [-74.408268, 40.477972], [-74.40818, 40.477988], [-74.407833, 40.478052], [-74.407599, 40.47809]]}, "properties": {"name": "Ramp / site access road", "kind": "Road connector", "source": "OpenStreetMap / OSRM car-routing geometry; coach access unverified", "cache": "amc-turnpike9-osrm.json", "ref": "", "concept": "c3", "variant": "optional_both"}}, {"type": "Feature", "geometry": {"type": "LineString", "coordinates": [[-74.407599, 40.47809], [-74.406511, 40.478284], [-74.406044, 40.47836], [-74.405743, 40.478405], [-74.405488, 40.478434], [-74.40522, 40.47845], [-74.404995, 40.478452], [-74.404753, 40.478438], [-74.404611, 40.478428], [-74.404494, 40.478415], [-74.404383, 40.478399], [-74.404261, 40.478376], [-74.404005, 40.478319], [-74.403783, 40.478258], [-74.403562, 40.478181], [-74.403385, 40.478105], [-74.403232, 40.478028], [-74.403113, 40.477954], [-74.402992, 40.477851], [-74.40291, 40.477755], [-74.402867, 40.47767], [-74.402836, 40.477568], [-74.402832, 40.477479]]}, "properties": {"name": "Ramp / site access road", "kind": "Road connector", "source": "OpenStreetMap / OSRM car-routing geometry; coach access unverified", "cache": "amc-turnpike9-osrm.json", "ref": "", "concept": "c3", "variant": "optional_both"}}, {"type": "Feature", "geometry": {"type": "LineString", "coordinates": [[-74.402832, 40.477479], [-74.402888, 40.477383], [-74.402945, 40.477277], [-74.403028, 40.477179], [-74.403134, 40.477093], [-74.40328, 40.477018], [-74.403441, 40.476977], [-74.403607, 40.476961], [-74.403779, 40.476975], [-74.403951, 40.477026], [-74.404087, 40.477097], [-74.404203, 40.477187], [-74.404283, 40.477291], [-74.404337, 40.477403], [-74.404353, 40.477522], [-74.404348, 40.477646], [-74.404308, 40.477791], [-74.404228, 40.477968], [-74.404123, 40.478152], [-74.403208, 40.479714], [-74.40293, 40.480208], [-74.402828, 40.4804], [-74.402624, 40.480833]]}, "properties": {"name": "Ramp / site access road", "kind": "Road connector", "source": "OpenStreetMap / OSRM car-routing geometry; coach access unverified", "cache": "amc-turnpike9-osrm.json", "ref": "", "concept": "c3", "variant": "optional_both"}}, {"type": "Feature", "geometry": {"type": "LineString", "coordinates": [[-74.402624, 40.480833], [-74.402248, 40.48142], [-74.401934, 40.481888], [-74.401548, 40.482406], [-74.401167, 40.482885], [-74.400778, 40.483369], [-74.400384, 40.483836], [-74.399979, 40.484299], [-74.399593, 40.484725], [-74.399169, 40.485178], [-74.398633, 40.485719], [-74.398179, 40.486163], [-74.397736, 40.486583], [-74.397355, 40.486929], [-74.396968, 40.487285], [-74.395077, 40.488979], [-74.392047, 40.491667], [-74.391673, 40.492], [-74.391532, 40.492127], [-74.382875, 40.499857], [-74.377423, 40.504724], [-74.377016, 40.505085], [-74.376562, 40.505489], [-74.371434, 40.510059], [-74.368851, 40.51236], [-74.368288, 40.512843], [-74.367687, 40.513339], [-74.367092, 40.513812], [-74.366502, 40.51426], [-74.366256, 40.514438], [-74.365826, 40.51475], [-74.365212, 40.515176], [-74.364608, 40.515582], [-74.363897, 40.516038], [-74.363232, 40.516446], [-74.362548, 40.516856], [-74.361851, 40.517247], [-74.361105, 40.517653], [-74.360359, 40.51804], [-74.35941, 40.518505], [-74.358948, 40.518721], [-74.358256, 40.519037], [-74.357529, 40.519349], [-74.356714, 40.519691], [-74.356301, 40.519851], [-74.353772, 40.520811], [-74.352948, 40.521119], [-74.351021, 40.521822], [-74.35012, 40.522146], [-74.349184, 40.522476], [-74.347751, 40.52297], [-74.344936, 40.523984], [-74.344818, 40.524031], [-74.344383, 40.524187], [-74.343744, 40.524435], [-74.343109, 40.524694], [-74.342505, 40.524955], [-74.341886, 40.525241], [-74.341234, 40.525561], [-74.340579, 40.525893], [-74.339893, 40.526268], [-74.338536, 40.527083], [-74.336875, 40.528099], [-74.336073, 40.528607], [-74.334877, 40.529396], [-74.333415, 40.530382], [-74.333008, 40.53066], [-74.33059, 40.532297], [-74.330193, 40.532566], [-74.329332, 40.533153], [-74.328755, 40.533526], [-74.328157, 40.533895], [-74.327471, 40.534313], [-74.326765, 40.534716], [-74.326086, 40.535089], [-74.325416, 40.535446], [-74.324686, 40.535817], [-74.323959, 40.536168], [-74.323222, 40.536514], [-74.322481, 40.53684], [-74.321838, 40.537112], [-74.321199, 40.537375], [-74.320569, 40.537619], [-74.319877, 40.537876], [-74.31926, 40.538094], [-74.318718, 40.53828], [-74.318169, 40.538461], [-74.317592, 40.538647], [-74.317002, 40.53883], [-74.315671, 40.539232], [-74.314427, 40.539592], [-74.313807, 40.539762], [-74.313117, 40.539944], [-74.31237, 40.540129], [-74.311713, 40.540286], [-74.310974, 40.540466], [-74.310278, 40.540598], [-74.30962, 40.540715], [-74.308965, 40.540827], [-74.307977, 40.540954], [-74.307468, 40.541015], [-74.306913, 40.541073], [-74.306211, 40.541146], [-74.305162, 40.541231], [-74.304501, 40.541292], [-74.30286, 40.541427], [-74.302122, 40.541495], [-74.301752, 40.541529], [-74.300636, 40.541639], [-74.299647, 40.541753], [-74.297469, 40.54203], [-74.297343, 40.542047], [-74.296984, 40.542103], [-74.29634, 40.542204], [-74.295945, 40.542269], [-74.295497, 40.542346], [-74.295041, 40.542432], [-74.294558, 40.542525], [-74.293955, 40.54265], [-74.293386, 40.542778], [-74.289119, 40.543803], [-74.289102, 40.543808], [-74.286812, 40.544366], [-74.28615, 40.544547], [-74.285509, 40.544753], [-74.284972, 40.544953], [-74.284393, 40.545187], [-74.28383, 40.545448], [-74.28328, 40.545721], [-74.280699, 40.547063], [-74.279927, 40.547466], [-74.278864, 40.548056], [-74.278221, 40.548412], [-74.277481, 40.548836], [-74.276676, 40.549319], [-74.274278, 40.550785], [-74.273868, 40.551035], [-74.273385, 40.551321], [-74.272811, 40.551657], [-74.270649, 40.552902], [-74.270015, 40.553286], [-74.269936, 40.553334], [-74.269382, 40.55372], [-74.26816, 40.554515], [-74.267972, 40.55464], [-74.267644, 40.554867], [-74.267518, 40.554949], [-74.267411, 40.555019], [-74.267255, 40.555124], [-74.266769, 40.555478], [-74.266241, 40.55588], [-74.265616, 40.556373], [-74.265055, 40.556834], [-74.264444, 40.557357], [-74.26387, 40.557871], [-74.263336, 40.558366], [-74.262784, 40.558894], [-74.262258, 40.559432], [-74.261668, 40.560051], [-74.260858, 40.560923], [-74.25919, 40.562779], [-74.258138, 40.563947], [-74.257586, 40.564557], [-74.257032, 40.565159], [-74.255718, 40.566561], [-74.253795, 40.568605], [-74.253499, 40.568917], [-74.252207, 40.57029], [-74.247769, 40.575009], [-74.247117, 40.575718], [-74.246454, 40.576451], [-74.245698, 40.577331], [-74.245001, 40.578177], [-74.244424, 40.578894], [-74.243896, 40.579582], [-74.243169, 40.580568], [-74.242511, 40.581495], [-74.241932, 40.582355], [-74.240032, 40.585262], [-74.237872, 40.588578], [-74.237734, 40.58879], [-74.236862, 40.590113], [-74.23572, 40.591815], [-74.235648, 40.591943], [-74.235251, 40.592574], [-74.234677, 40.593444], [-74.233778, 40.594825], [-74.233088, 40.595868], [-74.232468, 40.596811], [-74.232163, 40.597302], [-74.231893, 40.597719], [-74.23177, 40.597939], [-74.231566, 40.598296], [-74.230839, 40.599562], [-74.230272, 40.600551], [-74.230119, 40.600821], [-74.228426, 40.603666], [-74.2276, 40.605026], [-74.226166, 40.607396], [-74.225919, 40.607804], [-74.224535, 40.610094], [-74.223735, 40.611409], [-74.223627, 40.611587], [-74.223431, 40.611912], [-74.220879, 40.616139], [-74.220811, 40.616251], [-74.216967, 40.622589], [-74.215855, 40.624376], [-74.215719, 40.624626], [-74.215017, 40.625826], [-74.21381, 40.627853], [-74.213395, 40.628495], [-74.213121, 40.628922], [-74.212667, 40.629619], [-74.211726, 40.631062], [-74.211507, 40.631412], [-74.211099, 40.632035], [-74.210576, 40.632883], [-74.208862, 40.63568], [-74.20829, 40.636627], [-74.20771, 40.637703], [-74.206966, 40.639019], [-74.206467, 40.639888], [-74.205896, 40.640855], [-74.205378, 40.641701], [-74.204378, 40.643315], [-74.203355, 40.644927], [-74.202943, 40.645572], [-74.201878, 40.647243], [-74.201642, 40.647583], [-74.201401, 40.647901], [-74.201167, 40.648175], [-74.200862, 40.648499], [-74.20069, 40.648662], [-74.20054, 40.648805], [-74.200369, 40.648964], [-74.200173, 40.649135], [-74.200109, 40.64918], [-74.200012, 40.649241], [-74.199046, 40.649916], [-74.198683, 40.650133], [-74.19832, 40.650334], [-74.196865, 40.651128], [-74.196427, 40.651367], [-74.196052, 40.651571], [-74.195579, 40.651829], [-74.195231, 40.652019], [-74.194827, 40.65224], [-74.194467, 40.652436], [-74.194068, 40.652654], [-74.1937, 40.652854], [-74.193315, 40.653065], [-74.192935, 40.653272], [-74.192557, 40.653478], [-74.192165, 40.653692], [-74.191803, 40.653889], [-74.191318, 40.654154], [-74.19101, 40.654322], [-74.190565, 40.654584], [-74.190168, 40.654835], [-74.189825, 40.655076], [-74.189506, 40.655311], [-74.189162, 40.655579], [-74.188843, 40.655848], [-74.188721, 40.655958], [-74.188537, 40.656126], [-74.188218, 40.656436], [-74.187955, 40.656704], [-74.187797, 40.656878], [-74.187625, 40.657071], [-74.187464, 40.657256], [-74.187311, 40.657441], [-74.187142, 40.657657], [-74.186973, 40.657884], [-74.186614, 40.658391], [-74.185874, 40.659456], [-74.185187, 40.660428], [-74.18485, 40.660878], [-74.184674, 40.661121], [-74.184343, 40.661581], [-74.184295, 40.661652], [-74.184253, 40.661718], [-74.184195, 40.661812], [-74.184015, 40.662054], [-74.183836, 40.662292], [-74.183651, 40.662538], [-74.183483, 40.662758], [-74.183296, 40.663001], [-74.183109, 40.663238], [-74.182917, 40.663481], [-74.182728, 40.663718], [-74.182532, 40.663959], [-74.182341, 40.66419], [-74.182142, 40.664427], [-74.181945, 40.664661], [-74.181754, 40.664882], [-74.181556, 40.665112], [-74.181353, 40.665346], [-74.181148, 40.665577], [-74.180943, 40.665806], [-74.180759, 40.666008], [-74.180547, 40.66624], [-74.180334, 40.666468], [-74.180118, 40.6667], [-74.17991, 40.666924], [-74.179697, 40.667151], [-74.179484, 40.667379], [-74.179273, 40.667602], [-74.179057, 40.667831], [-74.178849, 40.668053], [-74.178801, 40.668105], [-74.178632, 40.668284], [-74.177251, 40.669753], [-74.175011, 40.67214], [-74.1748, 40.672364], [-74.174586, 40.672592], [-74.174374, 40.67282], [-74.174163, 40.67305], [-74.173956, 40.67328], [-74.173747, 40.673514], [-74.173547, 40.673743], [-74.173346, 40.673977], [-74.173148, 40.674211], [-74.172951, 40.674447], [-74.172756, 40.674682], [-74.172629, 40.674838], [-74.172563, 40.67492], [-74.172372, 40.675158], [-74.172183, 40.675399], [-74.171996, 40.675638], [-74.17181, 40.675879], [-74.171629, 40.67612], [-74.171447, 40.676365], [-74.171271, 40.676605], [-74.171099, 40.676846], [-74.170498, 40.677678], [-74.170058, 40.678301], [-74.168642, 40.680353], [-74.168016, 40.681289], [-74.16699, 40.682769], [-74.166114, 40.68391], [-74.163719, 40.687495], [-74.163575, 40.687703], [-74.162393, 40.689405], [-74.162189, 40.6897], [-74.161959, 40.69003], [-74.161793, 40.690269], [-74.161622, 40.690513], [-74.161447, 40.690759], [-74.161275, 40.690999], [-74.161102, 40.691242], [-74.160925, 40.691486], [-74.160749, 40.691726], [-74.160573, 40.691968], [-74.160397, 40.692207], [-74.160224, 40.692442], [-74.160045, 40.692687], [-74.15987, 40.692926], [-74.15969, 40.693172], [-74.159516, 40.693411], [-74.159341, 40.693653], [-74.157865, 40.695674], [-74.157441, 40.696277], [-74.156689, 40.697286], [-74.156246, 40.697887], [-74.155548, 40.698902], [-74.155329, 40.699236], [-74.155096, 40.6996], [-74.154861, 40.699981], [-74.15464, 40.700341], [-74.15442, 40.700716], [-74.154289, 40.700944], [-74.153407, 40.702584], [-74.152903, 40.703548], [-74.152651, 40.704013], [-74.152605, 40.704099], [-74.1522, 40.704811], [-74.151441, 40.706071], [-74.150778, 40.707179], [-74.150533, 40.707572], [-74.150305, 40.707911], [-74.150067, 40.708234], [-74.149819, 40.708538], [-74.149641, 40.708738], [-74.149402, 40.708989], [-74.149173, 40.709212], [-74.148956, 40.709407], [-74.148713, 40.709609], [-74.148468, 40.709803], [-74.148208, 40.709998], [-74.147941, 40.710187], [-74.147677, 40.710363], [-74.147402, 40.710537], [-74.147103, 40.710712], [-74.146821, 40.71087], [-74.14652, 40.71103], [-74.146223, 40.711179], [-74.145913, 40.711322], [-74.145593, 40.711461], [-74.145276, 40.711592], [-74.144958, 40.711715], [-74.144532, 40.711878], [-74.142791, 40.712538], [-74.141396, 40.713079], [-74.140721, 40.71335], [-74.140561, 40.713416], [-74.140407, 40.713484], [-74.140243, 40.713558], [-74.140096, 40.713627], [-74.139954, 40.713695], [-74.139805, 40.713767], [-74.139661, 40.71384], [-74.139517, 40.713914], [-74.139369, 40.71399], [-74.139219, 40.71407], [-74.139074, 40.714147], [-74.138631, 40.714397]]}, "properties": {"name": "New Jersey Turnpike", "kind": "Turnpike", "source": "OpenStreetMap / OSRM driving geometry; bus suitability not certified", "ref": "I 95; NJTP", "concept": "c3", "variant": "optional_both"}}, {"type": "Feature", "geometry": {"type": "LineString", "coordinates": [[-74.138631, 40.714397], [-74.13821, 40.714598], [-74.138062, 40.714683], [-74.137937, 40.714757], [-74.137926, 40.714763], [-74.137792, 40.714845], [-74.137657, 40.71493], [-74.13756, 40.714993], [-74.13744, 40.71507], [-74.137295, 40.715164], [-74.137172, 40.715247], [-74.137108, 40.715291], [-74.137019, 40.715353], [-74.136899, 40.715439], [-74.136768, 40.715533], [-74.136645, 40.715623], [-74.136521, 40.715718], [-74.136397, 40.715814], [-74.136277, 40.715913], [-74.136156, 40.716016], [-74.136045, 40.716115], [-74.135931, 40.716222], [-74.13582, 40.716332], [-74.135715, 40.716441], [-74.135617, 40.716543], [-74.135517, 40.716653], [-74.13542, 40.716767], [-74.135328, 40.71688], [-74.135235, 40.716999], [-74.135148, 40.717113], [-74.135063, 40.717232], [-74.134983, 40.717354], [-74.134907, 40.717476], [-74.134835, 40.717602], [-74.134766, 40.717731], [-74.134703, 40.717856], [-74.134642, 40.717988], [-74.134583, 40.718117], [-74.134529, 40.718246], [-74.134476, 40.718381], [-74.13443, 40.718509], [-74.134387, 40.718642], [-74.134345, 40.71878], [-74.134308, 40.718914], [-74.134275, 40.719046], [-74.134244, 40.719174], [-74.134211, 40.719314], [-74.134181, 40.719449], [-74.134054, 40.719987], [-74.134023, 40.720121], [-74.13399, 40.720249], [-74.133956, 40.720383], [-74.133923, 40.720509], [-74.13387, 40.720712], [-74.133812, 40.720916], [-74.133772, 40.721049], [-74.133732, 40.721182], [-74.133691, 40.72132], [-74.133649, 40.72145], [-74.133603, 40.721584], [-74.133559, 40.721713], [-74.133513, 40.721844], [-74.133464, 40.721978], [-74.133418, 40.722105], [-74.13337, 40.722238], [-74.133324, 40.722368], [-74.133275, 40.722499], [-74.133226, 40.722631], [-74.133176, 40.722765], [-74.133126, 40.722901], [-74.133031, 40.723314], [-74.132979, 40.72344], [-74.132923, 40.72357], [-74.132865, 40.7237], [-74.132807, 40.723828], [-74.132744, 40.723957], [-74.132677, 40.72409], [-74.132614, 40.724212], [-74.132546, 40.724339], [-74.132474, 40.724464], [-74.132402, 40.724587], [-74.132325, 40.72471], [-74.132247, 40.724835], [-74.132175, 40.724946], [-74.13198, 40.725221], [-74.131841, 40.72541], [-74.131681, 40.725612], [-74.131531, 40.725795], [-74.131375, 40.725979], [-74.131166, 40.726212], [-74.131005, 40.726381], [-74.130853, 40.726532], [-74.130681, 40.7267], [-74.130514, 40.726851], [-74.130362, 40.726981], [-74.129959, 40.727307], [-74.129468, 40.727694], [-74.128875, 40.72815], [-74.128147, 40.728704], [-74.12756, 40.729149], [-74.126532, 40.729974], [-74.126344, 40.730134], [-74.126158, 40.730288], [-74.12598, 40.730448], [-74.125809, 40.730608], [-74.125652, 40.730763], [-74.125483, 40.730941], [-74.125334, 40.731106], [-74.125181, 40.731282], [-74.125045, 40.731449], [-74.124912, 40.731626], [-74.124785, 40.731804], [-74.124658, 40.731991], [-74.124587, 40.7321], [-74.124541, 40.732172], [-74.124429, 40.732364], [-74.124328, 40.732544], [-74.124225, 40.732738], [-74.12413, 40.73293], [-74.124042, 40.733127], [-74.123962, 40.733317], [-74.123885, 40.733512], [-74.123823, 40.733685], [-74.123765, 40.733864], [-74.123721, 40.734017], [-74.123679, 40.734174], [-74.123642, 40.734323], [-74.123611, 40.734465], [-74.123582, 40.734619], [-74.123553, 40.734786], [-74.123527, 40.734971], [-74.123508, 40.735158], [-74.123495, 40.735319], [-74.123483, 40.735479], [-74.123472, 40.735665], [-74.123464, 40.735815], [-74.123351, 40.738381], [-74.123341, 40.738562], [-74.123332, 40.738694], [-74.123321, 40.73884], [-74.123305, 40.739011], [-74.123282, 40.739187], [-74.123257, 40.739363], [-74.123224, 40.739538], [-74.123193, 40.739684], [-74.123158, 40.73984], [-74.123115, 40.740006], [-74.123064, 40.740183], [-74.123014, 40.740347], [-74.122957, 40.740527], [-74.122895, 40.740716], [-74.122834, 40.740893], [-74.121915, 40.743637], [-74.121859, 40.743795], [-74.121809, 40.74393], [-74.121755, 40.744068], [-74.121683, 40.744248], [-74.121606, 40.74443], [-74.121536, 40.744594], [-74.121464, 40.744748], [-74.121375, 40.74493], [-74.121294, 40.745091], [-74.121213, 40.74525], [-74.121107, 40.745445], [-74.121031, 40.745581], [-74.120958, 40.745705], [-74.120885, 40.745828], [-74.120806, 40.745959], [-74.12072, 40.746099], [-74.120634, 40.746235], [-74.120522, 40.7464], [-74.120411, 40.746563], [-74.120304, 40.746714], [-74.12018, 40.746884], [-74.120054, 40.747048], [-74.119933, 40.747206], [-74.119799, 40.747368], [-74.119666, 40.747529], [-74.119539, 40.747682], [-74.119395, 40.747844], [-74.11926, 40.747991], [-74.119121, 40.748141], [-74.11898, 40.748288], [-74.11883, 40.74844], [-74.11868, 40.748586], [-74.118526, 40.748735], [-74.118371, 40.748878], [-74.118223, 40.749014], [-74.118052, 40.749166], [-74.117894, 40.7493], [-74.117751, 40.749419], [-74.117585, 40.749553], [-74.117428, 40.749678], [-74.117255, 40.749813], [-74.1171, 40.749929], [-74.116945, 40.750043], [-74.116794, 40.750148], [-74.116629, 40.750266], [-74.116455, 40.750385], [-74.116285, 40.750497], [-74.116133, 40.750596], [-74.115963, 40.750703], [-74.115832, 40.750784], [-74.115718, 40.750852], [-74.115604, 40.75092], [-74.115449, 40.75101], [-74.115292, 40.751102], [-74.115137, 40.751189], [-74.114818, 40.751361], [-74.114494, 40.751534], [-74.114178, 40.751697], [-74.113857, 40.751864], [-74.113534, 40.75203], [-74.113211, 40.752195], [-74.112885, 40.752359], [-74.11256, 40.752519], [-74.112233, 40.752681], [-74.111921, 40.752835], [-74.11163, 40.752975], [-74.111444, 40.753066], [-74.111001, 40.753278], [-74.110683, 40.753425], [-74.110409, 40.753553], [-74.109964, 40.753756], [-74.109592, 40.753926], [-74.109521, 40.753958], [-74.109202, 40.754101], [-74.108838, 40.754263], [-74.108506, 40.754408], [-74.10814, 40.754568], [-74.1078, 40.754715], [-74.107466, 40.754857], [-74.107127, 40.754999], [-74.106953, 40.755072], [-74.10679, 40.755141], [-74.106611, 40.755215], [-74.106445, 40.755283], [-74.106272, 40.755354], [-74.106105, 40.755421], [-74.105927, 40.755492], [-74.105757, 40.755559], [-74.105664, 40.755595], [-74.105618, 40.755612], [-74.105479, 40.755663], [-74.105329, 40.755717], [-74.105155, 40.755778], [-74.104984, 40.755837], [-74.104818, 40.755892], [-74.104633, 40.755952], [-74.104465, 40.756005], [-74.104304, 40.756054], [-74.10414, 40.756102], [-74.103968, 40.756151], [-74.103793, 40.7562], [-74.10361, 40.756249], [-74.103442, 40.756292], [-74.103261, 40.756339], [-74.103086, 40.756381], [-74.10292, 40.756421], [-74.102747, 40.75646], [-74.102569, 40.756498], [-74.102402, 40.756533], [-74.102229, 40.756568], [-74.102055, 40.756602], [-74.101881, 40.756634], [-74.101698, 40.756666], [-74.101514, 40.756697], [-74.10134, 40.756725], [-74.101167, 40.756751], [-74.100985, 40.756777], [-74.100809, 40.756802], [-74.100651, 40.756822], [-74.100478, 40.756843], [-74.100291, 40.756865], [-74.100111, 40.756884], [-74.099931, 40.756902], [-74.099739, 40.756919], [-74.099559, 40.756934], [-74.099388, 40.756947], [-74.099203, 40.756959], [-74.099027, 40.75697], [-74.098842, 40.75698], [-74.098667, 40.756987], [-74.098477, 40.756994], [-74.098304, 40.756998], [-74.098118, 40.757002], [-74.097932, 40.757006], [-74.09774, 40.757008], [-74.090532, 40.757109], [-74.090336, 40.757112], [-74.090155, 40.757116], [-74.089956, 40.757123], [-74.089786, 40.757131], [-74.089595, 40.757141], [-74.089434, 40.75715], [-74.089262, 40.757163], [-74.08908, 40.757178], [-74.088906, 40.757192], [-74.088725, 40.75721], [-74.088543, 40.757231], [-74.08836, 40.757253], [-74.088183, 40.757276], [-74.088007, 40.757301], [-74.087819, 40.75733], [-74.087655, 40.757356], [-74.087485, 40.757384], [-74.087293, 40.757418], [-74.087122, 40.75745], [-74.086948, 40.757485], [-74.086771, 40.757521], [-74.0866, 40.757559], [-74.086436, 40.757596], [-74.086258, 40.757639], [-74.08609, 40.757681], [-74.08591, 40.757728], [-74.085781, 40.757764], [-74.085558, 40.757828], [-74.085393, 40.757876], [-74.085225, 40.757928], [-74.085056, 40.757982], [-74.084881, 40.758039], [-74.084718, 40.758094], [-74.084553, 40.758152], [-74.08439, 40.758212], [-74.084227, 40.758273], [-74.084066, 40.758334], [-74.083906, 40.758398], [-74.083744, 40.758464], [-74.08359, 40.758531], [-74.083436, 40.758598], [-74.083276, 40.758669], [-74.083119, 40.758742], [-74.082968, 40.758814], [-74.082512, 40.75903], [-74.08235, 40.759107], [-74.082198, 40.75918], [-74.082054, 40.759248], [-74.08189, 40.759326], [-74.081741, 40.759397], [-74.081591, 40.759471], [-74.081438, 40.759544], [-74.081288, 40.759617]]}, "properties": {"name": "New Jersey Turnpike Eastern Spur", "kind": "Turnpike", "source": "OpenStreetMap / OSRM driving geometry; bus suitability not certified", "ref": "I 95; NJTP", "concept": "c3", "variant": "optional_both"}}, {"type": "Feature", "geometry": {"type": "LineString", "coordinates": [[-74.081288, 40.759617], [-74.080764, 40.759787], [-74.080374, 40.759975], [-74.080295, 40.760008], [-74.080222, 40.760037], [-74.080153, 40.760062], [-74.080059, 40.760095], [-74.079952, 40.760126], [-74.07985, 40.760153], [-74.079748, 40.760179], [-74.079407, 40.760266], [-74.079231, 40.760312], [-74.079047, 40.760364], [-74.078893, 40.76041], [-74.078758, 40.760454], [-74.078649, 40.760496], [-74.078531, 40.760544], [-74.078419, 40.760594], [-74.078284, 40.760662], [-74.078154, 40.760732], [-74.078028, 40.760804], [-74.077722, 40.760965], [-74.077646, 40.761001], [-74.077567, 40.761033], [-74.077487, 40.761062], [-74.077395, 40.76109], [-74.077304, 40.761113], [-74.077223, 40.761125], [-74.077143, 40.761134], [-74.077068, 40.761134], [-74.076986, 40.761131], [-74.076907, 40.761121], [-74.076833, 40.761105], [-74.076762, 40.761085], [-74.076702, 40.761061], [-74.076643, 40.761031], [-74.076587, 40.760992], [-74.076529, 40.760948], [-74.076458, 40.760895], [-74.076395, 40.760841], [-74.07634, 40.760788], [-74.076293, 40.760741], [-74.076228, 40.760671], [-74.076169, 40.760599], [-74.076096, 40.760512], [-74.075573, 40.759871], [-74.075385, 40.759655], [-74.075272, 40.75949], [-74.075097, 40.759232], [-74.074986, 40.759064], [-74.074877, 40.758881], [-74.074676, 40.758535], [-74.074479, 40.758175], [-74.074399, 40.758022], [-74.074314, 40.757851], [-74.074245, 40.757702], [-74.074183, 40.757571], [-74.074161, 40.75752], [-74.07413, 40.757458], [-74.074085, 40.757359], [-74.07405, 40.757284], [-74.074032, 40.757249], [-74.074011, 40.757209], [-74.073991, 40.75717], [-74.07397, 40.757133], [-74.073846, 40.756916], [-74.073818, 40.756867], [-74.073789, 40.756817], [-74.073641, 40.756558], [-74.073521, 40.756351], [-74.073442, 40.756225], [-74.073332, 40.756055], [-74.073238, 40.755909], [-74.073156, 40.755774], [-74.073076, 40.755638], [-74.072984, 40.755469], [-74.072322, 40.754272], [-74.070859, 40.751632], [-74.070793, 40.751514], [-74.070757, 40.751451], [-74.070718, 40.751386], [-74.070677, 40.751323], [-74.070634, 40.751263], [-74.070589, 40.751203], [-74.070543, 40.751145], [-74.070496, 40.751089], [-74.070449, 40.751033], [-74.070395, 40.750975], [-74.070342, 40.750919], [-74.070288, 40.750866], [-74.070229, 40.750812], [-74.070166, 40.750756], [-74.070098, 40.750699], [-74.070047, 40.750659], [-74.069991, 40.750617], [-74.069924, 40.750568], [-74.069854, 40.75052], [-74.069785, 40.750474], [-74.069716, 40.750432], [-74.069645, 40.750392], [-74.069573, 40.750354], [-74.069496, 40.750319], [-74.069413, 40.750284], [-74.069331, 40.750253], [-74.069251, 40.750228], [-74.069166, 40.750205], [-74.069079, 40.750188], [-74.068987, 40.750175], [-74.068895, 40.750168], [-74.068807, 40.750169], [-74.068719, 40.750176], [-74.068633, 40.750189], [-74.068552, 40.750207], [-74.068472, 40.75023], [-74.068396, 40.750257], [-74.068312, 40.750296], [-74.068235, 40.750341], [-74.068168, 40.750387], [-74.068108, 40.750438], [-74.068054, 40.750493], [-74.068004, 40.750559], [-74.067966, 40.750618], [-74.067936, 40.750681], [-74.067913, 40.750743], [-74.067896, 40.750809], [-74.067888, 40.750878], [-74.06789, 40.750948], [-74.0679, 40.75102], [-74.067921, 40.751095], [-74.067944, 40.751154], [-74.067974, 40.751215], [-74.068009, 40.751276], [-74.068051, 40.751337], [-74.068094, 40.751395], [-74.068143, 40.751454], [-74.068193, 40.751506], [-74.068251, 40.751563], [-74.068303, 40.75161], [-74.0692, 40.752383], [-74.069257, 40.752434], [-74.069312, 40.752485], [-74.069368, 40.752541], [-74.069421, 40.752597], [-74.069471, 40.752651], [-74.069518, 40.752707], [-74.069569, 40.752769], [-74.069614, 40.752828], [-74.069657, 40.752889], [-74.069697, 40.752946], [-74.069766, 40.753055], [-74.069777, 40.753074], [-74.069812, 40.753138], [-74.069848, 40.753206], [-74.069878, 40.753267], [-74.069905, 40.753328], [-74.06993, 40.753395], [-74.069953, 40.753458], [-74.069975, 40.753525], [-74.069996, 40.753591], [-74.070039, 40.753727], [-74.071877, 40.759739], [-74.072072, 40.760416], [-74.072148, 40.76069], [-74.072379, 40.761525], [-74.072434, 40.761716], [-74.07262, 40.762344]]}, "properties": {"name": "Ramp / connecting roadway", "kind": "Road connector", "source": "OpenStreetMap / OSRM driving geometry; bus suitability not certified", "ref": "", "concept": "c3", "variant": "optional_both"}}, {"type": "Feature", "geometry": {"type": "LineString", "coordinates": [[-74.07262, 40.762344], [-74.072602, 40.762336]]}, "properties": {"name": "GTFS shape join (under 35 m)", "kind": "Shape join", "source": "Short geometry alignment join; operational review required", "concept": "c3", "variant": "optional_both"}}, {"type": "Feature", "geometry": {"type": "LineString", "coordinates": [[-74.072602, 40.762336], [-74.072783, 40.762286], [-74.073164, 40.762166], [-74.073892, 40.761856]]}, "properties": {"name": "Secaucus Junction approach (NJ TRANSIT 124)", "kind": "GTFS", "feed": "njt", "routes": ["124"], "shape_id": "375", "start_vertex": 465, "end_vertex": 468, "concept": "c3", "variant": "optional_both"}}, {"type": "Feature", "geometry": {"type": "Point", "coordinates": [-74.46613, 40.51455]}, "properties": {"id": "stadium", "name": "SHI Stadium / Stadium West Lot", "note": "Existing Rutgers GTFS stop used as a draft centralized pickup. Campus access, staging, parking and event-day conflicts require Rutgers review."}}, {"type": "Feature", "geometry": {"type": "Point", "coordinates": [-74.44456, 40.49769]}, "properties": {"id": "helix", "name": "Albany @ George bus stop (HELIX access)", "note": "Requested Albany / George right-side stop for HELIX access, referenced to NJ TRANSIT stop 15562. Continue via Albany Street and Burnet Street ramp to Route 18 south; no HELIX building loop. Exact curb position and permission require review."}}, {"type": "Feature", "geometry": {"type": "Point", "coordinates": [-74.49893791, 40.34881136]}, "properties": {"id": "8a", "name": "South Brunswick 8A P&R \u2022 2501 US-130", "note": "Existing South Brunswick 8A P&R at 2501 US-130. Concept 2 starts here; Concept 3 may make an optional pickup here after entering the Turnpike at Exit 8."}}, {"type": "Feature", "geometry": {"type": "Point", "coordinates": [-74.073892, 40.761856]}, "properties": {"id": "secaucus", "name": "Secaucus Junction rail station", "note": "Destination confirmed by user. Representative bus-plaza arrival on NJ TRANSIT 124 geometry; bay allocation, layover and access permission remain to be agreed."}}, {"type": "Feature", "geometry": {"type": "Point", "coordinates": [-74.416034, 40.489056]}, "properties": {"id": "amc", "name": "Proposed Mary Ellis Burial Site P&R / Mary Ellis vicinity", "note": "Illustrative pickup on the mapped rear service road, outside the Mary Ellis burial plot. Not an existing or approved P&R. Final bay, coach circulation, parking area, owner agreement and cemetery protection require study."}}, {"type": "Feature", "geometry": {"type": "Point", "coordinates": [-74.4893161, 40.3212089]}, "properties": {"id": "molly", "name": "Proposed Molly Pitcher Service Area P&R", "note": "Molly Pitcher is a southbound service area. This concept assumes authorization to open the gated rear service-road connection to Half Acre Road; it is not existing public access. Buses use local roads and enter the Turnpike northbound at Exit 8. P&R use, coach access, gate/security changes and parking capacity are unapproved. The point is an illustrative pickup near the rear access, not an approved boarding bay."}}, {"type": "Feature", "geometry": {"type": "Polygon", "coordinates": [[[-74.4165349, 40.4891554], [-74.4166279, 40.4891617], [-74.4166206, 40.4892234], [-74.4165276, 40.489217], [-74.4165349, 40.4891554]]]}, "properties": {"landuse": "cemetery", "name": "Mary Ellis Burial Site", "wikidata": "Q14705734", "wikimedia_commons": "File:Mary Ellis Burial Site, New Brunswick, NJ.jpg", "wikipedia": "en:Mary Ellis grave", "osm_way_id": 482420577}}, {"type": "Feature", "geometry": {"type": "Polygon", "coordinates": [[[-74.4151832, 40.4897189], [-74.4150571, 40.489638], [-74.4150463, 40.4896461], [-74.4145891, 40.4893506], [-74.4147655, 40.4891937], [-74.4148411, 40.4892428], [-74.4149603, 40.4891363], [-74.4149532, 40.4891269], [-74.4149497, 40.489116], [-74.4149531, 40.4891069], [-74.414958, 40.4890995], [-74.4150582, 40.4890075], [-74.415057, 40.4889947], [-74.4150602, 40.4889818], [-74.415066, 40.4889702], [-74.415073, 40.4889564], [-74.4150901, 40.4889412], [-74.4151095, 40.4889293], [-74.4151268, 40.4889213], [-74.415143, 40.4889165], [-74.4151607, 40.4889158], [-74.4152653, 40.4888229], [-74.4152737, 40.4888193], [-74.4152836, 40.4888179], [-74.4152994, 40.4888188], [-74.4153107, 40.4888219], [-74.4154433, 40.488703], [-74.4154697, 40.488718], [-74.4156748, 40.4885362], [-74.4156373, 40.4885124], [-74.4157378, 40.488422], [-74.4162213, 40.4887366], [-74.4161238, 40.4888248], [-74.4160851, 40.4888013], [-74.4158781, 40.4889888], [-74.4159018, 40.4890027], [-74.4156629, 40.4892195], [-74.4156837, 40.4892321], [-74.4156727, 40.4892428], [-74.4156727, 40.4892585], [-74.4156702, 40.4892736], [-74.4156633, 40.4892881], [-74.4156527, 40.4893033], [-74.4156451, 40.48931], [-74.4156369, 40.4893172], [-74.4156188, 40.489328], [-74.4156016, 40.4893345], [-74.4155827, 40.4893376], [-74.415566, 40.4893384], [-74.4155305, 40.489372], [-74.4155083, 40.4893587], [-74.415278, 40.4895636], [-74.4153248, 40.489594], [-74.4151832, 40.4897189]]]}, "properties": {"addr:city": "New Brunswick", "addr:housenumber": "220", "addr:postcode": "08901", "addr:state": "NJ", "addr:street": "US 1", "amenity": "cinema", "brand": "Mary Ellis Burial Site", "brand:wikidata": "Q294721", "building": "yes", "name": "Existing building", "source": "Bing", "website": "https://www.amctheatres.com/movie-theatres/new-brunswick/amc-loews-new-brunswick-18", "wikidata": "Q7371393", "osm_way_id": 204706677}}]}